{
"type": "FeatureCollection",
"name": "ecoregions",
"crs": { "type": "name", "properties": { "name": "urn:ogc:def:crs:OGC:1.3:CRS84" } },
"features": [
{ "type": "Feature", "properties": { "derived_name": "MAR", "base_ecoregion": "MAR", "area_km2": 7190.9, "elev_mean_m": 2175.0, "annual_precip_mm": 1304.0, "color": "#4A90A4", "pct_of_uganda": 3.0 }, "geometry": { "type": "MultiPolygon", "coordinates": [ [ [ [ 29.818734926163838, -1.30962900869598 ], [ 29.817817911395522, -1.324984337680504 ], [ 29.80794294355556, -1.326778170190293 ], [ 29.795353270791548, -1.345731151952719 ], [ 29.794426004421492, -1.368312492750122 ], [ 29.773790641199561, -1.362864921552374 ], [ 29.771108971584436, -1.354731764126434 ], [ 29.760354722938278, -1.342974762911715 ], [ 29.746898674199599, -1.338440457532264 ], [ 29.726258503999436, -1.337509548197948 ], [ 29.710996091665034, -1.342005129576705 ], [ 29.709193969400637, -1.347422044334197 ], [ 29.689436013563718, -1.358233572475575 ], [ 29.682233138809327, -1.375384446749173 ], [ 29.675047576268227, -1.37989034606833 ], [ 29.64363745396156, -1.38074907472634 ], [ 29.63914292169633, -1.38616164611995 ], [ 29.590685642929646, -1.386091863329197 ], [ 29.606030964587955, -1.321088670401938 ], [ 29.606044410174551, -1.311154250755173 ], [ 29.59709307928463, -1.294885805874088 ], [ 29.592644757554961, -1.265980000681255 ], [ 29.595356569108116, -1.250630533740255 ], [ 29.605238388339451, -1.241612126912961 ], [ 29.603466708787998, -1.223547260274766 ], [ 29.607061539891184, -1.219036182781608 ], [ 29.583753767195567, -1.201847397226322 ], [ 29.583760492890068, -1.196428744234042 ], [ 29.573003480776681, -1.188287326585146 ], [ 29.580193676861249, -1.178362128640444 ], [ 29.578415627755646, -1.164813349229883 ], [ 29.58560446466624, -1.155791013166195 ], [ 29.57576687199332, -1.128685992034607 ], [ 29.580263563961765, -1.119660250887988 ], [ 29.578481615944913, -1.10882088882622 ], [ 29.582074679769264, -1.105212634943463 ], [ 29.589305053125393, -1.058258980088584 ], [ 29.583063405363028, -1.02212764951041 ], [ 29.584881437970044, -0.999551797046812 ], [ 29.589375828086748, -0.991428456466264 ], [ 29.586695265300772, -0.980588306727388 ], [ 29.595660895867269, -0.98691936291639 ], [ 29.595653514420658, -0.99414433366692 ], [ 29.599244219002898, -0.992341810871514 ], [ 29.604612666994342, -1.006797459240312 ], [ 29.614471873687027, -1.016742329440723 ], [ 29.627033261216731, -1.016755577898085 ], [ 29.635113195658718, -1.012248277678025 ], [ 29.633324269157917, -1.006827461332729 ], [ 29.637809607495168, -1.007735287049124 ], [ 29.633354423349729, -0.977023289859048 ], [ 29.641436799823659, -0.969806118905384 ], [ 29.641442132297719, -0.964387132515201 ], [ 29.652211803608012, -0.961688297321071 ], [ 29.647720224687646, -0.967102882150559 ], [ 29.651303022415455, -0.973428666909525 ], [ 29.661174693779294, -0.971632163069009 ], [ 29.660272977121505, -0.976147178698504 ], [ 29.665656597325935, -0.976152561893433 ], [ 29.662971887700252, -0.968924396534104 ], [ 29.665662811385619, -0.969830253996973 ], [ 29.672841887030415, -0.96893417823781 ], [ 29.67194813308403, -0.965320519460114 ], [ 29.667459121800796, -0.968025657809306 ], [ 29.670157095431421, -0.961705985076049 ], [ 29.663874448317177, -0.963506175621715 ], [ 29.662084304610637, -0.958988486494868 ], [ 29.670158846269388, -0.959899602948746 ], [ 29.669265067044648, -0.956285961458732 ], [ 29.676444127508084, -0.955389775330068 ], [ 29.676439773013193, -0.959905759716363 ], [ 29.680925301725463, -0.960813351315079 ], [ 29.679127239580016, -0.96442439143455 ], [ 29.682715497393247, -0.965331120690335 ], [ 29.690798931997531, -0.957210158649877 ], [ 29.69260385116263, -0.946373361956418 ], [ 29.700679488750549, -0.946381111573001 ], [ 29.698890860815126, -0.940056868077663 ], [ 29.704275483804, -0.939158769818373 ], [ 29.703384096249863, -0.932835365151359 ], [ 29.715948827547027, -0.930137501289377 ], [ 29.724918591870239, -0.933758868832995 ], [ 29.73929142708533, -0.916610482718931 ], [ 29.758131334971999, -0.921144078048027 ], [ 29.759035997149173, -0.91301545012816 ], [ 29.774296529592277, -0.906706271526572 ], [ 29.773387891404177, -0.91935145802707 ], [ 29.781465738710406, -0.917552217784803 ], [ 29.78505114707032, -0.922071947384897 ], [ 29.787745677379313, -0.919364502147299 ], [ 29.793127475750545, -0.922079286928909 ], [ 29.792235748827714, -0.915755358778039 ], [ 29.795821214929635, -0.920275119129788 ], [ 29.799417145157356, -0.913051899522519 ], [ 29.797624789996728, -0.910340368921028 ], [ 29.802111672263351, -0.910344381064231 ], [ 29.797630354603179, -0.904017221390203 ], [ 29.80211880965787, -0.902214584070231 ], [ 29.803911193423581, -0.904926110190273 ], [ 29.803914352761367, -0.901312860644253 ], [ 29.81019915722592, -0.897705137598618 ], [ 29.814686079302145, -0.897709078528884 ], [ 29.813784770073326, -0.902224896485224 ], [ 29.81737432316601, -0.902228061984925 ], [ 29.820060190504709, -0.909457046987576 ], [ 29.8245511116716, -0.904944374178281 ], [ 29.823658420405579, -0.899523603528351 ], [ 29.809314985348269, -0.882347955850527 ], [ 29.813801115305075, -0.883255151679255 ], [ 29.81290680843129, -0.87964109459403 ], [ 29.817391418873395, -0.882354926205146 ], [ 29.81829187083936, -0.878742398755471 ], [ 29.822776510047806, -0.881456234173646 ], [ 29.823676958205532, -0.877843685623078 ], [ 29.814710714682942, -0.868802773648186 ], [ 29.807530944770424, -0.869699984418397 ], [ 29.802153535860487, -0.861565592865743 ], [ 29.81113248593007, -0.855249938267914 ], [ 29.80485387778316, -0.85163142073085 ], [ 29.800365560843016, -0.853434289516973 ], [ 29.799471181289416, -0.849820302478483 ], [ 29.791390467638188, -0.855233360481715 ], [ 29.789600997320679, -0.848908748931266 ], [ 29.780629003953045, -0.847094647802374 ], [ 29.789605457458698, -0.843488949231818 ], [ 29.795882485747025, -0.848913998573005 ], [ 29.795885456547872, -0.845300776445767 ], [ 29.802168455751286, -0.843499371300672 ], [ 29.805754216142255, -0.848018913041813 ], [ 29.807554117475409, -0.841697193638916 ], [ 29.812039491733874, -0.843507531520664 ], [ 29.81381484895897, -0.866995368632193 ], [ 29.818298724495495, -0.870612471553534 ], [ 29.823685303499335, -0.867907055607754 ], [ 29.829963258529602, -0.872429043465401 ], [ 29.831767813814572, -0.860687183773295 ], [ 29.835358879143435, -0.858883505850434 ], [ 29.836250301320277, -0.866110983255808 ], [ 29.841636196965201, -0.864308816438652 ], [ 29.844326163778312, -0.867021115734265 ], [ 29.846123216441224, -0.864312573386732 ], [ 29.847016884402269, -0.86883007670211 ], [ 29.851504680722911, -0.867930492445865 ], [ 29.851500932175131, -0.872447264513082 ], [ 29.854195422523023, -0.869739463170842 ], [ 29.859578424923043, -0.871550704063428 ], [ 29.863165109373764, -0.875167176272853 ], [ 29.861367251813661, -0.878779115403054 ], [ 29.866751046834629, -0.879687037587321 ], [ 29.865847559531701, -0.886913213051542 ], [ 29.872132606947279, -0.883305078260041 ], [ 29.87302014926702, -0.895049688820319 ], [ 29.864935535343221, -0.904076401267353 ], [ 29.87839477750931, -0.906798219871034 ], [ 29.878400949517847, -0.899571198793064 ], [ 29.881094046935576, -0.898670138294412 ], [ 29.883781000131325, -0.904996129561124 ], [ 29.897239729152201, -0.908621332304514 ], [ 29.90261832079042, -0.915853175495491 ], [ 29.907105665122778, -0.915857079628883 ], [ 29.905296640520913, -0.932116731636972 ], [ 29.90798985221657, -0.931215711351916 ], [ 29.909780065998078, -0.93663772420179 ], [ 29.912477238697473, -0.931219674084583 ], [ 29.907993782236787, -0.926698696341724 ], [ 29.913383324139058, -0.921282981999368 ], [ 29.922351905501365, -0.928518126072548 ], [ 29.934020856121343, -0.926721489267734 ], [ 29.939401957511553, -0.93124333008413 ], [ 29.93851144673663, -0.923111683434763 ], [ 29.945687597494285, -0.92763507961905 ], [ 29.950183609385302, -0.917701150410702 ], [ 29.946601214814539, -0.908663704993092 ], [ 29.969932756109369, -0.913200778458153 ], [ 29.970825724215434, -0.918622278968953 ], [ 29.979793384042729, -0.927664571642705 ], [ 29.977089965962456, -0.940310717292505 ], [ 29.994146370782627, -0.936711648987394 ], [ 29.992348184172673, -0.940323994553066 ], [ 29.995038510180329, -0.943036760235189 ], [ 29.988754890411403, -0.94393476165125 ], [ 29.994137071218404, -0.947553358317536 ], [ 29.988749427306576, -0.9502590604352 ], [ 29.995925135797126, -0.955686221942603 ], [ 29.99143736759169, -0.955682264840438 ], [ 29.990535871618537, -0.960198836157111 ], [ 29.986048911457079, -0.959291384321679 ], [ 29.984245862425301, -0.9683244650453 ], [ 29.988728013449002, -0.974652781826705 ], [ 29.9923190392729, -0.973752539640922 ], [ 29.992314217101509, -0.979173384084903 ], [ 30.007577619799967, -0.973766219673032 ], [ 30.004887304590547, -0.971053356912271 ], [ 30.006691931765719, -0.960213125656862 ], [ 29.998617020320907, -0.956592072811289 ], [ 30.002211953275335, -0.951174339821992 ], [ 30.011186028174915, -0.952989162423973 ], [ 30.000420730272559, -0.946655363600953 ], [ 30.004011739506304, -0.945755006518428 ], [ 30.002220491755246, -0.941236032561311 ], [ 30.007607387036007, -0.939433717883766 ], [ 30.013889563880461, -0.940342624957957 ], [ 30.016575326921185, -0.948476393973812 ], [ 30.025544092265541, -0.956615692949338 ], [ 30.016557321322637, -0.969256763181789 ], [ 30.026418788943872, -0.98281804633583 ], [ 30.036286700898444, -0.989151460081237 ], [ 30.045262712721783, -0.989159523235183 ], [ 30.046178515131199, -0.968379400892076 ], [ 30.05874029763406, -0.973811582076137 ], [ 30.061426058547763, -0.981945727452167 ], [ 30.066810189940352, -0.98375756305854 ], [ 30.062304519711059, -1.003631282803749 ], [ 30.079372222383132, -0.989189940949442 ], [ 30.077583264670629, -0.981959995696021 ], [ 30.072199075296901, -0.980148168733991 ], [ 30.073101397372493, -0.974727715831725 ], [ 30.078486372016155, -0.975635971736816 ], [ 30.080272223105165, -0.98648009774901 ], [ 30.090148577190167, -0.983778147653552 ], [ 30.092846182545468, -0.978359173253123 ], [ 30.098231260474865, -0.979267430730957 ], [ 30.100021094035686, -0.985593931710363 ], [ 30.08834542445469, -0.992812098385056 ], [ 30.091930444352016, -0.999140171408082 ], [ 30.089230319783756, -1.007269750341608 ], [ 30.082949229516299, -1.004553445619745 ], [ 30.074864047053534, -1.011774505250468 ], [ 30.073961538361583, -1.017194936135943 ], [ 30.082039476584931, -1.018105852462444 ], [ 30.082032130340988, -1.026237780347476 ], [ 30.085620256340444, -1.028951729107784 ], [ 30.079328475049969, -1.037981393434568 ], [ 30.089200967986731, -1.039797670512915 ], [ 30.095474595872439, -1.050646199556625 ], [ 30.100858914621053, -1.052458363714471 ], [ 30.1044412135271, -1.061497377752608 ], [ 30.108036937809594, -1.056079352701314 ], [ 30.116117698252779, -1.054279764420614 ], [ 30.118807410296903, -1.057896583531158 ], [ 30.116102605410795, -1.070544109475071 ], [ 30.121496286992958, -1.062416996447532 ], [ 30.127778438394706, -1.064230055070119 ], [ 30.122400644443413, -1.055189200585153 ], [ 30.12689651745897, -1.047061128898464 ], [ 30.13228264861133, -1.047066096412437 ], [ 30.132277705359726, -1.052487622586247 ], [ 30.136765350142586, -1.053395367728591 ], [ 30.134944862369874, -1.080501397226674 ], [ 30.143022521773169, -1.082316253379911 ], [ 30.140317469169336, -1.094964010776583 ], [ 30.144806032666782, -1.094968320183913 ], [ 30.143904030379616, -1.099485442054043 ], [ 30.152872614395115, -1.108530115782742 ], [ 30.170825534211605, -1.110354684930727 ], [ 30.170817768330956, -1.118487244743877 ], [ 30.164531854846025, -1.120288361701951 ], [ 30.162728523655026, -1.12841911313234 ], [ 30.152854320207815, -1.127505791367389 ], [ 30.150155842582969, -1.132924745547021 ], [ 30.14207541328723, -1.133820324718219 ], [ 30.142065615559996, -1.143759868964384 ], [ 30.155531602207471, -1.143773343840153 ], [ 30.16630981514788, -1.138362393793204 ], [ 30.167204024200934, -1.141977741278765 ], [ 30.175281117652506, -1.144696613316001 ], [ 30.178874785291221, -1.141989302247238 ], [ 30.176189436899364, -1.133854042212356 ], [ 30.192349064174415, -1.133869872794554 ], [ 30.195039742893563, -1.136583412071311 ], [ 30.198636029375123, -1.131165086591443 ], [ 30.199516319223761, -1.149238759454533 ], [ 30.187839112115345, -1.1555526258309 ], [ 30.187817567188741, -1.177239763449033 ], [ 30.192296450297384, -1.187184294954996 ], [ 30.205755030851023, -1.195330835747562 ], [ 30.196776216772371, -1.196225257738283 ], [ 30.186908867827512, -1.188082410325155 ], [ 30.186008343847593, -1.190792377012116 ], [ 30.194081021775798, -1.198029756052704 ], [ 30.193175852465373, -1.205257907287797 ], [ 30.208441085302837, -1.202562766995634 ], [ 30.199448308196224, -1.217011736613268 ], [ 30.199443635506839, -1.221529933755544 ], [ 30.203932628500873, -1.221534641809449 ], [ 30.203923246151799, -1.230571070420604 ], [ 30.190453432360705, -1.233267716035562 ], [ 30.193137308290545, -1.242306922085836 ], [ 30.189537489839413, -1.250435761291899 ], [ 30.179663672878846, -1.248617846277109 ], [ 30.176986603226542, -1.233253364795508 ], [ 30.174295162319886, -1.231443246905952 ], [ 30.172473617810489, -1.255839021233614 ], [ 30.180556637705795, -1.253136938648157 ], [ 30.181449588854043, -1.257656037555412 ], [ 30.185044644976937, -1.254045429055705 ], [ 30.195815364539886, -1.256767984849314 ], [ 30.199393039619963, -1.269422812860897 ], [ 30.196698629346699, -1.270323510431411 ], [ 30.196690810061039, -1.277552605747032 ], [ 30.188610514333277, -1.277543714099504 ], [ 30.185927876154448, -1.267600830687066 ], [ 30.174256509210554, -1.267588030284128 ], [ 30.167968040375143, -1.271195573883525 ], [ 30.172426163343331, -1.299212683201129 ], [ 30.166138536732777, -1.30191643026902 ], [ 30.160738546766634, -1.31365723775426 ], [ 30.163422738432658, -1.321792813803548 ], [ 30.16161579531224, -1.331730447605385 ], [ 30.166989159307363, -1.343483661236935 ], [ 30.152618978798099, -1.347984853270705 ], [ 30.143642021783982, -1.34707066917701 ], [ 30.135548087180442, -1.358807764527172 ], [ 30.126566962485537, -1.361507769586844 ], [ 30.122954228352292, -1.379575019009838 ], [ 30.118462005641625, -1.38228027159194 ], [ 30.103216030962024, -1.368708136443423 ], [ 30.097823960418481, -1.373219367485996 ], [ 30.087050766264337, -1.373206169859038 ], [ 30.08436186129649, -1.369588674369554 ], [ 30.074482171005517, -1.373190711036976 ], [ 30.069089051535212, -1.37860527375684 ], [ 30.069076843265091, -1.388544154790203 ], [ 30.051109554714351, -1.398460385298422 ], [ 30.051968512798531, -1.429181217029191 ], [ 30.041200130786464, -1.425553219146275 ], [ 30.034925167312576, -1.418317026538884 ], [ 30.024155841300121, -1.415592608219173 ], [ 30.020571852252097, -1.410166996157191 ], [ 30.016082100170795, -1.411064696360084 ], [ 30.007085196168454, -1.426412299984177 ], [ 30.000797679268317, -1.429114494472061 ], [ 29.994493615918049, -1.444465259782237 ], [ 29.984615231174271, -1.447162478078537 ], [ 29.977422798393118, -1.455283977029809 ], [ 29.957669858971265, -1.457967560844631 ], [ 29.934317948012321, -1.466969893883723 ], [ 29.924429970904864, -1.476893794408492 ], [ 29.912759105318301, -1.477780902748496 ], [ 29.901119471007554, -1.456083091291299 ], [ 29.895736119129968, -1.454268849889553 ], [ 29.892154227384225, -1.447940171619862 ], [ 29.889493131961256, -1.424448473636328 ], [ 29.885008694212619, -1.421732227293871 ], [ 29.885924395496989, -1.408182733972051 ], [ 29.882341164477385, -1.402757632791207 ], [ 29.879713075377737, -1.353068350795854 ], [ 29.869840878187162, -1.352152171517737 ], [ 29.86085820118296, -1.357560654792857 ], [ 29.857272601721807, -1.35394253111869 ], [ 29.857283050519555, -1.345812322481846 ], [ 29.85100362511907, -1.343094106449716 ], [ 29.850115309149594, -1.335866138652121 ], [ 29.840248069964197, -1.331336661217209 ], [ 29.841163924674603, -1.316884337839189 ], [ 29.824124567405999, -1.306022576968084 ], [ 29.818734926163838, -1.30962900869598 ] ], [ [ 30.186011091952249, -1.188081489515445 ], [ 30.185115145942596, -1.186273311450074 ], [ 30.1851133167734, -1.188080568412858 ], [ 30.186011091952249, -1.188081489515445 ] ], [ [ 30.185115145942596, -1.186273311450074 ], [ 30.184219199005177, -1.184465135869256 ], [ 30.1842173720419, -1.186272391456583 ], [ 30.185115145942596, -1.186273311450074 ] ], [ [ 30.175193895035161, -1.230540584858054 ], [ 30.174298016194019, -1.228732387704439 ], [ 30.174296114310614, -1.230539627178993 ], [ 30.175193895035161, -1.230540584858054 ] ], [ [ 29.921941934576548, -1.319696380364497 ], [ 29.922840651936045, -1.318794085788372 ], [ 29.92194304587494, -1.318792967846405 ], [ 29.921941934576548, -1.319696380364497 ] ], [ [ 29.920147836037987, -1.318790730988074 ], [ 29.923750425697559, -1.308857648360163 ], [ 29.931829988137203, -1.307964195566024 ], [ 29.930929079180117, -1.310673350792184 ], [ 29.935414940601159, -1.3124857347593 ], [ 29.935397231239602, -1.326940518473899 ], [ 29.949726807172915, -1.353158041888755 ], [ 29.956002407519946, -1.35949008006867 ], [ 29.96228597045317, -1.359498050881699 ], [ 29.963190391122936, -1.354078504957573 ], [ 29.952432104408736, -1.343223630883732 ], [ 29.945272205959522, -1.3260493874743 ], [ 29.940811593765027, -1.303458089768418 ], [ 29.938118748656134, -1.303454793311253 ], [ 29.939919426455763, -1.298939851537217 ], [ 29.937227676774025, -1.298033139865279 ], [ 29.939931346485896, -1.289002143474409 ], [ 29.931866890043477, -1.277247876399193 ], [ 29.924681813019621, -1.280852891715869 ], [ 29.923789600787082, -1.276334734663886 ], [ 29.91302285515755, -1.272708113605338 ], [ 29.908544615022553, -1.264572086147076 ], [ 29.911239480600951, -1.262768507639404 ], [ 29.91035042128102, -1.255540208927389 ], [ 29.907651314697389, -1.260957406422294 ], [ 29.895091778801969, -1.255521999888398 ], [ 29.87627502446205, -1.228398169638283 ], [ 29.867298655775105, -1.229290951454744 ], [ 29.869997546949524, -1.223873921544752 ], [ 29.84756904829748, -1.215717308310678 ], [ 29.835899424737182, -1.217510237620935 ], [ 29.829620131707323, -1.214792802998699 ], [ 29.827818811071239, -1.220210670749647 ], [ 29.844871274599168, -1.220230873221346 ], [ 29.852945699590226, -1.22295046590297 ], [ 29.855631915381526, -1.228373780577965 ], [ 29.858328689708504, -1.224763537614065 ], [ 29.861008568309312, -1.235607043226437 ], [ 29.874468350904035, -1.238333150402842 ], [ 29.878037191653856, -1.256404918092848 ], [ 29.884310362352082, -1.264542898896861 ], [ 29.883400897789059, -1.274478991030999 ], [ 29.892373252976082, -1.277200078320826 ], [ 29.888772082929684, -1.286229546095412 ], [ 29.895951541530188, -1.287141744367895 ], [ 29.899550549552821, -1.279918995056842 ], [ 29.906732240379586, -1.279024329493992 ], [ 29.90225084831761, -1.273598501061141 ], [ 29.904945726783833, -1.271794963134584 ], [ 29.907638454292737, -1.271798214367233 ], [ 29.90852414960057, -1.281736712315757 ], [ 29.91391289457809, -1.279033037392296 ], [ 29.911215812763711, -1.282643388784705 ], [ 29.915700489899812, -1.285359063390929 ], [ 29.906720284094042, -1.288961726747529 ], [ 29.907610212096262, -1.295286627983756 ], [ 29.903124489923723, -1.293474314390572 ], [ 29.903120098842805, -1.297087900697361 ], [ 29.895937262518689, -1.298885819843326 ], [ 29.898625579496947, -1.302502720679133 ], [ 29.893239005350374, -1.303399427007475 ], [ 29.896823770362886, -1.307920841292717 ], [ 29.903109067499894, -1.306121865945244 ], [ 29.905797396215149, -1.309738802033064 ], [ 29.899505378903505, -1.316958127130825 ], [ 29.905786267236465, -1.318772789351505 ], [ 29.903086774921054, -1.324189794198807 ], [ 29.907572499502699, -1.32600223823576 ], [ 29.910248386654338, -1.339556661521614 ], [ 29.904858236197917, -1.343163406425214 ], [ 29.908446367812399, -1.344974785669018 ], [ 29.907525846006305, -1.363041638944839 ], [ 29.902132094696849, -1.369358433249665 ], [ 29.901224005209464, -1.377487814028844 ], [ 29.912880145984136, -1.387440516966222 ], [ 29.913763652212442, -1.398282556343746 ], [ 29.918252981045978, -1.397385086416452 ], [ 29.921863415455086, -1.3820318256629 ], [ 29.911093092534216, -1.38111433750819 ], [ 29.904816781657445, -1.375685719295373 ], [ 29.908423455931473, -1.36304279979666 ], [ 29.917394991485516, -1.366668023043347 ], [ 29.917403043519965, -1.360344164876769 ], [ 29.910223282269953, -1.359431511760617 ], [ 29.9102347392299, -1.350397489386806 ], [ 29.912924138155784, -1.353111149337643 ], [ 29.914721644128345, -1.351306637569808 ], [ 29.912946848838118, -1.335043056617181 ], [ 29.908467850652777, -1.327810169403441 ], [ 29.909396595041031, -1.302516049421713 ], [ 29.917473829806433, -1.303429424484464 ], [ 29.915669812464625, -1.310654468476988 ], [ 29.920157809239054, -1.31066003178303 ], [ 29.916564088900071, -1.313365805714592 ], [ 29.920153384326394, -1.31427367594911 ], [ 29.920147836037987, -1.318790730988074 ] ], [ [ 29.911239480600951, -1.262768507639404 ], [ 29.912135990448409, -1.263672986350341 ], [ 29.912137057925367, -1.262769581817131 ], [ 29.911239480600951, -1.262768507639404 ] ], [ [ 29.906731157271466, -1.279927729280918 ], [ 29.904038423630531, -1.279924456310905 ], [ 29.904931658149845, -1.283539140529276 ], [ 29.90044486233473, -1.282630271069532 ], [ 29.901335897503547, -1.28805173664325 ], [ 29.905828150035482, -1.284443633580721 ], [ 29.906731157271466, -1.279927729280918 ] ], [ [ 29.91298365342487, -1.305230696987843 ], [ 29.9120871631937, -1.30432618280482 ], [ 29.912086060569969, -1.305229587001064 ], [ 29.91298365342487, -1.305230696987843 ] ], [ [ 29.656443600505447, -1.194712606813382 ], [ 29.658246972552675, -1.187489377216672 ], [ 29.663630954093488, -1.187495929718063 ], [ 29.663614599190989, -1.201043684270577 ], [ 29.668092508311148, -1.208274700513637 ], [ 29.660909363350935, -1.211878544572725 ], [ 29.659103568348591, -1.220908108055176 ], [ 29.651034244556499, -1.215478954219621 ], [ 29.654612403966905, -1.224515187579726 ], [ 29.655482606751228, -1.246192535704828 ], [ 29.669823099264502, -1.259758698022581 ], [ 29.677002025070585, -1.25976793173045 ], [ 29.679710079897127, -1.247126616164797 ], [ 29.677932260572149, -1.2335763866439 ], [ 29.683337565466918, -1.21642232277426 ], [ 29.691425905863017, -1.206497010889223 ], [ 29.690535082899583, -1.20107666108734 ], [ 29.684260094404337, -1.195649774440112 ], [ 29.674412985255877, -1.175767485330692 ], [ 29.66812948777082, -1.177566315477689 ], [ 29.667235372526996, -1.174855673424824 ], [ 29.665437490448959, -1.17756307229414 ], [ 29.65288781709976, -1.166709817030646 ], [ 29.650192660189937, -1.169416103142626 ], [ 29.650163416302881, -1.193801727053297 ], [ 29.656443600505447, -1.194712606813382 ] ] ], [ [ [ 30.487069882621078, -0.844005764629581 ], [ 30.473594973311684, -0.853939261195395 ], [ 30.446657825923342, -0.854825160655869 ], [ 30.438571550687772, -0.86295411402668 ], [ 30.436770944740097, -0.870183439609231 ], [ 30.422404453398055, -0.871077388059217 ], [ 30.419708403290212, -0.874690754551365 ], [ 30.416117581090798, -0.873784462500884 ], [ 30.41074087460861, -0.858416137055176 ], [ 30.383811742685083, -0.849359871797009 ], [ 30.386511878374829, -0.839420105258495 ], [ 30.390995613057672, -0.847557191955867 ], [ 30.399980585610994, -0.837621564116409 ], [ 30.401769070568335, -0.848468280232444 ], [ 30.409853873126572, -0.842147145779856 ], [ 30.416137623899385, -0.843958953955042 ], [ 30.422417817936555, -0.851193616980068 ], [ 30.420616669840395, -0.859326666380967 ], [ 30.424207502485572, -0.860232916325101 ], [ 30.428700437051045, -0.854813092157729 ], [ 30.432291293494178, -0.855719327460025 ], [ 30.426906515167783, -0.852100447599092 ], [ 30.425116766937478, -0.843061141397513 ], [ 30.438585886896195, -0.841262449834111 ], [ 30.443968965089518, -0.84759277040346 ], [ 30.446666715212366, -0.841267784241208 ], [ 30.453849716684473, -0.841272511823301 ], [ 30.458336179225565, -0.845794626641863 ], [ 30.463728740356849, -0.837663641841052 ], [ 30.478095539206112, -0.836769133045158 ], [ 30.487069882621078, -0.844005764629581 ] ] ], [ [ [ 30.347045105778051, -0.782456852587397 ], [ 30.346141026976902, -0.792397561206674 ], [ 30.355120674525974, -0.789692066687946 ], [ 30.356912828092689, -0.795115781128271 ], [ 30.367685305949895, -0.796930251630423 ], [ 30.370374118985438, -0.804162148332749 ], [ 30.375760990024514, -0.804165640177553 ], [ 30.383836132237224, -0.812304886695039 ], [ 30.384726341112803, -0.824054622968156 ], [ 30.390112122220781, -0.825865751066356 ], [ 30.39010916469735, -0.830384674533133 ], [ 30.394598914329347, -0.829483869306223 ], [ 30.390102601317846, -0.840326305756789 ], [ 30.383823180450815, -0.832188050389783 ], [ 30.382931872221327, -0.822245876091687 ], [ 30.365884497638305, -0.805063000189123 ], [ 30.356909365463746, -0.800538344993559 ], [ 30.338056307163246, -0.799622313552683 ], [ 30.337162006629015, -0.794199250367541 ], [ 30.340755452643556, -0.790586584104676 ], [ 30.338068395006989, -0.780643630520939 ], [ 30.347045105778051, -0.782456852587397 ] ] ], [ [ [ 30.523009928598384, -0.806066075566873 ], [ 30.524806856079611, -0.804259415747289 ], [ 30.524806310946598, -0.805163295534951 ], [ 30.523009928598384, -0.806066075566873 ] ] ], [ [ [ 30.657677788292606, -0.85134477177346 ], [ 30.670244080823096, -0.861296183987209 ], [ 30.667548899470983, -0.863102473893159 ], [ 30.668439158643476, -0.87575868180571 ], [ 30.661257175147679, -0.872138292136134 ], [ 30.662156871463385, -0.869426940500078 ], [ 30.657665640700188, -0.871232074325199 ], [ 30.65497769335078, -0.861286754911607 ], [ 30.644208690808018, -0.849528587931649 ], [ 30.642419752533378, -0.837776025067473 ], [ 30.635236278711428, -0.836867711348574 ], [ 30.636127190326114, -0.848619662708663 ], [ 30.63343263490971, -0.84952195625088 ], [ 30.628956771765765, -0.826016493684037 ], [ 30.634348999408491, -0.818788101572346 ], [ 30.626265471651731, -0.821495134341529 ], [ 30.625374372978488, -0.809743281070943 ], [ 30.621784533550581, -0.806125380235417 ], [ 30.62265611030956, -0.850419239804968 ], [ 30.62804131898973, -0.854942322900719 ], [ 30.628036860013612, -0.862173914393209 ], [ 30.644189730238111, -0.880263211004666 ], [ 30.638800509591096, -0.882067690880742 ], [ 30.639700796807798, -0.878452438643753 ], [ 30.634316137326842, -0.873025289413961 ], [ 30.634312166116604, -0.879352960240042 ], [ 30.630719565361879, -0.880254616565297 ], [ 30.628926970242077, -0.874829770375252 ], [ 30.625334389512247, -0.875731429790711 ], [ 30.624438660640259, -0.872115070777227 ], [ 30.617256378588451, -0.869398672283114 ], [ 30.61456012044157, -0.873012719063161 ], [ 30.619047818934717, -0.876631356850354 ], [ 30.618146956372666, -0.881150493288089 ], [ 30.606475903409805, -0.876623285018535 ], [ 30.607381306240146, -0.864872705053046 ], [ 30.61097326154789, -0.864874983786661 ], [ 30.608288276765645, -0.850410300827772 ], [ 30.612777652583773, -0.851317038930574 ], [ 30.608291052747422, -0.845890621138028 ], [ 30.612783735307378, -0.841373710778399 ], [ 30.617273122465377, -0.842280416947425 ], [ 30.615486405389415, -0.826912317677604 ], [ 30.612795686290006, -0.821487052823718 ], [ 30.612789203020622, -0.832334321069721 ], [ 30.604706281170447, -0.834137253192348 ], [ 30.606506050424475, -0.827810809884115 ], [ 30.59573684442465, -0.816957112136577 ], [ 30.600230438346635, -0.810632300178467 ], [ 30.59394412478126, -0.81153247015637 ], [ 30.592150327206863, -0.807915692365797 ], [ 30.597540774408664, -0.803399259592231 ], [ 30.589460152512988, -0.801586618440603 ], [ 30.588564829081196, -0.797066470890874 ], [ 30.59395364765539, -0.795261791359169 ], [ 30.593957818118284, -0.788030378109481 ], [ 30.604727157096839, -0.798883838459405 ], [ 30.610114993612495, -0.798886998101081 ], [ 30.611015053105191, -0.795271772112805 ], [ 30.602935390249087, -0.791651322703621 ], [ 30.599350745862171, -0.778994205985559 ], [ 30.592169108266255, -0.775374375914982 ], [ 30.588573685750546, -0.781699778747624 ], [ 30.584987001039348, -0.77265849265465 ], [ 30.580497758391076, -0.771752002073619 ], [ 30.576006481634192, -0.774461171614589 ], [ 30.570611544366113, -0.787112819645011 ], [ 30.558937774176172, -0.7880098576399 ], [ 30.555335899888455, -0.805181848741059 ], [ 30.558921163624039, -0.816030852649333 ], [ 30.566103648291008, -0.817843052347239 ], [ 30.566993361428576, -0.831402226909566 ], [ 30.574172570150726, -0.838637984347539 ], [ 30.566079094390947, -0.857614993130676 ], [ 30.571460549377921, -0.867561463565455 ], [ 30.566966676104453, -0.873885915845596 ], [ 30.558883865481572, -0.875688440523461 ], [ 30.554383435074389, -0.891955686081295 ], [ 30.548993295083481, -0.895567659833668 ], [ 30.535527035805398, -0.891039130291409 ], [ 30.536426781543216, -0.888328073122017 ], [ 30.542711819030842, -0.889236179873113 ], [ 30.542716583938255, -0.882005046593869 ], [ 30.549008709974661, -0.872066365183647 ], [ 30.543627430850812, -0.862120012033562 ], [ 30.536442731293921, -0.8639231127657 ], [ 30.537342415681824, -0.861212034702182 ], [ 30.545423899742115, -0.861217284846634 ], [ 30.543630321205239, -0.857600549996749 ], [ 30.549917088494777, -0.855796814006417 ], [ 30.555294960731864, -0.871166581708293 ], [ 30.556195821286902, -0.866647663836419 ], [ 30.559787062832402, -0.867553899449335 ], [ 30.564280312524513, -0.862133374645154 ], [ 30.557097241319948, -0.861224837996345 ], [ 30.560694778833298, -0.852188114742281 ], [ 30.549921660025515, -0.848565640214171 ], [ 30.560696482919468, -0.849476402629468 ], [ 30.560698746582855, -0.845860786414338 ], [ 30.566088158006377, -0.843152470232711 ], [ 30.561600635755063, -0.839534021955953 ], [ 30.556211251540603, -0.842242337420367 ], [ 30.55532610477518, -0.821452059114151 ], [ 30.550832528105083, -0.82777657257243 ], [ 30.552620027037239, -0.841336168908065 ], [ 30.550822442302159, -0.844046726075576 ], [ 30.542742095228313, -0.842233808126826 ], [ 30.539157106433855, -0.831384852187907 ], [ 30.543647902199286, -0.829579882784559 ], [ 30.54365123749746, -0.824156527333906 ], [ 30.540059499465009, -0.824154294766783 ], [ 30.538266954764797, -0.8187298436986 ], [ 30.532878273685988, -0.820534278909424 ], [ 30.532888147532706, -0.80426434370419 ], [ 30.524806856079611, -0.804259415747289 ], [ 30.526604867176108, -0.800644988113737 ], [ 30.523013738709807, -0.799738925625389 ], [ 30.521222228072869, -0.792506814825799 ], [ 30.524814959573774, -0.790701218408513 ], [ 30.529300787490673, -0.797031092391053 ], [ 30.534688318541168, -0.797034344023733 ], [ 30.531996698836252, -0.793417180060575 ], [ 30.533795212211952, -0.788898828597589 ], [ 30.544564979875268, -0.797944180290789 ], [ 30.542772861449969, -0.791615855462959 ], [ 30.549058372240857, -0.791619602022949 ], [ 30.546366699777973, -0.788002419166456 ], [ 30.549063126785548, -0.783484534125692 ], [ 30.534697372603731, -0.781668271330776 ], [ 30.538291684601706, -0.77715094777929 ], [ 30.536499494976901, -0.770822677745033 ], [ 30.540091695778663, -0.769920878474705 ], [ 30.534709854662321, -0.759974990143473 ], [ 30.549073516552621, -0.765406604232614 ], [ 30.546375088707972, -0.773540105042438 ], [ 30.552661624666801, -0.771735962802325 ], [ 30.552663687470112, -0.768120366979645 ], [ 30.558949210131956, -0.768123987704213 ], [ 30.559843538682848, -0.77445183092163 ], [ 30.56343888730245, -0.768126568249151 ], [ 30.565233737481389, -0.769935414082996 ], [ 30.569724460659025, -0.768130173050244 ], [ 30.565235784894327, -0.766319784180612 ], [ 30.565239344670349, -0.759992431691079 ], [ 30.558954311643216, -0.759084955243043 ], [ 30.566139301592649, -0.756377308885312 ], [ 30.586790494429565, -0.759100690826851 ], [ 30.57781302570061, -0.755479970530408 ], [ 30.581407796011426, -0.750058475112538 ], [ 30.568834620394011, -0.75366709972479 ], [ 30.566143811717183, -0.748242135496885 ], [ 30.551770874569286, -0.759080865222585 ], [ 30.555368639213466, -0.748236101436681 ], [ 30.549978569443276, -0.752752560510788 ], [ 30.547287316981166, -0.748231558441763 ], [ 30.552680335873447, -0.738291698917611 ], [ 30.545495475900093, -0.74099939335366 ], [ 30.546391899982144, -0.743711578776651 ], [ 30.540103960707601, -0.74822750766802 ], [ 30.532924665468329, -0.740992360216004 ], [ 30.541006385427202, -0.740092994486363 ], [ 30.546397849241284, -0.732864840849335 ], [ 30.537416716349124, -0.736475432648649 ], [ 30.540114895554762, -0.728341915696525 ], [ 30.537421649508406, -0.72743654531511 ], [ 30.532031234770454, -0.732856891230666 ], [ 30.527542195362305, -0.731950515508929 ], [ 30.525743900105557, -0.736468921632197 ], [ 30.521257865180011, -0.73013926565581 ], [ 30.524850953722229, -0.72742961826143 ], [ 30.524856337090299, -0.717486936426861 ], [ 30.529350189394261, -0.709354430972407 ], [ 30.549111252228251, -0.695806558922145 ], [ 30.550014720444089, -0.684960258958651 ], [ 30.546427194319335, -0.676823352586331 ], [ 30.554506570087824, -0.680443065771971 ], [ 30.551807780064976, -0.69038457554653 ], [ 30.558988795444176, -0.694907813173408 ], [ 30.551804527175427, -0.696711866326122 ], [ 30.550904739771322, -0.700326988518914 ], [ 30.560778081648458, -0.707563413820503 ], [ 30.552698218021785, -0.704847429528172 ], [ 30.542820692827345, -0.705746083852688 ], [ 30.562567741828577, -0.719315141162539 ], [ 30.568854675180113, -0.716606787742304 ], [ 30.566163266490896, -0.71208580538577 ], [ 30.573345284264715, -0.714801359133934 ], [ 30.570647667184517, -0.722031215327043 ], [ 30.579627977023851, -0.720228204301042 ], [ 30.580523523332793, -0.724748274269316 ], [ 30.576032870148069, -0.726553686347924 ], [ 30.58051772127132, -0.735595289348765 ], [ 30.596674428732864, -0.747355158937064 ], [ 30.599369766314204, -0.744644851290045 ], [ 30.590394144971608, -0.737408521118144 ], [ 30.586807676313899, -0.727463418104818 ], [ 30.595786190529953, -0.729276102004589 ], [ 30.595784748252264, -0.731987886404633 ], [ 30.599377997733466, -0.729278032809471 ], [ 30.603864889884143, -0.734704043311501 ], [ 30.605663205006245, -0.730185339498822 ], [ 30.601174383397634, -0.728375065401811 ], [ 30.603870153978377, -0.724760774618494 ], [ 30.595788582427158, -0.7247564612587 ], [ 30.583224938275119, -0.710287006226044 ], [ 30.581427176936774, -0.713901734411227 ], [ 30.577835902454542, -0.712995914012066 ], [ 30.567963832356121, -0.703047664373587 ], [ 30.567966629265346, -0.69762420681306 ], [ 30.571558801198602, -0.696722163169802 ], [ 30.573351871623601, -0.70214657448503 ], [ 30.577842924835824, -0.699437170742939 ], [ 30.58232793879333, -0.708478694761738 ], [ 30.596693616254562, -0.71119800943035 ], [ 30.573357424257477, -0.691299615618269 ], [ 30.581438345853222, -0.692207686989823 ], [ 30.58144108421963, -0.686784174793155 ], [ 30.585033274253661, -0.685882082834701 ], [ 30.585928022928197, -0.692209991072667 ], [ 30.607474576891249, -0.70035641563182 ], [ 30.60208548969349, -0.703065439938782 ], [ 30.610159627420106, -0.717532617619573 ], [ 30.613758426112724, -0.703975403711733 ], [ 30.618248221220519, -0.703977715637497 ], [ 30.614661403664613, -0.694032517700983 ], [ 30.620947111872891, -0.69403570627753 ], [ 30.620943934152017, -0.700363320968083 ], [ 30.629026972923345, -0.697655594683338 ], [ 30.629024702014739, -0.702175346025307 ], [ 30.620940727583765, -0.706690935472557 ], [ 30.616436825366446, -0.733806874017599 ], [ 30.620028690617293, -0.733808800126853 ], [ 30.620922334324991, -0.741944784227721 ], [ 30.636185496900438, -0.746472799123253 ], [ 30.639772084404058, -0.756418270502522 ], [ 30.637974646021476, -0.759129154104995 ], [ 30.632587733008791, -0.75731828189067 ], [ 30.631695117086664, -0.747374317917769 ], [ 30.626307260526072, -0.747371388645067 ], [ 30.628101264994129, -0.750988163662119 ], [ 30.622712439697469, -0.752793107572712 ], [ 30.623612366826393, -0.749177814540426 ], [ 30.614635105018824, -0.74465319733143 ], [ 30.619118585207801, -0.756406907942569 ], [ 30.610139394460756, -0.75549799931957 ], [ 30.616419709459002, -0.765444835702352 ], [ 30.612825320031927, -0.769962520036148 ], [ 30.623600503182423, -0.770872529528107 ], [ 30.624502967756055, -0.762737510973317 ], [ 30.633480282711176, -0.767262258152851 ], [ 30.633475283890512, -0.776301787166659 ], [ 30.644251646262095, -0.775403887253678 ], [ 30.637963204109568, -0.779920138797235 ], [ 30.633473772823816, -0.77901364578901 ], [ 30.634361554073518, -0.797093221905298 ], [ 30.643345068188051, -0.790770692318077 ], [ 30.644247123162916, -0.783539526560788 ], [ 30.648737602108447, -0.782638104039143 ], [ 30.646041594379188, -0.786252426479424 ], [ 30.648731516441181, -0.793485657804447 ], [ 30.636150258239084, -0.809749623808482 ], [ 30.640639188364741, -0.811560172972057 ], [ 30.645132309926176, -0.806139045938696 ], [ 30.648715407288382, -0.821508502148411 ], [ 30.650517193654373, -0.811565963770972 ], [ 30.655006176423772, -0.813376521520871 ], [ 30.65949150579571, -0.821514873676259 ], [ 30.65589576005128, -0.827840524285159 ], [ 30.659488337854604, -0.826938691583664 ], [ 30.657690720198648, -0.829649530085856 ], [ 30.661281710970751, -0.831459611619917 ], [ 30.656790040505253, -0.834168833898956 ], [ 30.66486465857955, -0.84682929516846 ], [ 30.681033942149355, -0.838703216563927 ], [ 30.677450809555761, -0.82333339054311 ], [ 30.688225046116049, -0.82695565079831 ], [ 30.681043952671253, -0.821527529120797 ], [ 30.681048105641388, -0.814295660242521 ], [ 30.686434192416762, -0.817914726477863 ], [ 30.696317155122429, -0.809784508405223 ], [ 30.699908780223087, -0.810690558408361 ], [ 30.69631408138201, -0.815208468947363 ], [ 30.699006642727209, -0.817922005649769 ], [ 30.694514400042355, -0.821535379450354 ], [ 30.696308392880102, -0.825152396195884 ], [ 30.70709052855247, -0.815214663395398 ], [ 30.705297510122477, -0.809789638094701 ], [ 30.709790744333656, -0.804368183248061 ], [ 30.705300551460144, -0.80436564303209 ], [ 30.706200604312002, -0.800750152391276 ], [ 30.719674210569881, -0.79533367095862 ], [ 30.724162452737886, -0.798952211629398 ], [ 30.723261908827091, -0.803471763526569 ], [ 30.713381396059489, -0.807082224803166 ], [ 30.725055498050111, -0.807992829655283 ], [ 30.722359330142595, -0.811607349382609 ], [ 30.725949507512443, -0.815225433937839 ], [ 30.717865527296901, -0.817932850195397 ], [ 30.723252294259837, -0.820647963795482 ], [ 30.72324973029945, -0.825168016233934 ], [ 30.710677559442392, -0.824256747183692 ], [ 30.704386051425335, -0.833293087935071 ], [ 30.690015852999068, -0.835996596889636 ], [ 30.682823577867886, -0.849552103466079 ], [ 30.672046681303463, -0.850449557662504 ], [ 30.666655810828193, -0.854966151947036 ], [ 30.657677788292606, -0.85134477177346 ] ], [ [ 30.560696482919468, -0.849476402629468 ], [ 30.561593868983092, -0.850380878056052 ], [ 30.561594436199762, -0.849476973406384 ], [ 30.560696482919468, -0.849476402629468 ] ] ], [ [ [ 30.459270414642624, -0.787949834380754 ], [ 30.449392784676977, -0.789751410263707 ], [ 30.446695319480153, -0.796076522121264 ], [ 30.433228010173053, -0.79516428446291 ], [ 30.427845916013062, -0.787026599404843 ], [ 30.419762528702133, -0.791540603261226 ], [ 30.413483217236209, -0.782498642654644 ], [ 30.410788045186965, -0.785208368416787 ], [ 30.406302211589676, -0.779782786005702 ], [ 30.398220094524383, -0.782489135744397 ], [ 30.395528291894031, -0.779776085806419 ], [ 30.39732891151916, -0.771643093156135 ], [ 30.386552876872955, -0.775251569451604 ], [ 30.386556742448768, -0.768925092895661 ], [ 30.376681378796707, -0.768015216414279 ], [ 30.376685222592794, -0.761688789826367 ], [ 30.366808303173443, -0.763490259276485 ], [ 30.365015451902067, -0.758970317523972 ], [ 30.362320968570089, -0.760776193364668 ], [ 30.357837471009162, -0.751735811887901 ], [ 30.36681648285111, -0.749933738294799 ], [ 30.374902559165456, -0.739997112864703 ], [ 30.374900427457998, -0.743612208967977 ], [ 30.380287241752228, -0.743615432348467 ], [ 30.381181299877465, -0.749942418951447 ], [ 30.389262652776669, -0.748139712164734 ], [ 30.393750115634923, -0.750853763346378 ], [ 30.391055060832539, -0.753563502277139 ], [ 30.394643627827211, -0.758084608735482 ], [ 30.408111501851259, -0.757188951595171 ], [ 30.416189286289217, -0.761712829001085 ], [ 30.430556845700615, -0.758106224158887 ], [ 30.436838561595806, -0.763532887168818 ], [ 30.445817081112146, -0.763538269411416 ], [ 30.441323515827005, -0.770766154018258 ], [ 30.43234392843625, -0.772568341828569 ], [ 30.448505825181439, -0.77167432125063 ], [ 30.452999409686857, -0.764446391594111 ], [ 30.456590323699054, -0.765352368206582 ], [ 30.466471080767271, -0.758127540354244 ], [ 30.459287625589948, -0.759027135466004 ], [ 30.458391869114173, -0.755411268943301 ], [ 30.4539004550907, -0.759023944335901 ], [ 30.450312187194484, -0.75359884467537 ], [ 30.443128829929599, -0.754498426883459 ], [ 30.438642743002671, -0.74907284817605 ], [ 30.441337857884744, -0.746362967812386 ], [ 30.435954429288362, -0.740033082110542 ], [ 30.436855891239535, -0.733706874423351 ], [ 30.452119309109232, -0.733715656006924 ], [ 30.443144892975418, -0.726479911792533 ], [ 30.450333217154682, -0.716541889364763 ], [ 30.454822469242643, -0.716544403771219 ], [ 30.455718320755107, -0.720160234354277 ], [ 30.462003809360706, -0.719259927098415 ], [ 30.464693372241854, -0.726492141969061 ], [ 30.465594745385122, -0.720165776372081 ], [ 30.470982416236701, -0.719264947438249 ], [ 30.483549587550087, -0.724695055562305 ], [ 30.48354808744979, -0.727406610239454 ], [ 30.488037965765479, -0.726505274822706 ], [ 30.500601287721828, -0.739166383713673 ], [ 30.503296467796261, -0.736456314124929 ], [ 30.511373972854607, -0.742787961647135 ], [ 30.520352967740486, -0.742793045231056 ], [ 30.5194484581117, -0.754542930217864 ], [ 30.514063602281261, -0.750020469824947 ], [ 30.505982529710568, -0.750015839228621 ], [ 30.493419214177827, -0.737354589232377 ], [ 30.480849421600993, -0.73644359304451 ], [ 30.488029894936741, -0.74096694931463 ], [ 30.486230552675984, -0.747292896875183 ], [ 30.492513155956622, -0.751815803664244 ], [ 30.495201629714902, -0.760855956449065 ], [ 30.492506396353615, -0.76356595341091 ], [ 30.487120654035149, -0.760851223397181 ], [ 30.488910632712848, -0.770794682992859 ], [ 30.478138689264515, -0.766269032370633 ], [ 30.477238158204727, -0.77078773476352 ], [ 30.465565789192013, -0.770780754394787 ], [ 30.465560952090279, -0.77891530322178 ], [ 30.459274234545884, -0.781622994365369 ], [ 30.459270414642624, -0.787949834380754 ] ] ], [ [ [ 30.556291771864355, -0.701233722354979 ], [ 30.555393383920542, -0.702137151241129 ], [ 30.555393853383084, -0.701233250155361 ], [ 30.556291771864355, -0.701233722354979 ] ] ], [ [ [ 30.546427648502849, -0.675919457495028 ], [ 30.545529287064742, -0.676822894985092 ], [ 30.545529741414057, -0.675919000504968 ], [ 30.546427648502849, -0.675919457495028 ] ] ], [ [ [ 30.39213875206298, -0.311612118602811 ], [ 30.40021582991616, -0.322459653779326 ], [ 30.391234999243437, -0.335110359633704 ], [ 30.392126826303389, -0.35680150565167 ], [ 30.395717085832061, -0.359513901217809 ], [ 30.39571316999865, -0.373070755247749 ], [ 30.404685088429272, -0.392053158184981 ], [ 30.379535467726434, -0.430003966260306 ], [ 30.375039106436194, -0.451693015421781 ], [ 30.361568587598896, -0.463437051160254 ], [ 30.355288694901244, -0.451685802090901 ], [ 30.350800009078796, -0.451684155178147 ], [ 30.354394193926591, -0.442647872910167 ], [ 30.378639857679929, -0.423677211443789 ], [ 30.387621884901346, -0.410123501413329 ], [ 30.38762478461889, -0.401085658104057 ], [ 30.392114714315738, -0.397471949813965 ], [ 30.391225968383544, -0.367646693645728 ], [ 30.387635737314074, -0.364934282707596 ], [ 30.387639326505955, -0.352281300542733 ], [ 30.383151831023962, -0.347761125736965 ], [ 30.383154772935921, -0.336915751097739 ], [ 30.38764494809455, -0.331494257595477 ], [ 30.383157387809824, -0.326974157443416 ], [ 30.383162162362982, -0.307994750776337 ], [ 30.389448341613782, -0.299862230580963 ], [ 30.392141374288975, -0.300766665049352 ], [ 30.39213875206298, -0.311612118602811 ] ] ], [ [ [ 30.50169077015352, -0.199559545717154 ], [ 30.516953117307626, -0.204081254022078 ], [ 30.526827447399857, -0.215833263665452 ], [ 30.521437693759189, -0.232102204532277 ], [ 30.527722558441763, -0.232103312604281 ], [ 30.533107190056644, -0.245662566767957 ], [ 30.538494102226171, -0.246567458258745 ], [ 30.534004198281018, -0.250182172250119 ], [ 30.522332259555768, -0.250179957332153 ], [ 30.516944214728234, -0.255602187501698 ], [ 30.516942805542428, -0.262833195367487 ], [ 30.507964489676628, -0.262831394055163 ], [ 30.491804924274668, -0.256501125283596 ], [ 30.491808157534322, -0.239327811902284 ], [ 30.498992152795452, -0.231194360612159 ], [ 30.496299479249068, -0.226674573706041 ], [ 30.503483262847933, -0.219444888904965 ], [ 30.504383821937751, -0.202271559729098 ], [ 30.50169077015352, -0.199559545717154 ] ] ], [ [ [ 30.355364355688252, -0.122716801009032 ], [ 30.367931392662946, -0.132659524406372 ], [ 30.383192676622901, -0.133564936544921 ], [ 30.387680966292358, -0.13718055669884 ], [ 30.387679636805753, -0.148929758707017 ], [ 30.402041859756203, -0.162488396023761 ], [ 30.410121621722915, -0.162489441107228 ], [ 30.407427177060896, -0.171527083140945 ], [ 30.396653945185207, -0.173333192375116 ], [ 30.404733053359724, -0.17785329480746 ], [ 30.403833740060193, -0.188698724443878 ], [ 30.39665120995047, -0.192312808074452 ], [ 30.391259544993662, -0.223944535126121 ], [ 30.380485689446544, -0.229365276509153 ], [ 30.36881662969207, -0.221229181137568 ], [ 30.349067417750046, -0.217610613803857 ], [ 30.343680674145109, -0.22032091690776 ], [ 30.340988810979994, -0.213090428451668 ], [ 30.346375218086848, -0.212187609572336 ], [ 30.347273540007404, -0.208572743867395 ], [ 30.33829661293996, -0.207667468404621 ], [ 30.33650210153672, -0.202244680143654 ], [ 30.329321230152978, -0.197724781507326 ], [ 30.330219922900323, -0.191398728546699 ], [ 30.33919679331969, -0.19230388323469 ], [ 30.340095052651609, -0.188689024442687 ], [ 30.326629965570653, -0.185975725195751 ], [ 30.329324508084788, -0.176034974110767 ], [ 30.346380728369567, -0.176941181751552 ], [ 30.3544607668222, -0.172423541596762 ], [ 30.361642379123612, -0.173328311383982 ], [ 30.37241430407304, -0.178752462039448 ], [ 30.365232501943716, -0.178751425430733 ], [ 30.367025804465811, -0.193212000163147 ], [ 30.376002944859717, -0.194117175560349 ], [ 30.379594698562322, -0.1886950633548 ], [ 30.390366167968637, -0.197734561382809 ], [ 30.388571931308398, -0.189600208643317 ], [ 30.376902563667166, -0.181464439222577 ], [ 30.381392372129888, -0.17333107275783 ], [ 30.369724471015694, -0.153446466203026 ], [ 30.366133687385094, -0.152542252037353 ], [ 30.370623058610686, -0.146216398459376 ], [ 30.365237032858204, -0.143504456985293 ], [ 30.365238034977661, -0.134466772562748 ], [ 30.359851915019924, -0.132658657311426 ], [ 30.355364355688252, -0.122716801009032 ] ] ], [ [ [ 30.080645510696982, 0.35890372132694 ], [ 30.079748279406559, 0.357999884427032 ], [ 30.079747992969246, 0.358903432645675 ], [ 30.080645510696982, 0.35890372132694 ] ] ], [ [ [ 29.890442470368296, 0.116731996277041 ], [ 29.885059555653797, 0.105890768500318 ], [ 29.881470203574047, 0.10589040485204 ], [ 29.885059188486707, 0.109504310951559 ], [ 29.883264130990913, 0.113117659214746 ], [ 29.881469742161283, 0.110407317402545 ], [ 29.874290979146949, 0.111309934069978 ], [ 29.878778811737039, 0.099566470550019 ], [ 29.876984561058073, 0.095049406119342 ], [ 29.868908601406627, 0.095048669253393 ], [ 29.866217622829332, 0.083304622348661 ], [ 29.854552199430724, 0.086917122333812 ], [ 29.860834115545114, 0.077884002796399 ], [ 29.853655663100799, 0.076980105035871 ], [ 29.851861606404931, 0.068849760363437 ], [ 29.841991061056056, 0.071559147085388 ], [ 29.841093307840218, 0.07788251650313 ], [ 29.831222255388425, 0.087818495777109 ], [ 29.829428186060895, 0.081494982446945 ], [ 29.833017355444781, 0.0814952669852 ], [ 29.836607388288325, 0.06975208636768 ], [ 29.833915849870959, 0.064331857405604 ], [ 29.839299630085339, 0.064332193754228 ], [ 29.842889100631911, 0.059815672872513 ], [ 29.840197586587205, 0.052588743917714 ], [ 29.834813710144505, 0.054395152811786 ], [ 29.833019390473204, 0.048975016084113 ], [ 29.827635601641333, 0.049878095096247 ], [ 29.824943906269077, 0.046264631450954 ], [ 29.816867919561524, 0.055297527698009 ], [ 29.81866222923685, 0.059814262986606 ], [ 29.812381484270865, 0.056200607220898 ], [ 29.809689406535053, 0.060717057823367 ], [ 29.809689561988691, 0.058007098600651 ], [ 29.807895067751375, 0.057103678465973 ], [ 29.812380012644333, 0.07878366017057 ], [ 29.805201831546743, 0.07878310613948 ], [ 29.79622976572503, 0.070652641639076 ], [ 29.775592772619536, 0.073361071198631 ], [ 29.781872808744392, 0.082394477030821 ], [ 29.78456470257634, 0.080588101222106 ], [ 29.784564486300805, 0.083297993470828 ], [ 29.779180918647572, 0.084200843046419 ], [ 29.780974874837902, 0.090524051888224 ], [ 29.773796752109256, 0.092329984625365 ], [ 29.778282382953631, 0.098653437215166 ], [ 29.777384132139691, 0.108589550607959 ], [ 29.773795346018421, 0.106782589253531 ], [ 29.775590560594146, 0.099556463854454 ], [ 29.772899262323104, 0.095039763533309 ], [ 29.765721357513769, 0.095039086924333 ], [ 29.762132081100827, 0.098651857405605 ], [ 29.76213135631895, 0.105878076072104 ], [ 29.758542434716407, 0.105877698141099 ], [ 29.754952748222241, 0.113103486804122 ], [ 29.754952236088993, 0.117619841164868 ], [ 29.758541146294167, 0.117620261474243 ], [ 29.757642834020036, 0.12665288932207 ], [ 29.750465583463374, 0.122135649271841 ], [ 29.747773701864901, 0.123941849969131 ], [ 29.751361445406591, 0.132974970154666 ], [ 29.762127338011414, 0.139299336853539 ], [ 29.76302407162925, 0.142912573509354 ], [ 29.762126964188781, 0.142009168764061 ], [ 29.760332373084722, 0.142912191073588 ], [ 29.767509479095942, 0.148332902970936 ], [ 29.770198708654394, 0.16459242057387 ], [ 29.77378796939929, 0.162786430504433 ], [ 29.77647897850898, 0.167303315021496 ], [ 29.785451781497475, 0.165498202204163 ], [ 29.791731997946936, 0.169112441971066 ], [ 29.815062054353497, 0.162793042653053 ], [ 29.824033448755376, 0.171827792216699 ], [ 29.872431640335662, 0.385935608524007 ], [ 29.979167708241743, 0.516073486777352 ], [ 29.977366315567718, 0.529624579398217 ], [ 29.980057365048278, 0.532336298807879 ], [ 29.974667744984, 0.542271711951738 ], [ 29.979154125080928, 0.544080899647923 ], [ 29.980942215936377, 0.557633800350757 ], [ 29.976450267986088, 0.566666105496055 ], [ 29.973759299008815, 0.563954308074794 ], [ 29.970168073963464, 0.566662798291411 ], [ 29.976445065592866, 0.576604193337704 ], [ 29.976441707879623, 0.582928430849304 ], [ 29.984516961089618, 0.586546671657525 ], [ 29.986314309236061, 0.582030292070413 ], [ 29.990800706063471, 0.58383965520988 ], [ 29.995291424996278, 0.577517725477603 ], [ 29.992592273098243, 0.590164954748574 ], [ 30.00784850459797, 0.591980222684666 ], [ 30.007845583100544, 0.597401154579489 ], [ 30.004255139809281, 0.598302669437605 ], [ 30.012329110365847, 0.604631553537606 ], [ 30.012323125390459, 0.615473461282712 ], [ 30.023093135859753, 0.615479528873399 ], [ 30.025789143486602, 0.609156518328571 ], [ 30.029376190896272, 0.614579551836574 ], [ 30.032967731584005, 0.611871034279156 ], [ 30.031165168685739, 0.625422651472074 ], [ 30.044629468973671, 0.622719749786927 ], [ 30.041032761759951, 0.634463427681304 ], [ 30.045518329179142, 0.638080089802939 ], [ 30.050007004352018, 0.636275637938512 ], [ 30.05358830692807, 0.651637649506382 ], [ 30.06256527543983, 0.648932330168991 ], [ 30.061658757310951, 0.664291860740816 ], [ 30.066143279401508, 0.669715765004575 ], [ 30.072435162203771, 0.654359345482528 ], [ 30.082308801484441, 0.653461591162181 ], [ 30.094881403741507, 0.641722653146404 ], [ 30.111038249812463, 0.640828299018253 ], [ 30.125403642082517, 0.633607765655814 ], [ 30.125399631988952, 0.640836438763385 ], [ 30.128987986413886, 0.64445281529277 ], [ 30.125396085832776, 0.64716152754375 ], [ 30.124493365038738, 0.656196848632661 ], [ 30.128979276401566, 0.659813793260879 ], [ 30.128974582140852, 0.66794607528296 ], [ 30.133458375281933, 0.675177438068612 ], [ 30.122685039103217, 0.678785355410416 ], [ 30.112802846072647, 0.693236609346049 ], [ 30.11908818502129, 0.689626149131846 ], [ 30.127165491164252, 0.691438238672956 ], [ 30.12357070947845, 0.698664708235256 ], [ 30.128057624527926, 0.700474646201954 ], [ 30.123566842405886, 0.704989785301788 ], [ 30.136131129299269, 0.708611958716956 ], [ 30.138817825551648, 0.71855317486721 ], [ 30.13522397044872, 0.723972457877589 ], [ 30.142404915181604, 0.723977022919062 ], [ 30.144191592083761, 0.737532143194692 ], [ 30.156750891851864, 0.749287160230358 ], [ 30.153159179593498, 0.751092022688362 ], [ 30.155848566952937, 0.756515435990589 ], [ 30.167513798608109, 0.762848444693329 ], [ 30.165716724899752, 0.765558100524539 ], [ 30.16750725180642, 0.772788231224047 ], [ 30.174692643768232, 0.766467691038441 ], [ 30.174699704788011, 0.755624219555523 ], [ 30.166625524751698, 0.748389988404118 ], [ 30.170222442228717, 0.738452512458394 ], [ 30.163045295816023, 0.732122606319409 ], [ 30.154081317275111, 0.712237531168112 ], [ 30.163952493032681, 0.71676173469773 ], [ 30.171136372376353, 0.712248108826039 ], [ 30.172936587002543, 0.704116625466423 ], [ 30.166654207786383, 0.702305549561638 ], [ 30.168453272879603, 0.695981319735021 ], [ 30.161271125098775, 0.697784195807402 ], [ 30.165763594443586, 0.690557994992356 ], [ 30.159480718353496, 0.689650605677524 ], [ 30.163972595275382, 0.683328000317187 ], [ 30.163978386432241, 0.673388240426048 ], [ 30.160391006062934, 0.667964464263053 ], [ 30.149619563318424, 0.667958182187608 ], [ 30.146027012605693, 0.671570484519886 ], [ 30.14243970110439, 0.666146785819556 ], [ 30.142443330183443, 0.659821602684891 ], [ 30.146929834834005, 0.662535001152108 ], [ 30.156807720923965, 0.655311847577549 ], [ 30.153219285472193, 0.651695368615299 ], [ 30.152328212452314, 0.639947986321522 ], [ 30.147840654611787, 0.639041872281538 ], [ 30.147847568297045, 0.6263914446111 ], [ 30.140671114918494, 0.618255135408794 ], [ 30.142473016032358, 0.605605739989928 ], [ 30.137085527686104, 0.609217251091501 ], [ 30.129905738289146, 0.607406226850013 ], [ 30.137090265125508, 0.600181315614398 ], [ 30.13260464745499, 0.595660996999723 ], [ 30.134403543394722, 0.588433206094859 ], [ 30.129018013434084, 0.588430416385776 ], [ 30.130816403919095, 0.582106226492401 ], [ 30.120044956588828, 0.583004275050185 ], [ 30.1281277357179, 0.573972566988196 ], [ 30.127233293971369, 0.567647012096006 ], [ 30.115564794286531, 0.5676411603051 ], [ 30.115566580779166, 0.564026854223537 ], [ 30.120053557826381, 0.565836253582487 ], [ 30.123648721847665, 0.555898635221328 ], [ 30.118266324428202, 0.549570938843759 ], [ 30.118277765923747, 0.525174312029471 ], [ 30.107507829777372, 0.523362159390249 ], [ 30.113792410071401, 0.51975077446915 ], [ 30.107511936517778, 0.514326457313847 ], [ 30.108413928329615, 0.50438758653827 ], [ 30.12816075916507, 0.503492808863267 ], [ 30.137140819970199, 0.493557252942359 ], [ 30.145220210213843, 0.490849950263721 ], [ 30.14523139614019, 0.463741938855188 ], [ 30.14164143948889, 0.462836881547687 ], [ 30.141643240762622, 0.458318893624213 ], [ 30.133565787996751, 0.456508458660694 ], [ 30.138951227178755, 0.456510619523963 ], [ 30.142543663173658, 0.451090467957309 ], [ 30.137157147664617, 0.453799117567431 ], [ 30.136261695419865, 0.448377199588567 ], [ 30.139853735702971, 0.443860632607258 ], [ 30.131775245278543, 0.444761070432867 ], [ 30.129085316367878, 0.437531314421202 ], [ 30.13357451847784, 0.433918678289863 ], [ 30.13088317366115, 0.43030329344447 ], [ 30.13626958963912, 0.42759455197953 ], [ 30.134475787087332, 0.42397950918153 ], [ 30.13896495754032, 0.420366799104728 ], [ 30.142554258036732, 0.42307891875538 ], [ 30.147942009832455, 0.416755696406429 ], [ 30.140763996940944, 0.409524297569959 ], [ 30.140765590195731, 0.405006312487048 ], [ 30.130889464549284, 0.413135099851275 ], [ 30.128198390674029, 0.408616184678331 ], [ 30.12012004626861, 0.409516851773375 ], [ 30.120122287891103, 0.403191787646757 ], [ 30.102170705626243, 0.404992502748313 ], [ 30.101274445114516, 0.401377917420353 ], [ 30.094991370222203, 0.402279231826324 ], [ 30.094993591113088, 0.395954308692289 ], [ 30.10486743974354, 0.393247083156371 ], [ 30.110251762487575, 0.395959681377404 ], [ 30.113844122069878, 0.389635912243664 ], [ 30.129101923316874, 0.391448340399542 ], [ 30.127308334328209, 0.38692978923008 ], [ 30.117436452759932, 0.383312101234022 ], [ 30.102178206767864, 0.383306913044568 ], [ 30.094099170676603, 0.386918394340003 ], [ 30.085125118122324, 0.383301082177896 ], [ 30.074352714586219, 0.389622188476124 ], [ 30.062679962379999, 0.404074646589242 ], [ 30.054602417341275, 0.404071699900768 ], [ 30.054609095851767, 0.38509761834105 ], [ 30.079747992969246, 0.358903432645675 ], [ 30.06987418881512, 0.362514412132644 ], [ 30.065387229818572, 0.360705874832884 ], [ 30.061796045935875, 0.36431884222557 ], [ 30.068082326117995, 0.352574900448348 ], [ 30.063597041568794, 0.345345194574124 ], [ 30.058210072608091, 0.35166823203784 ], [ 30.041158850910637, 0.348048734490936 ], [ 30.047443214863584, 0.341726064668354 ], [ 30.053725384068926, 0.342631535305299 ], [ 30.063599509562366, 0.337213378350119 ], [ 30.060012709290127, 0.326369899816308 ], [ 30.067192457520186, 0.327275549943352 ], [ 30.068091524535781, 0.321854581381688 ], [ 30.075272608646298, 0.318242479825003 ], [ 30.074377362642458, 0.310110327863071 ], [ 30.068991825128837, 0.311915906053988 ], [ 30.062710060810868, 0.309203537822149 ], [ 30.063608302359576, 0.306493182366929 ], [ 30.05463309520184, 0.307394227224376 ], [ 30.045660896804257, 0.297453003234461 ], [ 30.059122522077342, 0.300167220911029 ], [ 30.060021926484346, 0.292939205655278 ], [ 30.063611678976255, 0.293843689311058 ], [ 30.065408080298539, 0.2884229443739 ], [ 30.080664282845245, 0.293848192406004 ], [ 30.085152320866634, 0.292042267669129 ], [ 30.084257099467568, 0.283006513198379 ], [ 30.076179499309657, 0.283004464508993 ], [ 30.073490512398028, 0.268547087742827 ], [ 30.069002998303354, 0.268546004415302 ], [ 30.065411693142465, 0.273966356949545 ], [ 30.062720509014056, 0.268544484977886 ], [ 30.058232386663043, 0.271253990329092 ], [ 30.052850017343307, 0.260410352289746 ], [ 30.049259651811322, 0.262216553224738 ], [ 30.046569691807647, 0.251373657098064 ], [ 30.051955599418356, 0.246857254162218 ], [ 30.05285208097666, 0.251375087204988 ], [ 30.056442033680213, 0.251375903046494 ], [ 30.063619917888118, 0.260412884708115 ], [ 30.065416764131363, 0.252281475077986 ], [ 30.075289676908277, 0.250476625171483 ], [ 30.08157142235785, 0.254092235811188 ], [ 30.084264158299632, 0.253189296324198 ], [ 30.079777209969428, 0.250477633439671 ], [ 30.079778201705903, 0.245959891304214 ], [ 30.077982394491062, 0.249573683347449 ], [ 30.064520865476901, 0.245052982800921 ], [ 30.061827587610015, 0.2486665234242 ], [ 30.059135309190935, 0.247762387685676 ], [ 30.06631854141699, 0.232403853823511 ], [ 30.064524106875741, 0.229692869876507 ], [ 30.052856177425902, 0.232401030071242 ], [ 30.050164283761699, 0.229689890741005 ], [ 30.051960710440909, 0.222462057367532 ], [ 30.048370599694145, 0.223364857155202 ], [ 30.045676504461223, 0.231495998133077 ], [ 30.043883202459142, 0.223363948371464 ], [ 30.040292013620761, 0.229687834182158 ], [ 30.034010445759979, 0.226072477509651 ], [ 30.03311148464508, 0.233300375616859 ], [ 30.028624712332498, 0.230588901536898 ], [ 30.026828643771502, 0.236009554988738 ], [ 30.023240861828448, 0.226070256928466 ], [ 30.030421120495291, 0.223361213766311 ], [ 30.030422018807446, 0.218843673006673 ], [ 30.025935227153226, 0.216132263836702 ], [ 30.030424268519347, 0.207098066888435 ], [ 30.020553025445672, 0.202578700081256 ], [ 30.020551680618684, 0.209806700306078 ], [ 30.009781197435295, 0.215225576797561 ], [ 30.006189237494649, 0.226066724607835 ], [ 29.997214990974129, 0.225161376771364 ], [ 29.997213295865542, 0.233292702537819 ], [ 29.993623156767409, 0.235098885457524 ], [ 29.993624114481136, 0.230581497236049 ], [ 29.986444643967591, 0.230579967727245 ], [ 29.99093237367202, 0.227870497884783 ], [ 29.986445398551115, 0.22696608109878 ], [ 29.987343755727743, 0.22244890742243 ], [ 30.00080656538557, 0.216127284923606 ], [ 30.000807094157594, 0.213416833978119 ], [ 29.992730148945938, 0.213415244930705 ], [ 29.986448992664137, 0.208896647653972 ], [ 29.998116151071333, 0.206188453451035 ], [ 29.999015568854695, 0.195346837850371 ], [ 30.006195897173075, 0.190830687485975 ], [ 30.006196516564014, 0.187216734862554 ], [ 30.002606279620778, 0.189926572415085 ], [ 29.998120002086019, 0.184504899059572 ], [ 30.02414733514242, 0.176377777377288 ], [ 30.032223770074832, 0.180896625339944 ], [ 30.035815757487175, 0.167344526941899 ], [ 30.025944588371377, 0.161018489673565 ], [ 30.024150570195424, 0.154693704422411 ], [ 30.016073604200301, 0.153789065179747 ], [ 30.002610079270021, 0.166435957581148 ], [ 29.998122747642839, 0.16733875140229 ], [ 29.992738817634599, 0.162820535486744 ], [ 29.9873529982595, 0.170950977819053 ], [ 29.983763290862019, 0.17095040999316 ], [ 29.982868157343578, 0.15559129942226 ], [ 29.978381680877742, 0.151073327414246 ], [ 29.979281775766154, 0.130293740849969 ], [ 29.982871780960416, 0.127583767972292 ], [ 29.983770317363184, 0.117645709240964 ], [ 29.987360113037699, 0.11674262748208 ], [ 29.984668402219768, 0.111321515018098 ], [ 29.974796785290387, 0.111320496210306 ], [ 29.974795925662093, 0.11945165430591 ], [ 29.964924495256636, 0.118547103809015 ], [ 29.964026789218, 0.121257363549424 ], [ 29.964026171320118, 0.126678081268933 ], [ 29.974794899471593, 0.128486274347534 ], [ 29.971204588396958, 0.133906599704362 ], [ 29.973896382372896, 0.137520779695221 ], [ 29.967614829432168, 0.134809608508587 ], [ 29.966716965841925, 0.138423316715559 ], [ 29.971200788339559, 0.161913827777503 ], [ 29.967611136370422, 0.161913287089973 ], [ 29.965814359410306, 0.174561378432416 ], [ 29.957739520185314, 0.162815244533599 ], [ 29.959535387823415, 0.155587924218816 ], [ 29.956843563091486, 0.152877192480352 ], [ 29.959536150944675, 0.15016722933446 ], [ 29.955049633577609, 0.146552818542883 ], [ 29.954153186648146, 0.139325138697815 ], [ 29.951460992128872, 0.139324787846181 ], [ 29.951459792256674, 0.148359211211885 ], [ 29.94787033223183, 0.14745527326745 ], [ 29.944280007561861, 0.15287539459914 ], [ 29.944278419301973, 0.163716629552619 ], [ 29.939792409789529, 0.15739191293097 ], [ 29.935305214000824, 0.159198106308001 ], [ 29.935306761451059, 0.14835696269178 ], [ 29.928126164301293, 0.159197029861493 ], [ 29.925434693327844, 0.154679524404971 ], [ 29.919152819708636, 0.156485436176953 ], [ 29.923640202322016, 0.152872424918184 ], [ 29.920948842482307, 0.147451537661368 ], [ 29.928129725514733, 0.132997776402242 ], [ 29.926335630203329, 0.12757702514552 ], [ 29.921848975934484, 0.125769650273107 ], [ 29.919156325027867, 0.13028640466754 ], [ 29.906593554996199, 0.127574641132303 ], [ 29.906592780385587, 0.133898470078022 ], [ 29.899414601578723, 0.128477168420479 ], [ 29.897619343083417, 0.132993931020894 ], [ 29.896723900708359, 0.116732695498273 ], [ 29.890442470368296, 0.116731996277041 ] ], [ [ 29.811483954282505, 0.060717164509131 ], [ 29.812381175988406, 0.061620539950308 ], [ 29.811483900917498, 0.061620485836566 ], [ 29.811483954282505, 0.060717164509131 ] ], [ [ 30.142463403440654, 0.623677695633619 ], [ 30.141564824071281, 0.625484398667803 ], [ 30.141565801184118, 0.623677204602626 ], [ 30.142463403440654, 0.623677695633619 ] ] ], [ [ [ 33.558498751663755, 3.77902265875447 ], [ 33.561196415289139, 3.772688372902375 ], [ 33.567498641114796, 3.769970326502298 ], [ 33.562092338864453, 3.765450603098001 ], [ 33.562988256412829, 3.758212833397797 ], [ 33.577389393402029, 3.746442990683808 ], [ 33.573783108897523, 3.740112837193355 ], [ 33.567481691975871, 3.74373554335256 ], [ 33.561177337930694, 3.742834967030844 ], [ 33.576480578002389, 3.733778533322762 ], [ 33.579182753246236, 3.734681397197329 ], [ 33.575582997727757, 3.738302359825418 ], [ 33.587288703576867, 3.736485288533875 ], [ 33.59088537594215, 3.728341063942063 ], [ 33.599885666468623, 3.721097806006444 ], [ 33.60168117038311, 3.712954787969216 ], [ 33.591775032577665, 3.712056854985627 ], [ 33.587277899358668, 3.720201676495153 ], [ 33.571969755613331, 3.721116419211413 ], [ 33.569270532366417, 3.7247367658914 ], [ 33.559364808144153, 3.724743133193396 ], [ 33.556658134172451, 3.716602999164296 ], [ 33.548558544271351, 3.724749951885787 ], [ 33.526948649627293, 3.729286462604305 ], [ 33.525150274057232, 3.733810816279203 ], [ 33.521548130979532, 3.733812968795905 ], [ 33.51705234007111, 3.745576161905088 ], [ 33.505344158887681, 3.743773702285595 ], [ 33.503547717820574, 3.751916658862312 ], [ 33.515254949005673, 3.751909816660215 ], [ 33.547695794493585, 3.785362117453142 ], [ 33.558498751663755, 3.77902265875447 ] ] ], [ [ [ 32.850625075365556, 3.752049316149952 ], [ 32.849724640800602, 3.751144471997319 ], [ 32.849724486248114, 3.752049161340231 ], [ 32.850625075365556, 3.752049316149952 ] ] ], [ [ [ 32.954192921457754, 3.753870296823149 ], [ 32.946088684735031, 3.735775988684991 ], [ 32.946089621381255, 3.720396215207569 ], [ 32.943387942813345, 3.720396045351287 ], [ 32.936182489195069, 3.733965938018646 ], [ 32.940684503841048, 3.746631945652862 ], [ 32.933478650940152, 3.762011187001245 ], [ 32.928075040327329, 3.762010756706441 ], [ 32.928075485072135, 3.756582607116936 ], [ 32.912765083736609, 3.759295281434333 ], [ 32.914566984652218, 3.75205792916399 ], [ 32.910063936314465, 3.752962167488938 ], [ 32.911865392359665, 3.750248277335622 ], [ 32.906462049243281, 3.748438331837965 ], [ 32.901058322398448, 3.750247118090356 ], [ 32.906461375837758, 3.754771170669162 ], [ 32.901056691698344, 3.764722174017283 ], [ 32.893851642442804, 3.766530704742776 ], [ 32.895653607111392, 3.760198088032164 ], [ 32.889349642364749, 3.758387927586727 ], [ 32.885746665552745, 3.762910914417062 ], [ 32.875839794031869, 3.764718935770355 ], [ 32.874938157393125, 3.771956326248179 ], [ 32.865931360451498, 3.776478427964371 ], [ 32.856926545538727, 3.768334784002972 ], [ 32.866833627333776, 3.765622291585045 ], [ 32.870437111337246, 3.758385317039557 ], [ 32.860530696711258, 3.757479095910724 ], [ 32.85152581722037, 3.751144780611583 ], [ 32.851525664520302, 3.75204947002913 ], [ 32.850625075365556, 3.752049316149952 ], [ 32.850624921701971, 3.752954005511556 ], [ 32.854226832156371, 3.755668684007224 ], [ 32.854220193156216, 3.795475001297802 ], [ 32.839810720275558, 3.79185369071892 ], [ 32.838008618584446, 3.79637679404524 ], [ 32.901951898264734, 3.812670865716383 ], [ 32.981208405171451, 3.861529557662553 ], [ 32.984811373436827, 3.853387417942746 ], [ 32.977605889289585, 3.849768497187817 ], [ 32.976705367738433, 3.843435640111339 ], [ 32.965896838117004, 3.850672798116545 ], [ 32.955989664613135, 3.841625440300818 ], [ 32.95869224031231, 3.830769290079445 ], [ 32.967699009077137, 3.829864987650546 ], [ 32.973103326788447, 3.820818266620114 ], [ 32.953288591977788, 3.823531486778015 ], [ 32.956891571365489, 3.817198840459913 ], [ 32.956892695822965, 3.794581563326948 ], [ 32.960495485341468, 3.789153587456174 ], [ 32.957793857709397, 3.783725310540067 ], [ 32.96589979700159, 3.775583442755844 ], [ 32.964098787357841, 3.770155218842569 ], [ 32.967701296670221, 3.768345976530927 ], [ 32.963198632521866, 3.759298876918208 ], [ 32.966801474518476, 3.74753802215351 ], [ 32.963199351470983, 3.74210972310458 ], [ 32.957795340143782, 3.752965786600501 ], [ 32.954192921457754, 3.753870296823149 ] ] ], [ [ [ 34.36621425173125, 1.068375664222643 ], [ 34.367112424610106, 1.067470792935607 ], [ 34.366213852315106, 1.067471194934601 ], [ 34.36621425173125, 1.068375664222643 ] ] ], [ [ [ 34.487475143560296, 0.974259116825189 ], [ 34.479373529487226, 0.938990116583665 ], [ 34.470381094451376, 0.920905351497307 ], [ 34.456897119153005, 0.904631099477697 ], [ 34.449707726270901, 0.901016247377875 ], [ 34.451500446325497, 0.890162284403234 ], [ 34.446105632342814, 0.880215586481164 ], [ 34.444301759075941, 0.862127489576286 ], [ 34.431723563682269, 0.86394116221872 ], [ 34.423640149978986, 0.872084254380537 ], [ 34.421848282695557, 0.885651670038327 ], [ 34.41825187031565, 0.879321904963633 ], [ 34.411963023283008, 0.881133210509652 ], [ 34.411962003131208, 0.878419852495928 ], [ 34.404773277568381, 0.876613668748133 ], [ 34.409271953483575, 0.892892135982471 ], [ 34.40478112297054, 0.897416143942105 ], [ 34.403886425263543, 0.907365504084604 ], [ 34.400292710088522, 0.908271363437475 ], [ 34.400294455250233, 0.91279364879242 ], [ 34.384121078372388, 0.912799952030462 ], [ 34.38322498201866, 0.919131545505582 ], [ 34.370650796473342, 0.932703453726053 ], [ 34.367056657189366, 0.932704860986629 ], [ 34.370651146608481, 0.933607922075334 ], [ 34.368856886804089, 0.940844378934152 ], [ 34.379638595063206, 0.939031173770134 ], [ 34.379640729114868, 0.944457963023421 ], [ 34.360774625746565, 0.952605699762628 ], [ 34.358083269452564, 0.963460446028684 ], [ 34.365272353898554, 0.965266494403833 ], [ 34.365274887538483, 0.971597785835639 ], [ 34.354492308384337, 0.971602154843709 ], [ 34.351799543147393, 0.978839043662176 ], [ 34.353597374977703, 0.980647263039956 ], [ 34.359885416732908, 0.976122335729486 ], [ 34.358091231134225, 0.983358849663955 ], [ 34.365280004534512, 0.984260367963056 ], [ 34.369775711795619, 0.991494260598963 ], [ 34.374267339315651, 0.988778986323888 ], [ 34.37696447365213, 0.992395724456975 ], [ 34.377861153492859, 0.987873021303253 ], [ 34.387744761660102, 0.986964419180333 ], [ 34.385052894038658, 0.99601017567553 ], [ 34.391343461949582, 0.997816428843578 ], [ 34.391345748470393, 1.003243189208395 ], [ 34.395837319810724, 1.0005278879757 ], [ 34.395840004497025, 1.006859096116201 ], [ 34.402129418372816, 1.005951923279882 ], [ 34.404827368515242, 1.011377484889405 ], [ 34.397640184926239, 1.014093981643927 ], [ 34.385058214761138, 1.008672650294682 ], [ 34.382364479879541, 1.013196121375142 ], [ 34.382366016306719, 1.016813975114899 ], [ 34.39764212926238, 1.01861626932703 ], [ 34.40123787875438, 1.022232522595132 ], [ 34.399442747987159, 1.026755595453294 ], [ 34.409328742251496, 1.031273489316018 ], [ 34.403039707096319, 1.033085197202045 ], [ 34.398545774783926, 1.030373819734623 ], [ 34.40034684050233, 1.039417588884398 ], [ 34.394053809766802, 1.032184719634738 ], [ 34.387764331017657, 1.03309195014691 ], [ 34.389564198609165, 1.039422383345128 ], [ 34.383274301254559, 1.039425163012789 ], [ 34.382378504979776, 1.045756801993585 ], [ 34.389568968159466, 1.050275909297275 ], [ 34.393166819001635, 1.058414430077166 ], [ 34.385079367521044, 1.057513614179402 ], [ 34.38688540790185, 1.077410957186308 ], [ 34.382390531606326, 1.072890697189832 ], [ 34.381487520856709, 1.062942007621261 ], [ 34.375195558324158, 1.058422504047703 ], [ 34.375199158296525, 1.066562697183162 ], [ 34.367112824288753, 1.068375261882959 ], [ 34.375203595739841, 1.076511821522519 ], [ 34.370713975473969, 1.083749597936231 ], [ 34.322188059843072, 1.078344397467673 ], [ 34.313198648178705, 1.070207912342219 ], [ 34.312295845592388, 1.060258916777145 ], [ 34.303302425245946, 1.042172884069699 ], [ 34.297011929000845, 1.041271002709746 ], [ 34.296111863191861, 1.037653393363174 ], [ 34.276342813583653, 1.037661484469377 ], [ 34.273648471924872, 1.041280591574422 ], [ 34.266459672805318, 1.041283506951775 ], [ 34.266467323395695, 1.060278129092813 ], [ 34.261978334889925, 1.070229556281375 ], [ 34.255688418166635, 1.071136664456318 ], [ 34.242214311161774, 1.083805391462766 ], [ 34.247607891229833, 1.088325721618278 ], [ 34.26647736319795, 1.08469978260472 ], [ 34.273664375542104, 1.08017423018348 ], [ 34.275458587371531, 1.072937451496772 ], [ 34.279053013218459, 1.072935940984671 ], [ 34.27905039112278, 1.066604432164273 ], [ 34.283544532886935, 1.069316048251936 ], [ 34.281746201658486, 1.066603303195644 ], [ 34.287133699248528, 1.056651555398062 ], [ 34.290732593146707, 1.067504019923668 ], [ 34.297918736537156, 1.061169512200354 ], [ 34.297022786079282, 1.067501355692987 ], [ 34.302418189786273, 1.076543990566492 ], [ 34.2979244285075, 1.074736930082365 ], [ 34.297926725554639, 1.080163896888702 ], [ 34.304217698331428, 1.081970170429625 ], [ 34.304220799159388, 1.089206107608149 ], [ 34.311407650885243, 1.084680519767579 ], [ 34.315004780520923, 1.091010367262562 ], [ 34.335671259358755, 1.088287761335201 ], [ 34.347354911753193, 1.092804912755167 ], [ 34.342862776942759, 1.094615893819163 ], [ 34.34286519736515, 1.100042761138756 ], [ 34.337472038237181, 1.096427279005083 ], [ 34.339268016473497, 1.09371303257966 ], [ 34.332977876804591, 1.093715851327776 ], [ 34.339271638889464, 1.101853345568996 ], [ 34.335678072098197, 1.103663930956391 ], [ 34.337476474278127, 1.106376557528035 ], [ 34.3311907585787, 1.116328708534548 ], [ 34.327596761872108, 1.117234827692959 ], [ 34.32759879625646, 1.121757244721882 ], [ 34.317717391639484, 1.128997637931284 ], [ 34.318618042113187, 1.133519660995226 ], [ 34.331196486427871, 1.128991457373885 ], [ 34.349161045546388, 1.112702561846704 ], [ 34.350072968834979, 1.141645348442826 ], [ 34.354571500556851, 1.153401372900521 ], [ 34.381527689677213, 1.14977047734675 ], [ 34.385120311642929, 1.146150877957818 ], [ 34.398599107549721, 1.146144284259164 ], [ 34.403093785999644, 1.149759890705931 ], [ 34.387823529499379, 1.161525392931308 ], [ 34.384228715692387, 1.160622705532652 ], [ 34.383333648900482, 1.167858845398998 ], [ 34.377943387007868, 1.170574903763169 ], [ 34.380642734148687, 1.177809274140313 ], [ 34.377950943157522, 1.185950794084122 ], [ 34.37346059893224, 1.191379836598871 ], [ 34.353694244600035, 1.197720997298587 ], [ 34.342918793223511, 1.214006926296876 ], [ 34.350109143150185, 1.216716746095587 ], [ 34.349211867901097, 1.219430622821359 ], [ 34.32855411960881, 1.241148546208551 ], [ 34.313279859074122, 1.246583153038051 ], [ 34.31148525302757, 1.252010985362038 ], [ 34.332151402682506, 1.24657361178005 ], [ 34.349218661852653, 1.232997743123829 ], [ 34.358204034828432, 1.231184201332538 ], [ 34.345628695707425, 1.242044333794937 ], [ 34.346532387222481, 1.251993104143792 ], [ 34.34203965313904, 1.252899900126336 ], [ 34.329465999238671, 1.267378064907009 ], [ 34.336657043096835, 1.270992256891815 ], [ 34.334864875370556, 1.280942469062419 ], [ 34.339363792959723, 1.291793844650513 ], [ 34.353742700234889, 1.292690648306869 ], [ 34.353745580842165, 1.298117483345667 ], [ 34.369921737160681, 1.29901318164862 ], [ 34.358246111692488, 1.311682119399283 ], [ 34.376224590077257, 1.321621338552892 ], [ 34.367239546288623, 1.324339735588227 ], [ 34.360952907014877, 1.331578976501311 ], [ 34.358263389219303, 1.343338589580222 ], [ 34.374438815002179, 1.34242502170148 ], [ 34.365461291377855, 1.35871050743979 ], [ 34.372653188405089, 1.363228731392767 ], [ 34.380741184662469, 1.363224077258315 ], [ 34.376254045108311, 1.374080227589419 ], [ 34.370863564877304, 1.37679674425526 ], [ 34.379850803307043, 1.377695988623602 ], [ 34.380757324013977, 1.391262388667171 ], [ 34.387946714724123, 1.391258143130002 ], [ 34.385255458439225, 1.399399875914991 ], [ 34.390647511751496, 1.399396664814757 ], [ 34.392440603292393, 1.392159935532104 ], [ 34.406813951782638, 1.383106830246392 ], [ 34.415792022697147, 1.368630282542919 ], [ 34.418490642671934, 1.373150914535234 ], [ 34.429270710910224, 1.366813350073637 ], [ 34.431968797274372, 1.370429500667278 ], [ 34.430175266291926, 1.376761678346918 ], [ 34.432871216515856, 1.376760049186016 ], [ 34.431077159546987, 1.382187787709558 ], [ 34.435570959954219, 1.383089498516273 ], [ 34.431979069293774, 1.387613892192414 ], [ 34.449053981158087, 1.388507862340543 ], [ 34.449955942094199, 1.39393391404564 ], [ 34.455343399324768, 1.386695108713286 ], [ 34.456249818790759, 1.39935659806162 ], [ 34.461640585651352, 1.39754436364595 ], [ 34.471528488336148, 1.402060279282769 ], [ 34.470626464065646, 1.39663429195095 ], [ 34.476018309071158, 1.396630890117022 ], [ 34.474218777027957, 1.393014327412053 ], [ 34.476914129603955, 1.392108204895649 ], [ 34.478715924506041, 1.399342452462437 ], [ 34.487702302848497, 1.399336733640199 ], [ 34.487700026016832, 1.395719057847048 ], [ 34.491294561545573, 1.395716766566416 ], [ 34.493094684363335, 1.4002377024313 ], [ 34.497586129712808, 1.397521573256772 ], [ 34.509272355681958, 1.403844916979374 ], [ 34.512863965332571, 1.399320536774802 ], [ 34.520054706653823, 1.402029075530742 ], [ 34.519158418321716, 1.405647285687966 ], [ 34.526348584700642, 1.407451372964577 ], [ 34.526350350822433, 1.410164581072981 ], [ 34.522755263793236, 1.40926254632283 ], [ 34.521861347749578, 1.416498373994969 ], [ 34.532646050768648, 1.418300020987442 ], [ 34.536239949608181, 1.417393223972127 ], [ 34.534439731055045, 1.41287242711072 ], [ 34.542527907807369, 1.413771432577522 ], [ 34.544328137753034, 1.418292205062938 ], [ 34.554216557929877, 1.423711889482195 ], [ 34.55870358428713, 1.414664948881903 ], [ 34.560507479178867, 1.424612000987323 ], [ 34.564998720501563, 1.421895775816081 ], [ 34.576682488351878, 1.424600918122654 ], [ 34.566807602541296, 1.439077867200057 ], [ 34.57939445888637, 1.448112930471342 ], [ 34.583883773997876, 1.44268350954192 ], [ 34.597363541249514, 1.443578397035037 ], [ 34.588372447352107, 1.436349727426181 ], [ 34.591067017801464, 1.434539090967808 ], [ 34.588364360753971, 1.424592842828811 ], [ 34.598254596159698, 1.432725305833105 ], [ 34.610833089196028, 1.430003340821133 ], [ 34.6189229682914, 1.433615062874837 ], [ 34.623415291384646, 1.43270750092813 ], [ 34.623412112604065, 1.42818570029874 ], [ 34.627905052052533, 1.42818250174865 ], [ 34.62340831134496, 1.422759539298501 ], [ 34.633290834970474, 1.420039450417107 ], [ 34.633288931888927, 1.4173263831456 ], [ 34.622504052756547, 1.414620929881028 ], [ 34.63687754980635, 1.409184641495533 ], [ 34.633278843648149, 1.402856689913465 ], [ 34.641366630267548, 1.403755346258069 ], [ 34.636870001069589, 1.398332390520386 ], [ 34.642260165449699, 1.396519896640913 ], [ 34.641357839125611, 1.391094414674208 ], [ 34.644953356012969, 1.392900596779747 ], [ 34.638652204415379, 1.376626643019566 ], [ 34.647639050604738, 1.378429109602402 ], [ 34.64763656680072, 1.374811711392143 ], [ 34.651232037854072, 1.376617907975783 ], [ 34.651228311395251, 1.371191820399212 ], [ 34.655724816105284, 1.376614772145967 ], [ 34.657518183897253, 1.371187445174412 ], [ 34.661113011484694, 1.372089280991948 ], [ 34.657509513247746, 1.358526613578002 ], [ 34.644929813926446, 1.358535266738667 ], [ 34.655709344441945, 1.354006123739261 ], [ 34.653909802134422, 1.350389971012181 ], [ 34.661997311698663, 1.351288762218094 ], [ 34.658393375506492, 1.33682171693838 ], [ 34.66648694107036, 1.34676395856465 ], [ 34.670080476798496, 1.345857142870859 ], [ 34.668288951467751, 1.353997443135538 ], [ 34.676375177767056, 1.353087491614601 ], [ 34.679973686410094, 1.359415332484277 ], [ 34.680864126298232, 1.347658356061845 ], [ 34.68625655791412, 1.349463269023284 ], [ 34.68715073540691, 1.343132321354795 ], [ 34.68895214753006, 1.349461386575441 ], [ 34.696139115701143, 1.347647697494352 ], [ 34.699736353961974, 1.352166803425518 ], [ 34.70602475784424, 1.350353717256818 ], [ 34.706925806635248, 1.353970370945401 ], [ 34.711418413794092, 1.353967182838471 ], [ 34.707818648754625, 1.345830838305889 ], [ 34.711410202899657, 1.34221102215442 ], [ 34.710508549314078, 1.337690052190025 ], [ 34.705113713651031, 1.332267890122794 ], [ 34.723983072859006, 1.333158987456418 ], [ 34.724876556959366, 1.325923843852084 ], [ 34.718583284756626, 1.320502345938589 ], [ 34.723075180836496, 1.319594900716544 ], [ 34.723071453739315, 1.31416901234648 ], [ 34.746444972156766, 1.332238749523545 ], [ 34.750042148392765, 1.336757690657899 ], [ 34.747349220722839, 1.340376834406902 ], [ 34.756335471511271, 1.342178961660705 ], [ 34.759940502548289, 1.357549404489694 ], [ 34.765332141859851, 1.358449742678334 ], [ 34.770729055505257, 1.366584393841401 ], [ 34.78600477094416, 1.36838157801367 ], [ 34.79050057340428, 1.372899614299381 ], [ 34.786901922589145, 1.366572337922187 ], [ 34.788695558658475, 1.362049579559534 ], [ 34.78420312271745, 1.362052931653933 ], [ 34.7626262190971, 1.343982997810395 ], [ 34.762618468309093, 1.333131452433831 ], [ 34.741044513632154, 1.31867799957502 ], [ 34.728456251585271, 1.305122140992982 ], [ 34.713180557701293, 1.303324021726778 ], [ 34.712280225344983, 1.30061167684419 ], [ 34.720362437181912, 1.294275928171514 ], [ 34.720355757859004, 1.284328449714818 ], [ 34.724847602125294, 1.283421087687041 ], [ 34.724844577382129, 1.278899517002031 ], [ 34.743712102543448, 1.277982378467225 ], [ 34.733825188775448, 1.272563254157358 ], [ 34.731125533818663, 1.266234898081433 ], [ 34.758975764084838, 1.262598833543671 ], [ 34.749980870906384, 1.247231799678433 ], [ 34.754471989433434, 1.245420188735173 ], [ 34.762564155841993, 1.254457718915588 ], [ 34.768853369306484, 1.25445344680335 ], [ 34.768856411994143, 1.258974911714032 ], [ 34.777836093113358, 1.251734451657475 ], [ 34.776036150362408, 1.247214229854541 ], [ 34.772442340591233, 1.247216668696615 ], [ 34.757157250318805, 1.23004530105862 ], [ 34.737390551131874, 1.229154020662381 ], [ 34.741878774496293, 1.222820930533186 ], [ 34.740079527250415, 1.219204874778496 ], [ 34.700545190089535, 1.216517324708834 ], [ 34.66729625728189, 1.208399134049757 ], [ 34.663692996575485, 1.19302751392758 ], [ 34.647511609890238, 1.178567694912349 ], [ 34.623247026498753, 1.169538413637734 ], [ 34.610661861079578, 1.158693295634138 ], [ 34.579210130615223, 1.151476064428051 ], [ 34.57469133288307, 1.102641836747168 ], [ 34.525275646617516, 1.107189764484833 ], [ 34.513582145447494, 1.081872303468026 ], [ 34.501896506942209, 1.071929578805046 ], [ 34.49919351969303, 1.056555828746709 ], [ 34.49289831083329, 1.044801428706837 ], [ 34.487494610190964, 1.017671358142819 ], [ 34.487475143560296, 0.974259116825189 ] ] ], [ [ [ 34.298011714002882, 1.264680643054894 ], [ 34.311486152740564, 1.253819962219813 ], [ 34.305196032638818, 1.254727617059725 ], [ 34.298011714002882, 1.264680643054894 ] ] ], [ [ [ 34.298012163581447, 1.265585136275869 ], [ 34.297113053800011, 1.264681095233304 ], [ 34.297113503067536, 1.265585588777776 ], [ 34.298012163581447, 1.265585136275869 ] ] ], [ [ [ 34.661113635657244, 1.372993624390986 ], [ 34.662011561749814, 1.372088652832874 ], [ 34.661113011484694, 1.372089280991948 ], [ 34.661113635657244, 1.372993624390986 ] ] ], [ [ [ 34.385255989340166, 1.400304335670907 ], [ 34.384356781684126, 1.399400409886481 ], [ 34.384357312240915, 1.400304869987644 ], [ 34.385255989340166, 1.400304335670907 ] ] ], [ [ [ 34.76295301685272, 1.74096793654589 ], [ 34.770135535340629, 1.733726850918292 ], [ 34.767437901359891, 1.731920806059675 ], [ 34.767425379246312, 1.718356458746895 ], [ 34.764729440017952, 1.718358967064637 ], [ 34.765624767662736, 1.714740968234868 ], [ 34.755742947514882, 1.718367300504805 ], [ 34.753044518926792, 1.715656901482692 ], [ 34.754838527263061, 1.712038059047972 ], [ 34.746752307847423, 1.71385409152666 ], [ 34.744950094635712, 1.708429934834664 ], [ 34.749437631759712, 1.702095731379136 ], [ 34.740444666159966, 1.69486948866802 ], [ 34.731466221805938, 1.703920670068626 ], [ 34.726088026896093, 1.719298809289032 ], [ 34.718903546967283, 1.72473121660925 ], [ 34.717094087101685, 1.711168136120854 ], [ 34.722477227820114, 1.701215842017682 ], [ 34.718876992898586, 1.694888873120847 ], [ 34.712592746505308, 1.702129013799598 ], [ 34.711702080003981, 1.711172985639885 ], [ 34.707206331463432, 1.708464058295682 ], [ 34.70182068587259, 1.715703444381586 ], [ 34.700032143192395, 1.725652597525468 ], [ 34.676665493483824, 1.72476913494032 ], [ 34.672175982562976, 1.72929478959769 ], [ 34.665881161514307, 1.72477866521475 ], [ 34.653306409142147, 1.732928801654237 ], [ 34.659598131523474, 1.733827606581529 ], [ 34.66589697797086, 1.742865427093018 ], [ 34.678479613269737, 1.743758517903748 ], [ 34.682079235777977, 1.749181271626379 ], [ 34.673097825425977, 1.755519698349263 ], [ 34.674002175780998, 1.761849227586201 ], [ 34.669509422888716, 1.762757621182668 ], [ 34.66322969945174, 1.775424031986915 ], [ 34.650651566302962, 1.779957102335875 ], [ 34.652453864999394, 1.785381545320316 ], [ 34.661435488219219, 1.779043017165914 ], [ 34.672220969799149, 1.779937548013322 ], [ 34.666834337637788, 1.786272820622635 ], [ 34.666840054332006, 1.792603180422692 ], [ 34.661448489649445, 1.793512451344619 ], [ 34.660553022779425, 1.797130631927851 ], [ 34.65515735739627, 1.793518187313438 ], [ 34.653363952056985, 1.798041538455333 ], [ 34.645278539897149, 1.801666279515598 ], [ 34.645281789653495, 1.805283667029263 ], [ 34.634498438571946, 1.807102158284313 ], [ 34.634501676778505, 1.810719565197442 ], [ 34.647086622405716, 1.813421143455779 ], [ 34.647089896951307, 1.817038527196538 ], [ 34.655184403316206, 1.823361483240472 ], [ 34.664169384992391, 1.820640131734188 ], [ 34.669565172931762, 1.824252457195431 ], [ 34.682138319117513, 1.814293038504049 ], [ 34.697417552863676, 1.815183002238076 ], [ 34.701903580622869, 1.807039867640319 ], [ 34.705515416884595, 1.82512285007241 ], [ 34.729773985286414, 1.817865073391071 ], [ 34.74057153899691, 1.831419173823148 ], [ 34.753156122396383, 1.83411972136933 ], [ 34.754068092674686, 1.847683263421446 ], [ 34.759458595245455, 1.845869312765015 ], [ 34.761262258985667, 1.852197563657196 ], [ 34.770253868844449, 1.856709989056441 ], [ 34.763975474080603, 1.869376378657198 ], [ 34.778358600369707, 1.872978915815235 ], [ 34.781059318607547, 1.877497568895135 ], [ 34.783749973486636, 1.872069121270263 ], [ 34.790044626104518, 1.875679778791686 ], [ 34.790040952397327, 1.872062670051022 ], [ 34.795432282645898, 1.87115284785284 ], [ 34.79542493806543, 1.863918651275168 ], [ 34.788224380875015, 1.853074673381883 ], [ 34.791809207808654, 1.843123975704354 ], [ 34.795403075322355, 1.842216057800948 ], [ 34.795385949218009, 1.825034834020159 ], [ 34.777391880431644, 1.804254265287043 ], [ 34.772898464750455, 1.804258677255181 ], [ 34.766601566065951, 1.797934808868135 ], [ 34.767495037407365, 1.792508198931804 ], [ 34.774682731275071, 1.790692630537922 ], [ 34.783648615830622, 1.768981101891939 ], [ 34.775563223457119, 1.7717017639592 ], [ 34.772860354320727, 1.764470068121386 ], [ 34.756688563137452, 1.769006983770906 ], [ 34.767463241413672, 1.759049494550823 ], [ 34.768355106806652, 1.75181432516269 ], [ 34.763855884497161, 1.745488547724883 ], [ 34.768345803500623, 1.741867144379587 ], [ 34.76295301685272, 1.74096793654589 ] ] ], [ [ [ 34.336313912161728, 2.088638853790344 ], [ 34.344395893067627, 2.0777782884219 ], [ 34.337203779743525, 2.077784428705169 ], [ 34.343489252351951, 2.068734366763581 ], [ 34.343483932792942, 2.062403082435615 ], [ 34.339888668997361, 2.063310602440462 ], [ 34.33987284379819, 2.044316718463295 ], [ 34.334478116483076, 2.043416764516128 ], [ 34.334472897416276, 2.037085454746558 ], [ 34.327286128086286, 2.043422758639486 ], [ 34.324586904843343, 2.04071156873877 ], [ 34.314698627017947, 2.041624210336435 ], [ 34.317392692389738, 2.038004073095176 ], [ 34.314692757234702, 2.034388369392521 ], [ 34.310199947149265, 2.037105492854579 ], [ 34.31018829452065, 2.022633783279391 ], [ 34.302100217533166, 2.026258273430027 ], [ 34.296718492950909, 2.041638899387191 ], [ 34.288625950227384, 2.039836464511054 ], [ 34.290416780982056, 2.030790125880639 ], [ 34.287718329413742, 2.028983309723081 ], [ 34.281428129166237, 2.032606305083315 ], [ 34.281425990808252, 2.029892828560085 ], [ 34.274232493734218, 2.02808955620981 ], [ 34.278732520803686, 2.034417441868333 ], [ 34.275144302494319, 2.044369742236673 ], [ 34.283248444462934, 2.060644100919232 ], [ 34.295846508792373, 2.075105637084073 ], [ 34.308432883107159, 2.075095214825879 ], [ 34.317432871411604, 2.08684593092926 ], [ 34.325524866613549, 2.087743568550469 ], [ 34.332729292942076, 2.102209018135779 ], [ 34.336313912161728, 2.088638853790344 ] ] ], [ [ [ 34.81497632959821, 2.438105393115184 ], [ 34.810486016841132, 2.441728521289025 ], [ 34.802395898873279, 2.442643720802549 ], [ 34.800586998010985, 2.434507758260715 ], [ 34.793391126029874, 2.431804592476944 ], [ 34.797876734811091, 2.424564444607611 ], [ 34.788887612300478, 2.425480693566269 ], [ 34.775419794139552, 2.43906272111475 ], [ 34.770963818687306, 2.468909907487486 ], [ 34.761087129772683, 2.478870245900334 ], [ 34.749399012226029, 2.478885827066513 ], [ 34.73769200017599, 2.464432574657072 ], [ 34.736780046543224, 2.454486495493962 ], [ 34.725090830487801, 2.453597407988418 ], [ 34.72238779639212, 2.449079386914957 ], [ 34.715197430615632, 2.450897276869355 ], [ 34.723300779379329, 2.459929857876256 ], [ 34.717915513178511, 2.46717129520979 ], [ 34.718825078957963, 2.475308869490052 ], [ 34.70442902583347, 2.467188739554699 ], [ 34.695425404760499, 2.457252818164247 ], [ 34.703548395041985, 2.481658887866578 ], [ 34.695455213248074, 2.480765028492988 ], [ 34.699972807800826, 2.497941181837594 ], [ 34.688273765975893, 2.489817467053372 ], [ 34.683782731076818, 2.493440532698592 ], [ 34.683793096942779, 2.501579420372493 ], [ 34.688292239972263, 2.504286567157998 ], [ 34.690100959041438, 2.512423096364569 ], [ 34.715282612233509, 2.51691163025987 ], [ 34.721586026227904, 2.52413771184916 ], [ 34.733275916500169, 2.525026394785375 ], [ 34.73328672209248, 2.533165067397411 ], [ 34.730590520365098, 2.53407299115981 ], [ 34.733308437933843, 2.549442409403917 ], [ 34.728828438068504, 2.561204371252888 ], [ 34.709948485695463, 2.56303846049148 ], [ 34.691082580707381, 2.575724102952325 ], [ 34.70816818866237, 2.57660549934142 ], [ 34.705479095132361, 2.582939300110932 ], [ 34.709085503757585, 2.590168902864124 ], [ 34.712679810367845, 2.58835540823081 ], [ 34.715384658232516, 2.593777569880956 ], [ 34.722576896079921, 2.592863443389722 ], [ 34.721694875220152, 2.605524894661143 ], [ 34.726195749392801, 2.609135905240431 ], [ 34.730683047492292, 2.602799614294756 ], [ 34.733381831978733, 2.603700184788648 ], [ 34.73519880688935, 2.617262120389818 ], [ 34.745974086779825, 2.606395586327253 ], [ 34.744164539756362, 2.598259476050211 ], [ 34.745957919917139, 2.594639818612883 ], [ 34.751369151233149, 2.606388053660877 ], [ 34.756765454353733, 2.607284782270519 ], [ 34.75317251227365, 2.610002682484156 ], [ 34.756775504766907, 2.614519057676131 ], [ 34.752284625789528, 2.618142521672412 ], [ 34.753192620799773, 2.624471259779095 ], [ 34.75768855584905, 2.624464914594953 ], [ 34.758567571220496, 2.609995108359036 ], [ 34.76665256046644, 2.604558025710102 ], [ 34.767512849779628, 2.576524094751982 ], [ 34.77829381086606, 2.570179074777431 ], [ 34.787266341292124, 2.556602401558017 ], [ 34.787251355427806, 2.545751158076373 ], [ 34.802536264197599, 2.545729760967734 ], [ 34.809735432388173, 2.550240924390076 ], [ 34.822317812869052, 2.546606053279109 ], [ 34.820514538079706, 2.542991593692959 ], [ 34.814222107588279, 2.543904761868433 ], [ 34.81421200970923, 2.53667070605191 ], [ 34.808812400081415, 2.533061261686826 ], [ 34.821388354165542, 2.524905249276224 ], [ 34.828583547105119, 2.526703594893584 ], [ 34.840261405285958, 2.519453045030298 ], [ 34.843861506290196, 2.522160658113094 ], [ 34.850130795599974, 2.5049711330165 ], [ 34.855522581197604, 2.503154989279782 ], [ 34.850125722097289, 2.501354176046206 ], [ 34.85730670688789, 2.493205837453086 ], [ 34.852796328271914, 2.482361350515965 ], [ 34.849202680775299, 2.484174893264723 ], [ 34.850121921796394, 2.498641458180519 ], [ 34.84562918206607, 2.500456300565994 ], [ 34.841126340941386, 2.49503718535722 ], [ 34.842916900906729, 2.489609194887187 ], [ 34.837522594350226, 2.489616766861112 ], [ 34.836629808856081, 2.494139258212376 ], [ 34.830320190495044, 2.482392831644768 ], [ 34.827623034796112, 2.482396583595437 ], [ 34.826733931984755, 2.489631844311551 ], [ 34.815942728736054, 2.487838319450161 ], [ 34.819527834087189, 2.479695040932533 ], [ 34.813231977277852, 2.477895209156508 ], [ 34.812313299249055, 2.463428304209847 ], [ 34.816806080521872, 2.461613634096773 ], [ 34.814101616366372, 2.456191778241001 ], [ 34.823092011372722, 2.456179473867132 ], [ 34.824882727704519, 2.450751488970075 ], [ 34.823978801410178, 2.44713570739379 ], [ 34.813194047409731, 2.449863194490008 ], [ 34.81497632959821, 2.438105393115184 ] ], [ [ 34.745957919917139, 2.594639818612883 ], [ 34.746854608119598, 2.592829991462271 ], [ 34.746857090096512, 2.594638570443055 ], [ 34.745957919917139, 2.594639818612883 ] ] ], [ [ [ 33.609604040443692, 3.437937298825749 ], [ 33.613203237926328, 3.435221043458271 ], [ 33.612297250971785, 3.426175154881008 ], [ 33.608694650188326, 3.423463516553313 ], [ 33.608683258171133, 3.405370561541694 ], [ 33.612282353752711, 3.402654329222472 ], [ 33.612277790759599, 3.395417149768583 ], [ 33.593371501663746, 3.391810385631902 ], [ 33.58796761253199, 3.38729043809767 ], [ 33.576265139507846, 3.387297498100649 ], [ 33.565456022841055, 3.375543368735152 ], [ 33.548350004205446, 3.371029915096412 ], [ 33.550154944913672, 3.379170816252989 ], [ 33.555557612974752, 3.381881699890883 ], [ 33.555567421417635, 3.399070178712829 ], [ 33.56007105664095, 3.403590847029724 ], [ 33.558276375562706, 3.413543111624516 ], [ 33.551974327536342, 3.412642108059218 ], [ 33.551076171787351, 3.416261254516809 ], [ 33.554679137000363, 3.419877799289856 ], [ 33.560979655765884, 3.418064810540636 ], [ 33.559182881484816, 3.42439845455571 ], [ 33.562790671910314, 3.436156852034883 ], [ 33.569990967669945, 3.433438602798424 ], [ 33.574496470692743, 3.440673120634112 ], [ 33.581695106655701, 3.435240827532844 ], [ 33.587097066304032, 3.436142160997044 ], [ 33.587099832635431, 3.44066541538776 ], [ 33.602402740526301, 3.438846537607249 ], [ 33.604208912145609, 3.447891874380405 ], [ 33.60151159536192, 3.453321481430235 ], [ 33.607810457763861, 3.448794219763605 ], [ 33.609604040443692, 3.437937298825749 ] ] ], [ [ [ 33.644823045624285, 3.598035329152314 ], [ 33.658317072860847, 3.581742203074777 ], [ 33.658300966560006, 3.559126302524385 ], [ 33.655598667127791, 3.557318960830387 ], [ 33.651098241607528, 3.559131436393095 ], [ 33.648404819177735, 3.56998900223859 ], [ 33.643003331676596, 3.570897450094612 ], [ 33.644801516490993, 3.567277629662717 ], [ 33.642100464820352, 3.567279526114003 ], [ 33.63490075927173, 3.571807745598922 ], [ 33.632209612369458, 3.586283863639916 ], [ 33.625007867778223, 3.588098113717498 ], [ 33.627703439557898, 3.579954485966878 ], [ 33.618699774987014, 3.579960630272581 ], [ 33.616896620072232, 3.576343275703357 ], [ 33.617795167869495, 3.573628738347865 ], [ 33.622297581616927, 3.574530329494747 ], [ 33.626793865499501, 3.566385480613413 ], [ 33.619592251297838, 3.568199663273901 ], [ 33.613287959456216, 3.565489971579225 ], [ 33.612384614834994, 3.560967352061957 ], [ 33.597991875113188, 3.580879071682006 ], [ 33.588987573574059, 3.579980276754443 ], [ 33.58269240990272, 3.591744753480566 ], [ 33.579091440003999, 3.592651701072779 ], [ 33.581802934105809, 3.608933652656796 ], [ 33.589902462757777, 3.602595881984178 ], [ 33.602507372324816, 3.601682955461412 ], [ 33.61331447948848, 3.605294292846997 ], [ 33.615120133048826, 3.612530216258413 ], [ 33.617821331743329, 3.612528376307782 ], [ 33.617829297880874, 3.624288725382694 ], [ 33.624136514798423, 3.630616873484357 ], [ 33.622340641944611, 3.637855248927041 ], [ 33.611534328202488, 3.636053380003237 ], [ 33.60613480599509, 3.640580257063165 ], [ 33.603443172343823, 3.655056381475086 ], [ 33.598038110591453, 3.651441430148058 ], [ 33.595337978340787, 3.653252520890277 ], [ 33.606148149946094, 3.660482415730155 ], [ 33.591744513787297, 3.665919950489313 ], [ 33.593548410990728, 3.670441980435092 ], [ 33.601653158751013, 3.671341187803991 ], [ 33.599855862247466, 3.676770267509202 ], [ 33.607955155142648, 3.669527621620593 ], [ 33.608845833141011, 3.655052720680108 ], [ 33.637640201970363, 3.626988857190802 ], [ 33.637628816910848, 3.610705359186122 ], [ 33.633122461963652, 3.604376039637113 ], [ 33.644823045624285, 3.598035329152314 ] ] ], [ [ [ 34.352606960220143, 3.699459461048571 ], [ 34.34900307773119, 3.697656083118185 ], [ 34.348106892489589, 3.700370780657977 ], [ 34.349906100272094, 3.699463590691999 ], [ 34.352606960220143, 3.699459461048571 ] ] ], [ [ [ 34.250932488798597, 3.742119689794357 ], [ 34.249126633350237, 3.738504360892626 ], [ 34.261727806128249, 3.735772851185315 ], [ 34.259012574272589, 3.725827537506612 ], [ 34.265313700642544, 3.724914001906531 ], [ 34.266217923966579, 3.727626115400807 ], [ 34.272503461256598, 3.715858904325979 ], [ 34.284207747252928, 3.715841899604116 ], [ 34.285098919945874, 3.709509335687507 ], [ 34.288698890715665, 3.708599614487328 ], [ 34.286878665716046, 3.695035287972188 ], [ 34.289574359251468, 3.691413503614372 ], [ 34.27696882151556, 3.69052729860424 ], [ 34.263469331781998, 3.694164550981478 ], [ 34.255365231021798, 3.693271606472398 ], [ 34.274264040587695, 3.687817782137397 ], [ 34.289554822926576, 3.677846555893108 ], [ 34.289545730760189, 3.671515312173492 ], [ 34.298541995165216, 3.666979927511874 ], [ 34.293132556785032, 3.661561004819796 ], [ 34.303043357601915, 3.666973359866475 ], [ 34.305736302498708, 3.661542661748112 ], [ 34.310240255421292, 3.66334497991519 ], [ 34.308434471165377, 3.659729794223713 ], [ 34.328241499125518, 3.660605014435538 ], [ 34.32375351265852, 3.669656209539044 ], [ 34.332753484165174, 3.667833891634516 ], [ 34.339060695596807, 3.67144222835612 ], [ 34.337249413682983, 3.664209364983507 ], [ 34.34174934430181, 3.663298162484588 ], [ 34.343540416180979, 3.656964345883032 ], [ 34.348943243706387, 3.657860653646261 ], [ 34.353430915546085, 3.648809444517226 ], [ 34.364233712024649, 3.648793060493809 ], [ 34.354358307820299, 3.666896883509667 ], [ 34.356172460183252, 3.675938536624509 ], [ 34.353482595807506, 3.683178169711388 ], [ 34.357090525313133, 3.687694863281469 ], [ 34.352605588794567, 3.698555021262996 ], [ 34.362499045169976, 3.692208759473063 ], [ 34.362468791490947, 3.672311158527128 ], [ 34.371446532738076, 3.656017534416751 ], [ 34.370527102750835, 3.643356838514301 ], [ 34.366922113561692, 3.640649024805676 ], [ 34.366907130050663, 3.630700232440066 ], [ 34.370499798552522, 3.6252681519054 ], [ 34.351595412210528, 3.62529668583373 ], [ 34.340822230244562, 3.64521061374503 ], [ 34.304820345745185, 3.650690478669934 ], [ 34.294009501648667, 3.645279380607236 ], [ 34.278717941729184, 3.654346009950408 ], [ 34.278733334612738, 3.665199620503745 ], [ 34.27513862697365, 3.669727119081568 ], [ 34.246343174819401, 3.679717152988287 ], [ 34.244558910261269, 3.691477903794475 ], [ 34.231060354975497, 3.69601919522959 ], [ 34.222968571584644, 3.704170809434697 ], [ 34.201360396167622, 3.704200484207861 ], [ 34.198664232715061, 3.707822132855364 ], [ 34.186942812588093, 3.695174992448582 ], [ 34.181546755322849, 3.699704722399368 ], [ 34.159939537583163, 3.700637855667146 ], [ 34.156342812805498, 3.704260608605775 ], [ 34.144633475060701, 3.700657818064324 ], [ 34.116721075378315, 3.699789017245439 ], [ 34.115811664308126, 3.692553987222571 ], [ 34.108606532711448, 3.690753988355193 ], [ 34.107693861990306, 3.680805354705647 ], [ 34.095069083535449, 3.664539484666633 ], [ 34.076166249611809, 3.668180625498774 ], [ 34.076171663256993, 3.672703292960169 ], [ 34.08968130206047, 3.676304981487118 ], [ 34.091486406273418, 3.679920888246212 ], [ 34.088786439673271, 3.680828731902286 ], [ 34.082477390646247, 3.675409246227126 ], [ 34.067168130518667, 3.672714131773623 ], [ 34.066270997278266, 3.675428819730642 ], [ 34.071675297929559, 3.677231397444611 ], [ 34.069877818164144, 3.679947171661905 ], [ 34.041968600578642, 3.681789430257489 ], [ 34.041058783932399, 3.673649593359659 ], [ 34.053660660556631, 3.670921139104968 ], [ 34.05635535677542, 3.665490703173709 ], [ 34.064456362549414, 3.663671995530346 ], [ 34.064448886299125, 3.657340235326375 ], [ 34.069842350133406, 3.650097500831703 ], [ 34.062637565939042, 3.648296999064339 ], [ 34.058151806788388, 3.661870412912857 ], [ 34.03384858924943, 3.6673261686446 ], [ 34.028472357606368, 3.689946098242204 ], [ 34.016780746524354, 3.701718759733211 ], [ 34.016787974827402, 3.708050609951442 ], [ 34.009584729262151, 3.708058886632408 ], [ 34.005972887728163, 3.69901747200994 ], [ 33.990654039648788, 3.688180069347883 ], [ 33.958244620397231, 3.692738530746153 ], [ 33.969055355137137, 3.698154151644953 ], [ 33.989761660527499, 3.695417537618282 ], [ 33.987066464797763, 3.700847905762055 ], [ 33.989776727303536, 3.708985901691663 ], [ 33.987075486855403, 3.708988930365391 ], [ 33.978991707594162, 3.727089171272283 ], [ 33.991598778466404, 3.727979570184528 ], [ 33.991594727108826, 3.724361343738587 ], [ 33.996997291883282, 3.724355225207853 ], [ 33.9979058766611, 3.731590640897875 ], [ 33.994306174035955, 3.733403846735184 ], [ 34.000611273144038, 3.735205776300594 ], [ 34.000616398924073, 3.739728545736496 ], [ 33.987114813126766, 3.744266686020474 ], [ 33.985304821253152, 3.736127697333444 ], [ 33.978102280064505, 3.737040337569569 ], [ 33.972707586335005, 3.744282851935721 ], [ 33.978117337238707, 3.750608736556217 ], [ 33.985318972908601, 3.748791509322549 ], [ 33.984426618864703, 3.756028990318536 ], [ 33.973620049118836, 3.755136580861365 ], [ 33.972714581019723, 3.750614781164735 ], [ 33.9637109588692, 3.751529344799988 ], [ 33.963713933183136, 3.754243035668771 ], [ 33.957410663749755, 3.754249987053201 ], [ 33.946612832941163, 3.761498342037084 ], [ 33.942119191695191, 3.769644354616195 ], [ 33.954724023825975, 3.767821439974956 ], [ 33.953828470056884, 3.772345259569112 ], [ 33.95743140807506, 3.773245853609947 ], [ 33.949338812324726, 3.784109571941185 ], [ 33.92322515001954, 3.78504243924748 ], [ 33.920529358659323, 3.790472766958568 ], [ 33.910618954186823, 3.785960395900742 ], [ 33.898020152984522, 3.79411481339741 ], [ 33.878208567308604, 3.794135227204765 ], [ 33.874616469205932, 3.80408932907206 ], [ 33.862008884509898, 3.804102063381273 ], [ 33.862012482049053, 3.807720416470686 ], [ 33.844909112190827, 3.814974156958228 ], [ 33.829616108068308, 3.83217642415919 ], [ 33.835022217622218, 3.834884936397487 ], [ 33.839517188435103, 3.826739178054496 ], [ 33.862022393046658, 3.817670885880207 ], [ 33.871932163160075, 3.821279202583166 ], [ 33.88093405033888, 3.817651646526894 ], [ 33.891742535209197, 3.819449626766697 ], [ 33.89175001211899, 3.826686272189409 ], [ 33.904350241875335, 3.819436403378383 ], [ 33.909759250755727, 3.824858136582706 ], [ 33.925963349944141, 3.819413302953621 ], [ 33.940375955202562, 3.823015873126223 ], [ 33.948477855683322, 3.820293226352108 ], [ 33.960187854023907, 3.822993864487532 ], [ 33.958389791449228, 3.825709574872408 ], [ 33.960192888619609, 3.827516679737741 ], [ 33.963783948817337, 3.817562440466373 ], [ 33.97279434630083, 3.822075060448788 ], [ 33.997103451962872, 3.817524305683712 ], [ 34.007001814041857, 3.811180864957618 ], [ 34.012411239837036, 3.816601801021998 ], [ 34.006113932797305, 3.822036529816292 ], [ 34.003426046137612, 3.833798868095966 ], [ 34.010632465359258, 3.835599461317541 ], [ 34.012439932235587, 3.841024615450425 ], [ 34.013336208816931, 3.837405351311761 ], [ 34.021442122550752, 3.838300221740793 ], [ 34.032235538270442, 3.827432682397746 ], [ 34.052947499673053, 3.82740740941059 ], [ 34.053834766579691, 3.816551855717179 ], [ 34.058337290663268, 3.816546306267628 ], [ 34.060132755853658, 3.812021403498411 ], [ 34.064640813270771, 3.816538497308324 ], [ 34.086258477224099, 3.821034008859445 ], [ 34.092582618772603, 3.837307440049516 ], [ 34.103389947917222, 3.838198039649015 ], [ 34.108798859741597, 3.842713625945037 ], [ 34.112391557167975, 3.835472773282167 ], [ 34.109684202264994, 3.830953693732628 ], [ 34.10428581553137, 3.834578786800928 ], [ 34.102481320853471, 3.831867550412688 ], [ 34.098882755013399, 3.834585765772841 ], [ 34.092576875386946, 3.832784814309906 ], [ 34.105173561699004, 3.824627884671253 ], [ 34.10426843395166, 3.821010960749193 ], [ 34.099768259571185, 3.822825804768863 ], [ 34.09255854240439, 3.818312408674873 ], [ 34.097960363335055, 3.817400975290281 ], [ 34.092548260804264, 3.810171678321726 ], [ 34.108756988899835, 3.810150892128654 ], [ 34.106949091214346, 3.804726088745315 ], [ 34.099742970199479, 3.802926289234392 ], [ 34.102431776184865, 3.792973077851338 ], [ 34.096123947039388, 3.789363014960292 ], [ 34.089826351259084, 3.793893632816576 ], [ 34.094318472203945, 3.785747198148585 ], [ 34.085311591301519, 3.783949502420782 ], [ 34.077213009325746, 3.788482296298374 ], [ 34.079007228967413, 3.78305286523869 ], [ 34.074503794780313, 3.782153942031187 ], [ 34.081704132757459, 3.779431370672575 ], [ 34.078997169015196, 3.77491209150431 ], [ 34.091609163016876, 3.779418930519968 ], [ 34.108709739813001, 3.773065525835357 ], [ 34.106001547675639, 3.76764184296158 ], [ 34.11859613174736, 3.758580500126647 ], [ 34.11499327631202, 3.757680603773666 ], [ 34.117687651230185, 3.752250023595288 ], [ 34.125789103904154, 3.750430558806351 ], [ 34.128497315424539, 3.755854161402701 ], [ 34.134799082177146, 3.754941454783369 ], [ 34.135695993695386, 3.752226740357875 ], [ 34.132997080810284, 3.754039285327198 ], [ 34.132992419347985, 3.750421227707327 ], [ 34.127589934456317, 3.75042823160818 ], [ 34.126683731221448, 3.745906813341256 ], [ 34.121283565552361, 3.747722806142256 ], [ 34.123976730784904, 3.741387708717075 ], [ 34.125781009005294, 3.744098941440901 ], [ 34.131179976809925, 3.741378415019049 ], [ 34.132985435641992, 3.744994140705224 ], [ 34.139275434924883, 3.735036299681648 ], [ 34.140184008907035, 3.741366714450454 ], [ 34.143782095933808, 3.738648474511074 ], [ 34.146493874491185, 3.746785530726147 ], [ 34.155495540498407, 3.744964640504487 ], [ 34.161801916995017, 3.747669792582903 ], [ 34.162696349538152, 3.743146067705841 ], [ 34.157292778305738, 3.742248734839373 ], [ 34.161788805656968, 3.737720232798813 ], [ 34.158184865794169, 3.735915995088191 ], [ 34.164486399935711, 3.735003127189765 ], [ 34.165378442369587, 3.728670397531096 ], [ 34.171679903634477, 3.727757496314275 ], [ 34.171667945577703, 3.718712469930832 ], [ 34.178872087510904, 3.719607342203803 ], [ 34.175281412770367, 3.727752677911939 ], [ 34.179797780323796, 3.738600631564666 ], [ 34.174394253962177, 3.737703401058517 ], [ 34.174399069317644, 3.741321406727731 ], [ 34.181609462549432, 3.746738691478767 ], [ 34.185231772626352, 3.762110266232309 ], [ 34.188832178624452, 3.761200851117169 ], [ 34.188823605842593, 3.754869376989996 ], [ 34.19872675367607, 3.753951306274335 ], [ 34.197820198476663, 3.749430077668515 ], [ 34.210423161480719, 3.747603693900556 ], [ 34.221250395307301, 3.763869376869334 ], [ 34.216762227240849, 3.773825048365915 ], [ 34.218573141456702, 3.781058405382667 ], [ 34.226675610760758, 3.780142465611968 ], [ 34.227563318705698, 3.771096358738872 ], [ 34.233876350886803, 3.778323259251208 ], [ 34.248284148156884, 3.779207075283619 ], [ 34.254572697344663, 3.769248748572863 ], [ 34.238355354823497, 3.762036200095541 ], [ 34.23383181082724, 3.746666421420877 ], [ 34.240136986734974, 3.748466446435103 ], [ 34.244629919193144, 3.742128690323489 ], [ 34.250932488798597, 3.742119689794357 ] ], [ [ 34.087886083223346, 3.680829835068177 ], [ 34.086986823351829, 3.681735467348644 ], [ 34.086985726501844, 3.680830937321879 ], [ 34.087886083223346, 3.680829835068177 ] ], [ [ 34.179783292586137, 3.727746634124962 ], [ 34.17798013472013, 3.725940053393826 ], [ 34.179780882087151, 3.725937634285539 ], [ 34.179783292586137, 3.727746634124962 ] ] ], [ [ [ 34.041633166084004, 4.139487043139243 ], [ 34.035314230503261, 4.129545438025751 ], [ 34.032611678519395, 4.129548964829318 ], [ 34.033517212714408, 4.133165934480665 ], [ 34.024506329365664, 4.131368567252665 ], [ 34.025402540142679, 4.127749247720706 ], [ 34.032607003457841, 4.125930819233164 ], [ 34.033500839349784, 4.120502428215644 ], [ 34.027194948789734, 4.12051061073501 ], [ 34.026298746613868, 4.124129928880499 ], [ 34.020891353094925, 4.122327822958561 ], [ 34.02808650640543, 4.113273141372224 ], [ 34.026281366435228, 4.110561852282145 ], [ 34.018175020411945, 4.111476805514005 ], [ 34.018166991537321, 4.105145018883925 ], [ 34.012763160869135, 4.106056447986232 ], [ 34.008251066320327, 4.099730353070822 ], [ 33.987536481087027, 4.103374459197644 ], [ 33.977637199722636, 4.111527640229488 ], [ 33.987560985817616, 4.123274544954086 ], [ 33.98758561012064, 4.143174620609184 ], [ 33.992102415384792, 4.153118995315404 ], [ 33.999311796304006, 4.154918977228231 ], [ 34.003827688040786, 4.16395868653705 ], [ 34.004738921227634, 4.172098425380733 ], [ 34.000242398956658, 4.17843599415218 ], [ 34.004749276793213, 4.180239313863789 ], [ 34.01735508908547, 4.174795785309549 ], [ 34.009241144923273, 4.170283557772267 ], [ 34.017343455069181, 4.165750387659014 ], [ 34.021854941992586, 4.171171771804602 ], [ 34.015562584263165, 4.182034442643612 ], [ 34.029070389628103, 4.177494104931967 ], [ 34.025460891412195, 4.172976144282064 ], [ 34.030849811218467, 4.160305552460934 ], [ 34.020934225305538, 4.155795783433619 ], [ 34.034441566342466, 4.151255468788796 ], [ 34.036236243133182, 4.145825892800822 ], [ 34.032628073784245, 4.142212471776798 ], [ 34.041633166084004, 4.139487043139243 ] ] ], [ [ [ 34.029957155927605, 4.166638487116573 ], [ 34.03175776433104, 4.165731586195113 ], [ 34.029955979268571, 4.165733950837641 ], [ 34.029957155927605, 4.166638487116573 ] ] ] ] } },
{ "type": "Feature", "properties": { "derived_name": "CNP", "base_ecoregion": "CNP", "area_km2": 100528.0, "elev_mean_m": 1018.0, "annual_precip_mm": 1207.0, "color": "#E8C547", "pct_of_uganda": 41.7 }, "geometry": { "type": "MultiPolygon", "coordinates": [ [ [ [ 30.928970663398292, -0.716785036003216 ], [ 30.928070879999989, -0.720401164759928 ], [ 30.918189160591186, -0.724917273895445 ], [ 30.912795689095429, -0.734860157507862 ], [ 30.916385760945385, -0.740286612418775 ], [ 30.922674091279266, -0.7375771890779 ], [ 30.918181641975174, -0.741191590724809 ], [ 30.919974128883133, -0.749329607925653 ], [ 30.905601561841909, -0.753843319824853 ], [ 30.900208327154665, -0.762881888203222 ], [ 30.893023612847863, -0.761974237270398 ], [ 30.884046169636111, -0.753832825774983 ], [ 30.882253379375115, -0.746599084730527 ], [ 30.871478426754194, -0.741169235436675 ], [ 30.870587146044524, -0.726703186180577 ], [ 30.866996777964147, -0.722180985171193 ], [ 30.875982163986119, -0.713144178960283 ], [ 30.885861952964664, -0.712244649171579 ], [ 30.891254408170699, -0.704110116896862 ], [ 30.903827866906745, -0.705019947785142 ], [ 30.904722752880861, -0.712253322978632 ], [ 30.923583376459089, -0.713166051102462 ], [ 30.928970663398292, -0.716785036003216 ] ], [ [ 30.918179098666613, -0.746616362718479 ], [ 30.916383643564327, -0.744807250587633 ], [ 30.916381940375615, -0.748423761051353 ], [ 30.918179098666613, -0.746616362718479 ] ] ], [ [ [ 30.162376091377769, 0.066158559918076 ], [ 30.127372211525817, 0.053506315051076 ], [ 30.113010645315288, 0.072480718191849 ], [ 30.116599889302723, 0.085131043626929 ], [ 30.104931118270812, 0.0968765579271 ], [ 30.104032960238374, 0.104105025707618 ], [ 30.104030674034743, 0.126694228752116 ], [ 30.107620358976131, 0.130308916776722 ], [ 30.108516256851768, 0.143862596185638 ], [ 30.093256500375272, 0.158317593779922 ], [ 30.084278583615035, 0.177290919518203 ], [ 30.072610178279589, 0.182710320749881 ], [ 30.07799459311612, 0.18632539223824 ], [ 30.079787604355619, 0.198071822664096 ], [ 30.104018073097901, 0.211629627561759 ], [ 30.112993362870661, 0.211631313312186 ], [ 30.113888308442029, 0.225185120564106 ], [ 30.135433203606869, 0.204406759892281 ], [ 30.148896691086588, 0.203505570015624 ], [ 30.150693212948561, 0.195373442586286 ], [ 30.202752044510795, 0.200804132216615 ], [ 30.210829085184546, 0.208938393037443 ], [ 30.215317138252672, 0.208939195122194 ], [ 30.232372833827075, 0.203520218276245 ], [ 30.247634494112461, 0.191775002130323 ], [ 30.261099111323524, 0.191777178030307 ], [ 30.266484128019325, 0.19720021465351 ], [ 30.27097010439212, 0.210756430499901 ], [ 30.266480064224304, 0.220696280898678 ], [ 30.262889296344536, 0.221599307781926 ], [ 30.262887946835935, 0.228828844662083 ], [ 30.254808954723739, 0.229730975390606 ], [ 30.245830243740233, 0.241477063547505 ], [ 30.255705903197892, 0.233345895673278 ], [ 30.270067422854972, 0.237867198685384 ], [ 30.270964362910885, 0.241482170404512 ], [ 30.27814563721595, 0.24148362093332 ], [ 30.283533209627038, 0.23335133696707 ], [ 30.302383813004322, 0.236066157184117 ], [ 30.305976244292491, 0.227029612943648 ], [ 30.313158052729772, 0.22522349931333 ], [ 30.308671251323823, 0.216185399247828 ], [ 30.31226182999584, 0.217089769250492 ], [ 30.3149561454969, 0.209860401054255 ], [ 30.317649056489152, 0.210764599820268 ], [ 30.318547511324358, 0.206246085778643 ], [ 30.314957208630009, 0.203534282070703 ], [ 30.317651733791585, 0.194497400547155 ], [ 30.30867544855025, 0.190881054388611 ], [ 30.303291012217436, 0.180035533174318 ], [ 30.287135227342631, 0.16376632953149 ], [ 30.288034527906042, 0.151114495350831 ], [ 30.292523410560001, 0.146596486580216 ], [ 30.29073039899685, 0.125810863611312 ], [ 30.271879568889137, 0.125808884779531 ], [ 30.25482250112281, 0.142073431859622 ], [ 30.253923532172454, 0.15291754887783 ], [ 30.2494352302508, 0.153820651923502 ], [ 30.245845376478076, 0.148398110133331 ], [ 30.245848873839456, 0.116769337286502 ], [ 30.236873359346411, 0.108635398516556 ], [ 30.242260126681558, 0.096888099686442 ], [ 30.257520664143026, 0.086948777974701 ], [ 30.258419910683511, 0.060741867323309 ], [ 30.262010735860958, 0.055319901269596 ], [ 30.236876515007829, 0.065259123940078 ], [ 30.248545370596634, 0.070681856296994 ], [ 30.248544981395593, 0.077007625521337 ], [ 30.200073130563311, 0.086944529729754 ], [ 30.195585160684413, 0.086944194138495 ], [ 30.178531961902969, 0.073388505896528 ], [ 30.164170959323222, 0.070676743052641 ], [ 30.162376091377769, 0.066158559918076 ] ] ], [ [ [ 31.212775749727797, 0.804106651801043 ], [ 31.225364206019322, 0.776079100068387 ], [ 31.236146350005754, 0.7706578513455 ], [ 31.2469310737253, 0.758906387575749 ], [ 31.256813087126382, 0.75800610046427 ], [ 31.267597764544856, 0.74625438077389 ], [ 31.278378189732205, 0.745354323588922 ], [ 31.284669379328996, 0.738122220650046 ], [ 31.291856484834675, 0.737220680715385 ], [ 31.291857860246548, 0.733603380185539 ], [ 31.279284834737105, 0.723651017374236 ], [ 31.279288221864391, 0.714607825181604 ], [ 31.2667159283484, 0.702846992250337 ], [ 31.26672088197763, 0.689282292927273 ], [ 31.258641172584717, 0.674810372037062 ], [ 31.252351331951164, 0.679329633514259 ], [ 31.246963064405524, 0.674806148623219 ], [ 31.239776572722345, 0.674803535585942 ], [ 31.228992597953493, 0.686555431150021 ], [ 31.221805489615029, 0.688361328322132 ], [ 31.20923130078473, 0.682930878358756 ], [ 31.203832303535261, 0.707344481124126 ], [ 31.191255119544614, 0.710052391322315 ], [ 31.183165158006581, 0.723613280246497 ], [ 31.184060193996778, 0.731752094662744 ], [ 31.191243640940652, 0.738989226476955 ], [ 31.192137889679934, 0.748936635823967 ], [ 31.195729612747201, 0.752555239609435 ], [ 31.200201646853202, 0.798675406948047 ], [ 31.212775749727797, 0.804106651801043 ] ] ], [ [ [ 30.852570995828547, 0.832862759393709 ], [ 30.864253062537998, 0.821115890265313 ], [ 30.869639498790796, 0.825639285550765 ], [ 30.877723278017911, 0.824739534173831 ], [ 30.879527633898416, 0.809370699355296 ], [ 30.885817457164467, 0.803949347178983 ], [ 30.905574963574374, 0.807576086350522 ], [ 30.916354746667864, 0.803965154949375 ], [ 30.916360211699551, 0.793115626394003 ], [ 30.908282633551245, 0.781357924734484 ], [ 30.908291913621454, 0.762371345476902 ], [ 30.897514140245988, 0.76236605943473 ], [ 30.892127474309859, 0.757842838952066 ], [ 30.891232816589405, 0.750609495045357 ], [ 30.87596671124318, 0.746081534072513 ], [ 30.861614176884167, 0.709006604137242 ], [ 30.85443136486024, 0.704482799475741 ], [ 30.853529929179789, 0.71171511009589 ], [ 30.845444866629698, 0.71623174499386 ], [ 30.845435445487041, 0.736121636944439 ], [ 30.838247090897305, 0.74335078831703 ], [ 30.837336455155558, 0.768664614230137 ], [ 30.845412612824934, 0.782230015415185 ], [ 30.833733860719626, 0.788552513513906 ], [ 30.832829147376369, 0.801209136892324 ], [ 30.837317350369176, 0.805731930491592 ], [ 30.833722485155395, 0.810250401604539 ], [ 30.833712278169838, 0.829236051637475 ], [ 30.83730230785369, 0.833758433116058 ], [ 30.852570995828547, 0.832862759393709 ] ] ], [ [ [ 30.551605095969865, 1.011657857139767 ], [ 30.552509830712022, 1.002619562552988 ], [ 30.560593734784145, 0.99991392738283 ], [ 30.564191677649262, 0.99178146246953 ], [ 30.574968270091752, 0.990885518524596 ], [ 30.58395545065401, 0.98094901727073 ], [ 30.583072216452628, 0.960158238683297 ], [ 30.578585422275498, 0.955635461203904 ], [ 30.583084799853079, 0.94207986641936 ], [ 30.56333478404159, 0.933930861001562 ], [ 30.559749095388074, 0.924889321250698 ], [ 30.5543569347568, 0.93121288190693 ], [ 30.557947567530558, 0.933023193353143 ], [ 30.557939409512151, 0.944773915963625 ], [ 30.549846162616152, 0.961038316960243 ], [ 30.541759237007497, 0.96826359373192 ], [ 30.541743426810914, 0.989956966262442 ], [ 30.532757663173768, 0.998085208273127 ], [ 30.534543436136705, 1.011644846562471 ], [ 30.534551583961406, 1.00079822110838 ], [ 30.539937410755389, 1.003513962762579 ], [ 30.548892589635429, 1.036060977692899 ], [ 30.557869773279378, 1.039683565788498 ], [ 30.557880129332748, 1.02612504807261 ], [ 30.551605095969865, 1.011657857139767 ] ] ], [ [ [ 30.487752269244435, 1.130917348590288 ], [ 30.496732864288123, 1.13002130308418 ], [ 30.500334041685541, 1.119178083686757 ], [ 30.508416686032426, 1.118281142066512 ], [ 30.518312659324618, 1.096596599763008 ], [ 30.515622413948819, 1.09207498958868 ], [ 30.509337268387249, 1.091165883191049 ], [ 30.515626119185864, 1.087555629685022 ], [ 30.513838253532981, 1.077611561740728 ], [ 30.501270258291008, 1.073081891783993 ], [ 30.500383230176634, 1.059523229222462 ], [ 30.5048716216338, 1.061334603517766 ], [ 30.503079301680081, 1.0568138264039 ], [ 30.489610584717386, 1.055899038348646 ], [ 30.493213218508924, 1.042344106724046 ], [ 30.503101393794253, 1.02879405484507 ], [ 30.486049423387691, 1.017030488603667 ], [ 30.467193430540565, 1.016111802672064 ], [ 30.425032501969156, 0.962753472333346 ], [ 30.420543074198129, 0.962750054556101 ], [ 30.414251744356733, 0.970879472318205 ], [ 30.407071462699779, 0.96725874687342 ], [ 30.384625467281094, 0.96633761877387 ], [ 30.374757340152353, 0.955484670904408 ], [ 30.365781630477521, 0.951862683286823 ], [ 30.343356256093063, 0.92473284079581 ], [ 30.341557248137342, 0.929250230478785 ], [ 30.337966656667241, 0.928343760353658 ], [ 30.329002639880017, 0.909358411375565 ], [ 30.309261078217361, 0.895787762732961 ], [ 30.307474031882869, 0.884038027049162 ], [ 30.3002963522631, 0.877706745995104 ], [ 30.29940567261588, 0.867765198609135 ], [ 30.283249740039423, 0.862331309719882 ], [ 30.287735334055185, 0.866853078829692 ], [ 30.283214815454659, 0.910227699528211 ], [ 30.279621023239635, 0.913839783243017 ], [ 30.283208014171628, 0.919264752640912 ], [ 30.276017582611914, 0.930103639374375 ], [ 30.278706030184473, 0.936431644964608 ], [ 30.275111441161293, 0.94094733045188 ], [ 30.267030111208793, 0.942748349977754 ], [ 30.266124545292595, 0.952688254605125 ], [ 30.258936681514694, 0.959912000906237 ], [ 30.258013290222006, 0.991540283425441 ], [ 30.229278126172016, 0.999649165814885 ], [ 30.231969871783768, 1.001458785479861 ], [ 30.230170558176056, 1.005975580130964 ], [ 30.222989302544022, 1.00506577257893 ], [ 30.227474236895794, 1.009587925826343 ], [ 30.222969210248902, 1.028560903441589 ], [ 30.227458778747327, 1.027661172275743 ], [ 30.225653849154298, 1.038503532178648 ], [ 30.229240160574978, 1.043928686251095 ], [ 30.223849608159924, 1.048442197700332 ], [ 30.222946251606732, 1.054767006367576 ], [ 30.228332043689942, 1.055675505898025 ], [ 30.224734541764889, 1.062901559595508 ], [ 30.230116309725172, 1.068328415049537 ], [ 30.227421371907191, 1.070133292347547 ], [ 30.230112251878374, 1.072846735339623 ], [ 30.228305244592821, 1.085496374271628 ], [ 30.231897998963184, 1.083692356680439 ], [ 30.231893885514292, 1.088210683354742 ], [ 30.238175891114153, 1.090927495817638 ], [ 30.24086346752706, 1.09725568971285 ], [ 30.23994896514715, 1.115328283417307 ], [ 30.234552885480888, 1.125263529262246 ], [ 30.236340785357175, 1.133398259515442 ], [ 30.248002772089592, 1.143349904048413 ], [ 30.26236522842488, 1.146074801108214 ], [ 30.264155709979164, 1.151498666596217 ], [ 30.269540941695862, 1.153311255747049 ], [ 30.26953228931125, 1.162348191658281 ], [ 30.274017979134388, 1.165967347292149 ], [ 30.282997235805272, 1.165072384918463 ], [ 30.290172190044348, 1.173212733686301 ], [ 30.293763595520403, 1.173216234548506 ], [ 30.300057217012458, 1.164185184898976 ], [ 30.308134498663765, 1.167807856519737 ], [ 30.313536181726853, 1.152449694656342 ], [ 30.32520420206566, 1.156979434841812 ], [ 30.32790288260172, 1.151559567078444 ], [ 30.337779505397783, 1.151568874287021 ], [ 30.34134730418263, 1.176877172527369 ], [ 30.360179054268471, 1.202200514630169 ], [ 30.370955761882758, 1.200403447048314 ], [ 30.377248934417082, 1.1922755658513 ], [ 30.384431462372596, 1.1931862265244 ], [ 30.389824130561962, 1.187768684881383 ], [ 30.396106249387682, 1.191389804292839 ], [ 30.400597618518116, 1.189586493208003 ], [ 30.409569394507784, 1.197729167274648 ], [ 30.415855026025454, 1.197735143111625 ], [ 30.418554785837767, 1.191411077889865 ], [ 30.423045381169366, 1.190511504204328 ], [ 30.432018222250012, 1.197750443065466 ], [ 30.449076247101072, 1.201381788418014 ], [ 30.451772683733488, 1.198672839720766 ], [ 30.458056857118883, 1.200486385094028 ], [ 30.456265068968957, 1.195965553652864 ], [ 30.449082937290409, 1.19415118977374 ], [ 30.449994164027817, 1.179690820101659 ], [ 30.458095417683023, 1.158006313720956 ], [ 30.47336094261864, 1.158020057935557 ], [ 30.486842552091513, 1.14447434187816 ], [ 30.487752269244435, 1.130917348590288 ] ] ], [ [ [ 31.051439578698069, 1.578028464570991 ], [ 31.050540246426102, 1.578931814538693 ], [ 31.051438736649271, 1.578932662374441 ], [ 31.051439578698069, 1.578028464570991 ] ] ], [ [ [ 31.052337227355395, 1.57893350981994 ], [ 31.051437894117509, 1.579836860169548 ], [ 31.052336385211536, 1.579837708100585 ], [ 31.052337227355395, 1.57893350981994 ] ] ], [ [ [ 31.722621956800005, 3.51505934734501 ], [ 31.723518398377784, 3.517773996973034 ], [ 31.723522088986137, 3.515060583433163 ], [ 31.722621956800005, 3.51505934734501 ] ] ], [ [ [ 32.043909476089127, 3.591429139505645 ], [ 32.044808840905525, 3.592334653840226 ], [ 32.044809781307436, 3.59143008468659 ], [ 32.043909476089127, 3.591429139505645 ] ] ], [ [ [ 33.035179136790582, 1.216151835041863 ], [ 33.036078000486818, 1.215247096001668 ], [ 33.035179125081221, 1.215247107933379 ], [ 33.035179136790582, 1.216151835041863 ] ] ], [ [ [ 32.5632084279937, 1.569854017683143 ], [ 32.565005459193365, 1.574377886215516 ], [ 32.571298916204519, 1.571665100577449 ], [ 32.565009002653255, 1.55718861780869 ], [ 32.568606568450669, 1.549047071424088 ], [ 32.560516352565848, 1.546331304763086 ], [ 32.552424077454766, 1.553567179319751 ], [ 32.546131638379919, 1.551756436399838 ], [ 32.548826058850238, 1.563518070333378 ], [ 32.554219744934159, 1.564423926699115 ], [ 32.562306610071339, 1.583424297280587 ], [ 32.565003955557955, 1.58161547206155 ], [ 32.559612115542905, 1.571662654051504 ], [ 32.5632084279937, 1.569854017683143 ] ] ], [ [ [ 32.820319830466275, 1.587081832986896 ], [ 32.819420739118108, 1.587986474083005 ], [ 32.820319752359275, 1.587986552904923 ], [ 32.820319830466275, 1.587081832986896 ] ] ], [ [ [ 32.820319752359275, 1.587986552904923 ], [ 32.821218687884468, 1.588891351288231 ], [ 32.821218765645021, 1.587986631333452 ], [ 32.820319752359275, 1.587986552904923 ] ] ], [ [ [ 32.358224578801625, 1.630413529545657 ], [ 32.359123272202972, 1.63131848470427 ], [ 32.35912355839482, 1.630413817670009 ], [ 32.358224578801625, 1.630413529545657 ] ] ], [ [ [ 33.02530040965565, 1.950788012620597 ], [ 33.026199629980503, 1.952597440253542 ], [ 33.026199601973929, 1.950787998779427 ], [ 33.02530040965565, 1.950788012620597 ] ] ], [ [ [ 31.149895084241628, 0.802269936039005 ], [ 31.138220601272025, 0.795030612235494 ], [ 31.137324742253313, 0.789604714170405 ], [ 31.121162985482997, 0.773321067691406 ], [ 31.123858985782338, 0.770609543487008 ], [ 31.121166939229163, 0.764278666999068 ], [ 31.12835621362678, 0.757047875501276 ], [ 31.130155839424294, 0.749814697503476 ], [ 31.137343535011084, 0.746200787910323 ], [ 31.132857472694429, 0.733539423019554 ], [ 31.116688732366523, 0.733532600675454 ], [ 31.112189379584922, 0.752519640440325 ], [ 31.106797475837965, 0.757942684139026 ], [ 31.099611024615566, 0.758843743903181 ], [ 31.094221500706485, 0.758841356402428 ], [ 31.08614080522948, 0.750699767167346 ], [ 31.080749752618743, 0.754314263966031 ], [ 31.066383443241509, 0.741648901067631 ], [ 31.066378698454304, 0.752499435358331 ], [ 31.060982836328201, 0.766964358334637 ], [ 31.054693143664029, 0.771482509379149 ], [ 31.047509340756207, 0.766958190517845 ], [ 31.036727309867818, 0.774186786084651 ], [ 31.021456713773528, 0.775988012286654 ], [ 31.016058893446317, 0.794069144408291 ], [ 31.000779577403069, 0.813953590461405 ], [ 31.004367966844455, 0.822997153186639 ], [ 30.99538081365483, 0.832938510311112 ], [ 30.982807683136453, 0.829315389166427 ], [ 30.980110763924429, 0.833834823029717 ], [ 30.975615089418582, 0.842874109778428 ], [ 30.980096232437791, 0.861863889553578 ], [ 30.990871977988462, 0.867294646458374 ], [ 30.991768288082245, 0.870911805877392 ], [ 30.999852307460078, 0.870916134268375 ], [ 30.998952169055535, 0.874532349519101 ], [ 30.983679477471529, 0.879949113139542 ], [ 30.983677530891285, 0.883565774242404 ], [ 30.942357417300379, 0.888063672765411 ], [ 30.9360660099873, 0.895293249326531 ], [ 30.927986305696656, 0.888055589071174 ], [ 30.914514014482133, 0.8871438337013 ], [ 30.898339618817715, 0.899792253273643 ], [ 30.887561542140329, 0.89978598487993 ], [ 30.886670094504463, 0.888032035611288 ], [ 30.87589058240172, 0.890738124911125 ], [ 30.861526293604921, 0.879880617608059 ], [ 30.842668371281444, 0.874445180758264 ], [ 30.840876214629084, 0.867211479776781 ], [ 30.834589799078149, 0.866303784408179 ], [ 30.832797632661499, 0.859070127721236 ], [ 30.825613648112419, 0.85725787021712 ], [ 30.824720602322131, 0.848216626520042 ], [ 30.829217220855121, 0.837370256634514 ], [ 30.796885223512085, 0.837352092754535 ], [ 30.789702956840593, 0.832827761014391 ], [ 30.782513635917361, 0.840960123304255 ], [ 30.763650698767865, 0.846373501947297 ], [ 30.752866928428666, 0.85811960510768 ], [ 30.744784239408762, 0.85811481499233 ], [ 30.733104509559539, 0.866244014278595 ], [ 30.733997720521007, 0.87438070854216 ], [ 30.73758838279069, 0.877094948180751 ], [ 30.733082562031882, 0.902404670288487 ], [ 30.742054368885224, 0.916874645702563 ], [ 30.726786978930342, 0.916864916444639 ], [ 30.72319238551432, 0.92047865766223 ], [ 30.71331301125333, 0.92137629615213 ], [ 30.707914695164536, 0.936740813600327 ], [ 30.712403290771164, 0.939455777636688 ], [ 30.708799104470593, 0.957533421798774 ], [ 30.688139860504055, 0.962943381845015 ], [ 30.678244456137389, 0.987344108649631 ], [ 30.659384596022953, 0.988234760736628 ], [ 30.653993110726272, 0.992750758957517 ], [ 30.6620634128756, 1.009931962140366 ], [ 30.662050371884845, 1.028011368650226 ], [ 30.648578134206147, 1.029809330667289 ], [ 30.640499624340745, 1.024379578698158 ], [ 30.6243227296669, 1.040638572023841 ], [ 30.609055380752967, 1.041530891548113 ], [ 30.618033715619166, 1.044249563492703 ], [ 30.621621112176975, 1.050579908550722 ], [ 30.621618371861715, 1.054195683289275 ], [ 30.615329994862183, 1.056902660109962 ], [ 30.609945196949038, 1.052378809466439 ], [ 30.609045780497826, 1.054185987107369 ], [ 30.626101040906576, 1.064142546462969 ], [ 30.641340065695879, 1.100312598861107 ], [ 30.683524638169274, 1.132889314091132 ], [ 30.694285401577339, 1.153689747979479 ], [ 30.702364169149348, 1.159120304703485 ], [ 30.706845319860232, 1.170875946586935 ], [ 30.721205296493743, 1.183543846632486 ], [ 30.727475276012722, 1.204341295940859 ], [ 30.724778545042774, 1.207051060445181 ], [ 30.717594794249681, 1.205236988420962 ], [ 30.717589509664815, 1.211565021649848 ], [ 30.73373592030736, 1.235987086967561 ], [ 30.732830047571177, 1.245026456579436 ], [ 30.751681110148372, 1.25769908195189 ], [ 30.76513152593073, 1.283927721886162 ], [ 30.781290795309051, 1.293886383678991 ], [ 30.788463210024833, 1.309261521417217 ], [ 30.823474279547991, 1.33279819206454 ], [ 30.838721743746341, 1.359030005640802 ], [ 30.846782033651905, 1.386159766860354 ], [ 30.855761772167842, 1.389784325897981 ], [ 30.856652715906755, 1.397921945705325 ], [ 30.868323393389328, 1.40606950840208 ], [ 30.877293453261498, 1.420543362113532 ], [ 30.888070139778652, 1.4241697343094 ], [ 30.894350268347718, 1.433216633430092 ], [ 30.903330429990802, 1.436841393683017 ], [ 30.918589283547949, 1.451321446899866 ], [ 30.928451419409605, 1.473029704995007 ], [ 30.932911273521963, 1.5073909406393 ], [ 30.949062005043192, 1.529105729174868 ], [ 30.953542896862523, 1.540863915678089 ], [ 30.968824660061394, 1.531837103808221 ], [ 31.009253466696283, 1.532779470417592 ], [ 31.020924168028483, 1.542736364083539 ], [ 31.023606970111008, 1.556301629489414 ], [ 31.045157741063676, 1.569884774970015 ], [ 31.049642599510257, 1.578026769480994 ], [ 31.049645965972871, 1.57440998207084 ], [ 31.054135051101397, 1.578031004280799 ], [ 31.056833044123813, 1.575320938290407 ], [ 31.058626675802326, 1.578939431011393 ], [ 31.070307976463447, 1.578046168823385 ], [ 31.075688975630772, 1.58890172505058 ], [ 31.114330975395056, 1.582607965971389 ], [ 31.133196869895187, 1.586242109991933 ], [ 31.153853679911947, 1.597111789856511 ], [ 31.160144358518508, 1.596213211861658 ], [ 31.167325584173319, 1.604357997765817 ], [ 31.190676374149188, 1.617942977169321 ], [ 31.223895513933478, 1.650526855761457 ], [ 31.234674876682927, 1.655057976056542 ], [ 31.239157561391096, 1.666817813234449 ], [ 31.249932284097984, 1.676774773894007 ], [ 31.273286597906239, 1.688551683805723 ], [ 31.287653952870311, 1.701224916916075 ], [ 31.28944569453655, 1.707556743463659 ], [ 31.298430007105754, 1.710277734735519 ], [ 31.303804480058435, 1.730177667938315 ], [ 31.321748569800189, 1.763654046327491 ], [ 31.322592915337918, 1.82334078566614 ], [ 31.328888265270788, 1.818824999006457 ], [ 31.346865610588267, 1.816128627608521 ], [ 31.367532827375921, 1.820669296401736 ], [ 31.377407014055866, 1.834243630582833 ], [ 31.402509763750032, 1.90390272680326 ], [ 31.408798995021975, 1.906621691245112 ], [ 31.415980448590751, 1.916576468205468 ], [ 31.413266391419999, 1.935565766002973 ], [ 31.417752177095814, 1.944613727591747 ], [ 31.406046755165129, 1.966307507679063 ], [ 31.404223972255931, 1.992532431421085 ], [ 31.404218741115745, 1.997958634136921 ], [ 31.412298105302085, 2.008818966778457 ], [ 31.406889901118902, 2.024187942841869 ], [ 31.410461501089578, 2.048609466956743 ], [ 31.395138470989487, 2.090194806748721 ], [ 31.384334821748713, 2.106462107539539 ], [ 31.385229078159455, 2.110984831763535 ], [ 31.386130796802995, 2.108272697294916 ], [ 31.388825698336682, 2.110084225005911 ], [ 31.391497227914716, 2.134504753131456 ], [ 31.385170433818114, 2.167054966127124 ], [ 31.376169320680773, 2.177897529353126 ], [ 31.384249320650905, 2.187854192724422 ], [ 31.374366555837902, 2.182417337949975 ], [ 31.374361693004616, 2.186939095905072 ], [ 31.369868844709863, 2.185125492986094 ], [ 31.369865916523231, 2.187838541601791 ], [ 31.379752553480973, 2.18965802456946 ], [ 31.377047861898461, 2.196889911578203 ], [ 31.374348023396529, 2.199600016665975 ], [ 31.360865514333135, 2.197776488496517 ], [ 31.366251410830913, 2.205017215093025 ], [ 31.374341158929273, 2.205930476207102 ], [ 31.368045402972811, 2.208636592736567 ], [ 31.367138518196217, 2.215870383433083 ], [ 31.369834455903572, 2.216777720442358 ], [ 31.365336597801232, 2.219485777226398 ], [ 31.369826525994746, 2.224012513315015 ], [ 31.363529677325843, 2.227622893088286 ], [ 31.369817573885335, 2.232151654412346 ], [ 31.357215688235275, 2.246607056505996 ], [ 31.371594554418575, 2.251145000829063 ], [ 31.358112656590006, 2.248416759872035 ], [ 31.357208603263853, 2.252937457632097 ], [ 31.36438740849081, 2.264702096804554 ], [ 31.373376456054615, 2.2656166233649 ], [ 31.382344380554152, 2.285522537240388 ], [ 31.385945528402516, 2.281004828888433 ], [ 31.385936437828491, 2.289144028872036 ], [ 31.394916659898616, 2.298197773734274 ], [ 31.392214482883105, 2.302716513386148 ], [ 31.39670462601293, 2.307243406359579 ], [ 31.415568579838627, 2.321734574066852 ], [ 31.459603417844104, 2.339871285021252 ], [ 31.468584528657367, 2.348925093934294 ], [ 31.487432454352586, 2.379695326924115 ], [ 31.487427520627691, 2.384217318516899 ], [ 31.481133601195822, 2.384210349782204 ], [ 31.481078482044378, 2.433952091282455 ], [ 31.483767873596253, 2.441190312209268 ], [ 31.500837066780651, 2.454775622208472 ], [ 31.512527499276398, 2.453884342275736 ], [ 31.532281981739292, 2.479229957152224 ], [ 31.531373777886522, 2.487368690607722 ], [ 31.515175727628851, 2.498203377556178 ], [ 31.515171660757868, 2.501821010601787 ], [ 31.493594557065013, 2.498178675288494 ], [ 31.483698066910961, 2.502689210172981 ], [ 31.47108601719415, 2.522571086832479 ], [ 31.467470026526506, 2.538845813836181 ], [ 31.471065877809604, 2.539754485331052 ], [ 31.471060555174095, 2.544276431517452 ], [ 31.466559046226255, 2.548793002024288 ], [ 31.465641547526335, 2.564166499537412 ], [ 31.458438928337785, 2.57139287694914 ], [ 31.460282632756154, 2.53341091086218 ], [ 31.477401518615615, 2.504490662306045 ], [ 31.490909289768055, 2.48732278307445 ], [ 31.504400424127073, 2.484625012090901 ], [ 31.511586986700767, 2.490964030398789 ], [ 31.518780706523636, 2.490972181429697 ], [ 31.524184055309352, 2.483742971736675 ], [ 31.51700042709798, 2.474690780942168 ], [ 31.482853447412154, 2.45475522502143 ], [ 31.468482062756483, 2.441172890800593 ], [ 31.470343069061492, 2.38510272719316 ], [ 31.456884294891331, 2.359764791145909 ], [ 31.438019297468426, 2.345273554472857 ], [ 31.409254847788983, 2.33981477298646 ], [ 31.389487744569671, 2.328939797000622 ], [ 31.378694973541883, 2.332544763156656 ], [ 31.371504646177168, 2.330727713341453 ], [ 31.359844137266357, 2.307201144966898 ], [ 31.335595650628086, 2.285468810019688 ], [ 31.333818419224269, 2.267380074194343 ], [ 31.323043018049141, 2.256515619409357 ], [ 31.319464696811725, 2.241137909509375 ], [ 31.304198888902384, 2.226651092334677 ], [ 31.302424680993521, 2.205849695840009 ], [ 31.288947862864674, 2.199503977862904 ], [ 31.276387688609784, 2.177786065115558 ], [ 31.252094229214428, 2.197652424266529 ], [ 31.203526532349713, 2.2202012437706 ], [ 31.20253652401265, 2.294350214204888 ], [ 31.196249578074777, 2.289820920185462 ], [ 31.173781952068502, 2.285271027219677 ], [ 31.165700810945303, 2.278026655319569 ], [ 31.142321005113502, 2.284326204628741 ], [ 31.13244934632495, 2.271654046509255 ], [ 31.132458625685278, 2.264420179640941 ], [ 31.123467406368508, 2.266216959621309 ], [ 31.118962447645963, 2.274349132071589 ], [ 31.111772513674289, 2.27343546352027 ], [ 31.09737971362307, 2.281554405149437 ], [ 31.094673525786447, 2.288784522225198 ], [ 31.087482445958592, 2.288774893797513 ], [ 31.082075904234394, 2.298713921178238 ], [ 31.074883615963309, 2.299608389892797 ], [ 31.081172182663011, 2.302329530497268 ], [ 31.085656958737381, 2.309569274839228 ], [ 31.06944501591488, 2.333056446642365 ], [ 31.073924727324222, 2.343913063081588 ], [ 31.036131593638874, 2.371889932885982 ], [ 31.027129695458221, 2.380918831105094 ], [ 31.026221765751782, 2.387246763817537 ], [ 31.022629994006177, 2.384529047528668 ], [ 31.020827002974606, 2.388143137854406 ], [ 31.012735528015057, 2.389035564027208 ], [ 31.01002315138091, 2.399881632823635 ], [ 31.001035366761389, 2.398964286933992 ], [ 30.992035754954383, 2.406184297099845 ], [ 30.979448449159051, 2.407973904688053 ], [ 30.974959289594445, 2.404350610021946 ], [ 30.964173916516106, 2.403430332747198 ], [ 30.960586408767213, 2.398000105745999 ], [ 30.956090654657149, 2.398897498764375 ], [ 30.959679477061648, 2.403423586374197 ], [ 30.96866703134895, 2.404341207305685 ], [ 30.975847507274793, 2.411585127090579 ], [ 30.98752661135341, 2.416123324043515 ], [ 30.987519947103149, 2.420644091143943 ], [ 30.977619842891364, 2.428766624477132 ], [ 30.966830213376305, 2.430558628608565 ], [ 30.965916381305668, 2.440502818842591 ], [ 30.94969743347762, 2.465793794199449 ], [ 30.930811784486817, 2.471189139751666 ], [ 30.921809979299944, 2.479312062955351 ], [ 30.920000834398365, 2.486542137061876 ], [ 30.896626239832269, 2.488313090724591 ], [ 30.895720156624517, 2.49283214892224 ], [ 30.897512231363525, 2.496451441507369 ], [ 30.903804636130531, 2.496461546561169 ], [ 30.904692076247681, 2.503695828665076 ], [ 30.908287769314327, 2.503701603642337 ], [ 30.908260425022561, 2.520879637248666 ], [ 30.916342229852358, 2.526317353054345 ], [ 30.920822547272678, 2.535365735243854 ], [ 30.920802284862067, 2.548023329491953 ], [ 30.928868319178306, 2.563406448664029 ], [ 30.925265124872428, 2.567921174690954 ], [ 30.924342724418914, 2.582385553991455 ], [ 30.917147889728469, 2.584181944761443 ], [ 30.917103432854688, 2.611305273313324 ], [ 30.925164711638345, 2.629401035658495 ], [ 30.925063443423163, 2.689976717810537 ], [ 30.928655129430947, 2.692695210479036 ], [ 30.929529701845595, 2.707162612124844 ], [ 30.933121429206189, 2.709881137622245 ], [ 30.929518942759135, 2.713491427239672 ], [ 30.929506615782799, 2.7207243579341 ], [ 30.909726742927901, 2.720690060968702 ], [ 30.907035741410393, 2.717068945571024 ], [ 30.884566889325182, 2.712509127287023 ], [ 30.873792417129735, 2.704353357531101 ], [ 30.85221704508168, 2.703411084744956 ], [ 30.831500737141422, 2.725071536605346 ], [ 30.825207493221871, 2.725060127201523 ], [ 30.823368645721917, 2.747658199751414 ], [ 30.836843028012836, 2.754011261109942 ], [ 30.837722478774591, 2.764861643373136 ], [ 30.846716467763365, 2.763069940627866 ], [ 30.847607390879723, 2.76759191714936 ], [ 30.860188044373839, 2.771231119629863 ], [ 30.86196670963178, 2.782083296876828 ], [ 30.885289961521142, 2.811960611285986 ], [ 30.884346639950671, 2.836369362420927 ], [ 30.890609486398517, 2.853558659018978 ], [ 30.888768067065826, 2.877061693365878 ], [ 30.881556196040226, 2.886993232691112 ], [ 30.876157705140884, 2.888791278764048 ], [ 30.874332349706155, 2.903253201237137 ], [ 30.869836363152007, 2.90324469400649 ], [ 30.870727086146108, 2.907766792772045 ], [ 30.866224289881512, 2.911374563694203 ], [ 30.867106454353955, 2.920417042958064 ], [ 30.858999885045591, 2.927634149703393 ], [ 30.860789719672699, 2.93215796530176 ], [ 30.854472789938878, 2.943898752384111 ], [ 30.858939464443353, 2.959276655660178 ], [ 30.838230871114281, 2.97279721108226 ], [ 30.83281603774352, 2.982731188232755 ], [ 30.824712246100244, 2.988139438804477 ], [ 30.826491118781469, 2.998087582492447 ], [ 30.82378264841952, 3.003506492919802 ], [ 30.817478931549434, 3.008014102669959 ], [ 30.801296156989814, 3.006173366552374 ], [ 30.791380883188818, 3.017905684668286 ], [ 30.779681605859039, 3.022401870505935 ], [ 30.778758413800347, 3.034152303926392 ], [ 30.769745545756571, 3.044077881402431 ], [ 30.768833258802221, 3.050404118009231 ], [ 30.784098405917312, 3.061284166209087 ], [ 30.791294459106709, 3.060395058077872 ], [ 30.794880467724198, 3.065826684009858 ], [ 30.79392535484493, 3.092945726175617 ], [ 30.800203709300984, 3.101095163803131 ], [ 30.802834110315946, 3.133646054061265 ], [ 30.81001760082923, 3.139085431587728 ], [ 30.809976035512737, 3.158974283637116 ], [ 30.824292203169854, 3.194262496405583 ], [ 30.83057288514793, 3.201508276465403 ], [ 30.827857456798295, 3.209638971932284 ], [ 30.83052131149536, 3.225917626985252 ], [ 30.842193092535133, 3.235887237647407 ], [ 30.83677137875312, 3.247628378907047 ], [ 30.838543332042885, 3.260289004115262 ], [ 30.843025293659583, 3.26753114976734 ], [ 30.87089053813731, 3.276631657854192 ], [ 30.867275245609775, 3.28476060360423 ], [ 30.876257040101414, 3.291108385696819 ], [ 30.875332562653217, 3.302859438209182 ], [ 30.8825231245563, 3.305587109372572 ], [ 30.886105970164802, 3.312827463228258 ], [ 30.893304317306033, 3.311938778974367 ], [ 30.888779672783489, 3.324586320007688 ], [ 30.891461060987702, 3.332728871580317 ], [ 30.887849257595647, 3.339049697544555 ], [ 30.893242873520084, 3.34086950495201 ], [ 30.90220599789437, 3.356258375281693 ], [ 30.910296661473073, 3.358988074477669 ], [ 30.912080489196413, 3.366224702332132 ], [ 30.918372051164983, 3.368950526803615 ], [ 30.918337378797922, 3.385224305547464 ], [ 30.938994672442643, 3.401542702195919 ], [ 30.937071242016025, 3.459401790600587 ], [ 30.943359518673478, 3.463936083332217 ], [ 30.942422594077183, 3.481112227247492 ], [ 30.937898282784943, 3.492855758686069 ], [ 30.940579771197008, 3.500998688550085 ], [ 30.936962907891083, 3.509127704129247 ], [ 30.910869966166107, 3.509069529744377 ], [ 30.902786349372303, 3.502722715780699 ], [ 30.891991549916025, 3.501794299354081 ], [ 30.872242382090395, 3.481859838588131 ], [ 30.862341626538537, 3.483645474775396 ], [ 30.863231117909546, 3.488167847438866 ], [ 30.879342278634567, 3.525271669092074 ], [ 30.887374440406965, 3.554220647161153 ], [ 30.902629797286647, 3.572337391077325 ], [ 30.907981397088484, 3.593143797754181 ], [ 30.921464548071526, 3.599503418868367 ], [ 30.926824665124542, 3.616693649151641 ], [ 30.928620284543843, 3.618505976636282 ], [ 30.934015388918834, 3.620326549550849 ], [ 30.939418709003988, 3.618530677623212 ], [ 30.940300177399106, 3.626669690448504 ], [ 30.949284726225816, 3.633018995035791 ], [ 30.946544060990202, 3.651095034236637 ], [ 30.955504206361578, 3.668293809963274 ], [ 30.96719311903669, 3.672841183215768 ], [ 30.975239451586067, 3.696366904421756 ], [ 30.995012457180909, 3.708165785621763 ], [ 31.00851644837644, 3.706388102157192 ], [ 31.009424531255153, 3.702773558604062 ], [ 31.017530540160809, 3.700079341205535 ], [ 31.019346587688684, 3.692850182893815 ], [ 31.031038530199762, 3.696492910305656 ], [ 31.048102954546877, 3.71280579154925 ], [ 31.053503120687559, 3.712817747384984 ], [ 31.060689543329651, 3.719162838045864 ], [ 31.060673713068716, 3.72639620943291 ], [ 31.063371877348448, 3.727306347456053 ], [ 31.060653881685329, 3.735437921899167 ], [ 31.065144256703615, 3.739968751112278 ], [ 31.076837226742093, 3.743611293254748 ], [ 31.084045685414022, 3.740010388078312 ], [ 31.088542136949322, 3.741828613346063 ], [ 31.090357945496194, 3.734599054592841 ], [ 31.093948471729828, 3.739127846213755 ], [ 31.100256809225417, 3.735524791142706 ], [ 31.105647576318024, 3.740057473415468 ], [ 31.10023733480174, 3.744566712484785 ], [ 31.1047260922611, 3.750001660509151 ], [ 31.109228512143595, 3.749107236813777 ], [ 31.113717357566756, 3.754542178020915 ], [ 31.118221753063811, 3.752743513782867 ], [ 31.128996046111531, 3.765425674682126 ], [ 31.134398715264531, 3.764533087231905 ], [ 31.136189343555504, 3.769058004565409 ], [ 31.155971333028948, 3.779046755314966 ], [ 31.164942389007969, 3.793533491077221 ], [ 31.290970569920432, 3.793792629224289 ], [ 31.358577361728059, 3.746899326120152 ], [ 31.421646681615794, 3.717172134972262 ], [ 31.444179014780001, 3.701838156499228 ], [ 31.488326322208721, 3.680209723661719 ], [ 31.508139920870857, 3.674816893872561 ], [ 31.501871591029673, 3.654909879539689 ], [ 31.50189106963289, 3.643152897115241 ], [ 31.505499219584912, 3.63863697694918 ], [ 31.516304239009667, 3.636846102523414 ], [ 31.520790341182462, 3.645897433015959 ], [ 31.537877790195438, 3.655873864689217 ], [ 31.545978146515576, 3.656791476665612 ], [ 31.573844481813016, 3.682159967578003 ], [ 31.669223362790525, 3.714868249941653 ], [ 31.680025760146243, 3.715788971136363 ], [ 31.687240308934342, 3.707659658282425 ], [ 31.693541152676008, 3.70857347447252 ], [ 31.693535837749277, 3.712191300760813 ], [ 31.698034771332008, 3.714006883041128 ], [ 31.704340970860802, 3.711302800074507 ], [ 31.707934356906311, 3.716734859395499 ], [ 31.712435989557214, 3.716741459864942 ], [ 31.722314820088133, 3.733940764952953 ], [ 31.725916215893267, 3.733946012451654 ], [ 31.730391915304466, 3.752041932491531 ], [ 31.737602667220386, 3.746625567846529 ], [ 31.756482264179617, 3.766551227313268 ], [ 31.801458831609857, 3.798271788662352 ], [ 31.80415018675313, 3.805511489654259 ], [ 31.796034834038299, 3.813640585188035 ], [ 31.796926478293216, 3.819973281494227 ], [ 31.816734247482469, 3.821809886558281 ], [ 31.826645588992587, 3.817301026495057 ], [ 31.842877042366148, 3.800137468093908 ], [ 31.87351965905529, 3.779374232096086 ], [ 31.881643333300971, 3.764007929622104 ], [ 31.898773127102061, 3.746843826050324 ], [ 31.915917743987247, 3.717015761248974 ], [ 31.928539635669296, 3.70346319472116 ], [ 31.95019346695128, 3.665498434995859 ], [ 31.959206405769766, 3.657368089928519 ], [ 31.9601182046354, 3.647419148177276 ], [ 31.951131589504435, 3.632935983594809 ], [ 31.95206102702404, 3.607609833695258 ], [ 31.960195448064212, 3.579578250877913 ], [ 31.957503832841471, 3.571434264247913 ], [ 31.967401670296123, 3.57596823034556 ], [ 31.974604835272061, 3.575071786982222 ], [ 31.98000045929723, 3.580505138413029 ], [ 32.000706896679517, 3.580528036301897 ], [ 32.002511376465677, 3.576911773410635 ], [ 32.039414566895843, 3.585092425712272 ], [ 32.043910417138484, 3.590524570572493 ], [ 32.046615082039324, 3.586909123954135 ], [ 32.053813777869067, 3.59053491599304 ], [ 32.057425196910209, 3.580588352684813 ], [ 32.070035775538464, 3.574269245759688 ], [ 32.072744828401767, 3.566130796093054 ], [ 32.07724446644724, 3.567944494518885 ], [ 32.080848327154307, 3.565234377172594 ], [ 32.081765623965175, 3.548048269653803 ], [ 32.088075510433761, 3.539913297026011 ], [ 32.087178784978789, 3.536294082801964 ], [ 32.082675695823539, 3.538098787013094 ], [ 32.085384459962988, 3.529960237243227 ], [ 32.102489366974289, 3.52997697311039 ], [ 32.202441129611515, 3.504739382880573 ], [ 32.202425767348707, 3.522831563022492 ], [ 32.208716228124921, 3.536406109566318 ], [ 32.208707010137815, 3.54726142770199 ], [ 32.218598161849229, 3.56174366592249 ], [ 32.214091198628786, 3.568072096465995 ], [ 32.214983065067116, 3.578023584936989 ], [ 32.208669074928977, 3.591587283283943 ], [ 32.19695985980934, 3.597004670032589 ], [ 32.414754566061809, 3.742819176587257 ], [ 32.720936713238643, 3.764682984266493 ], [ 32.834406254229108, 3.795471421344055 ], [ 32.839810720275558, 3.79185369071892 ], [ 32.854220193156216, 3.795475001297802 ], [ 32.854226832156371, 3.755668684007224 ], [ 32.85152581722037, 3.751144780611583 ], [ 32.860530696711258, 3.757479095910724 ], [ 32.870437111337246, 3.758385317039557 ], [ 32.866833627333776, 3.765622291585045 ], [ 32.856926545538727, 3.768334784002972 ], [ 32.864130130857284, 3.776478147232056 ], [ 32.874037416645244, 3.772860885715766 ], [ 32.875839794031869, 3.764718935770355 ], [ 32.885746665552745, 3.762910914417062 ], [ 32.889349642364749, 3.758387927586727 ], [ 32.895653607111392, 3.760198088032164 ], [ 32.893851642442804, 3.766530704742776 ], [ 32.901056691698344, 3.764722174017283 ], [ 32.906461183225908, 3.756580553023679 ], [ 32.901058322398448, 3.750247118090356 ], [ 32.906462049243281, 3.748438331837965 ], [ 32.911865392359665, 3.750248277335622 ], [ 32.910063936314465, 3.752962167488938 ], [ 32.914566984652218, 3.75205792916399 ], [ 32.912765083736609, 3.759295281434333 ], [ 32.928075485072135, 3.756582607116936 ], [ 32.928075040327329, 3.762010756706441 ], [ 32.933478650940152, 3.762011187001245 ], [ 32.940684503841048, 3.746631945652862 ], [ 32.936182489195069, 3.733965938018646 ], [ 32.946089621381255, 3.720396215207569 ], [ 32.946088684735031, 3.735775988684991 ], [ 32.949690830975804, 3.738490280397441 ], [ 32.95059080046083, 3.74934663927631 ], [ 32.956894702885606, 3.753870434695646 ], [ 32.963199351470983, 3.74210972310458 ], [ 32.966801474518476, 3.74753802215351 ], [ 32.963198632521866, 3.759298876918208 ], [ 32.967701296670221, 3.768345976530927 ], [ 32.964098787357841, 3.770155218842569 ], [ 32.96589979700159, 3.775583442755844 ], [ 32.957793857709397, 3.783725310540067 ], [ 32.960495485341468, 3.789153587456174 ], [ 32.956892695822965, 3.794581563326948 ], [ 32.956891571365489, 3.817198840459913 ], [ 32.953288591977788, 3.823531486778015 ], [ 32.967699381658811, 3.81991338886777 ], [ 32.97310329861098, 3.821722957539287 ], [ 32.967699009077137, 3.829864987650546 ], [ 32.95869224031231, 3.830769290079445 ], [ 32.956890213130748, 3.84433955729069 ], [ 32.961393651408763, 3.844339773561754 ], [ 32.96679753249785, 3.850672833801547 ], [ 32.968599086937246, 3.846149450764265 ], [ 32.976705367738433, 3.843435640111339 ], [ 32.977605889289585, 3.849768497187817 ], [ 32.984811373436827, 3.853387417942746 ], [ 32.982109073198622, 3.863338957371012 ], [ 33.029847540512762, 3.890479311731708 ], [ 33.071278530242132, 3.8560986298675 ], [ 33.137022048016803, 3.809046771007775 ], [ 33.131617470011065, 3.80452417176398 ], [ 33.122610901196907, 3.803620814241256 ], [ 33.106400984069445, 3.817193318299323 ], [ 33.093790790054811, 3.808147891567855 ], [ 33.084784743006701, 3.812672279176915 ], [ 33.068572613172435, 3.808150275343241 ], [ 33.058665774726251, 3.812674463083995 ], [ 33.057765603892285, 3.819912049498994 ], [ 33.054163013004874, 3.820816975612556 ], [ 33.058664063492394, 3.787343115389243 ], [ 33.057762956093875, 3.780105645348207 ], [ 33.049657267311723, 3.778296765431704 ], [ 33.050555387036027, 3.734871496473479 ], [ 33.054157407115184, 3.730347818765405 ], [ 33.055057189864065, 3.717682065932158 ], [ 33.065863065757938, 3.706825010915814 ], [ 33.066762798437381, 3.695968628545856 ], [ 33.073066170380521, 3.691444665786535 ], [ 33.094678787134995, 3.690537926945846 ], [ 33.100082363001761, 3.694156102320312 ], [ 33.100983509034585, 3.699584153158092 ], [ 33.136104586895087, 3.700484133799564 ], [ 33.149613856677334, 3.707719472795595 ], [ 33.150511957751839, 3.693244273422634 ], [ 33.154113451053746, 3.689624892087042 ], [ 33.158612239472063, 3.667911526180616 ], [ 33.17031758470069, 3.661576534862639 ], [ 33.171216879446476, 3.655243530460135 ], [ 33.181120457962884, 3.646194679855487 ], [ 33.195527754708515, 3.644382275450119 ], [ 33.183819882051502, 3.636242539722865 ], [ 33.174811522047904, 3.617245829099895 ], [ 33.179312895412103, 3.612721493188981 ], [ 33.178410859292569, 3.604579452476161 ], [ 33.173007365460265, 3.600057042287658 ], [ 33.160399839564974, 3.591917127686625 ], [ 33.137888986276636, 3.591016123071418 ], [ 33.135186372318962, 3.581969595334821 ], [ 33.113575403453396, 3.574734986655445 ], [ 33.111773701713581, 3.567497653395584 ], [ 33.083860605437778, 3.562072461091539 ], [ 33.082959556408781, 3.554834979580284 ], [ 33.058648550693192, 3.549408675100953 ], [ 33.04964339947135, 3.525887097029469 ], [ 33.041539892427259, 3.521364011418149 ], [ 33.037037115036405, 3.496937379061481 ], [ 33.033435723912952, 3.496032817384075 ], [ 33.037937091637346, 3.487890368379469 ], [ 33.053242668311178, 3.486984926509746 ], [ 33.059544239901093, 3.475223481413078 ], [ 33.077550612729198, 3.475222169226041 ], [ 33.082952918472557, 3.479745193306068 ], [ 33.091055300650652, 3.474316262035751 ], [ 33.098257931803438, 3.475220234087129 ], [ 33.113564741970251, 3.486979559901702 ], [ 33.131571938680764, 3.49150068227254 ], [ 33.138775793210911, 3.499641896721332 ], [ 33.153181373397231, 3.500544339745116 ], [ 33.159484978882332, 3.507780835919583 ], [ 33.174791036443878, 3.508682784033488 ], [ 33.171188661284546, 3.503255292721261 ], [ 33.170285708581986, 3.488780360410896 ], [ 33.166683917597346, 3.486066926278532 ], [ 33.166679000399967, 3.458021406233954 ], [ 33.173881392603406, 3.458020108827883 ], [ 33.187383211670394, 3.444447124642281 ], [ 33.191881565498178, 3.429066433691804 ], [ 33.196382734115986, 3.428160823433517 ], [ 33.19638144370289, 3.421827968267022 ], [ 33.203582026310293, 3.414588913889171 ], [ 33.218884948465714, 3.408252688838704 ], [ 33.230585396113433, 3.39648895036927 ], [ 33.24048778866063, 3.395581835168273 ], [ 33.258485083810648, 3.3675317632962 ], [ 33.257582737230081, 3.359389784576487 ], [ 33.24677985223429, 3.357583201131351 ], [ 33.244977423194015, 3.349441428278746 ], [ 33.232372997354609, 3.342206967425026 ], [ 33.220670344064708, 3.341304984489045 ], [ 33.225169019114595, 3.331352329484716 ], [ 33.224266591423635, 3.321400903808417 ], [ 33.200861062520225, 3.315977787771598 ], [ 33.199056941989596, 3.296979544361784 ], [ 33.191854361338443, 3.289743394074123 ], [ 33.182848166274617, 3.263508877197069 ], [ 33.179247525044836, 3.262604830691816 ], [ 33.1837453357873, 3.247224159407085 ], [ 33.201743858695906, 3.229126776781137 ], [ 33.212545484018008, 3.231838654639957 ], [ 33.21794544711598, 3.229123417201462 ], [ 33.231448808375909, 3.238167369736541 ], [ 33.24855038036835, 3.237258608755078 ], [ 33.251249767922722, 3.233639165570617 ], [ 33.270151395813834, 3.232729597026771 ], [ 33.274650859409924, 3.229109616068415 ], [ 33.275558535157998, 3.257154815955365 ], [ 33.281860804671624, 3.262581211492495 ], [ 33.290861670794222, 3.261673947922966 ], [ 33.30075967170557, 3.250814750504834 ], [ 33.322361786502022, 3.24990336743883 ], [ 33.327760916547533, 3.245378185011519 ], [ 33.336763649410791, 3.250803333750111 ], [ 33.358365334166074, 3.248986496044 ], [ 33.379059402456541, 3.227266528087487 ], [ 33.382656988826845, 3.220027715238257 ], [ 33.383548623477665, 3.1974103129658 ], [ 33.387148807670705, 3.197408955451678 ], [ 33.388044102885601, 3.184743061467656 ], [ 33.395240933282061, 3.175693495610054 ], [ 33.406940910328089, 3.174784254087956 ], [ 33.422234709024124, 3.158493870232726 ], [ 33.432134419099206, 3.157585104202495 ], [ 33.447427944666686, 3.142199106824301 ], [ 33.454627088055787, 3.140386633030732 ], [ 33.474413809175203, 3.111428252698149 ], [ 33.475307705337585, 3.09785774498694 ], [ 33.483402334582216, 3.086997993448944 ], [ 33.48429491994127, 3.070713474749236 ], [ 33.492390937955811, 3.063472383366139 ], [ 33.500489362084082, 3.06165927170882 ], [ 33.500486426060036, 3.055326576390455 ], [ 33.511282781758325, 3.049893451258965 ], [ 33.516676176267524, 3.037225498274249 ], [ 33.529274673773983, 3.037219372813861 ], [ 33.529263266231361, 3.013698025521863 ], [ 33.537355471376884, 3.000124046231323 ], [ 33.544552111041988, 2.995597142887779 ], [ 33.550842978630904, 2.979310016442742 ], [ 33.57513863684148, 2.979297541461953 ], [ 33.575148527660865, 2.99829541793885 ], [ 33.59315532901055, 3.016378920117657 ], [ 33.603054329971698, 3.017278109376952 ], [ 33.605755925025306, 3.020895223432607 ], [ 33.619253902568268, 3.020887578232001 ], [ 33.626457482829665, 3.02902529659607 ], [ 33.639050873324663, 3.020876060558636 ], [ 33.648952017703017, 3.025393404248763 ], [ 33.665148965679919, 3.024478903482247 ], [ 33.67594278397862, 3.017235057748837 ], [ 33.693939194120517, 3.016319033077723 ], [ 33.70383459138381, 3.011789457943615 ], [ 33.707426961647634, 3.000931472827681 ], [ 33.699320437863442, 2.98827176341806 ], [ 33.684917652391086, 2.979234462079174 ], [ 33.671419813098296, 2.978338165950423 ], [ 33.66781835343707, 2.974721783374507 ], [ 33.666012215672502, 2.963867130817607 ], [ 33.646204866850233, 2.943976630630891 ], [ 33.6417007127678, 2.934932738152823 ], [ 33.64079321102389, 2.921363496052254 ], [ 33.633587884021807, 2.908702467597891 ], [ 33.644385123449666, 2.908696323762869 ], [ 33.659688021151979, 2.920447859997557 ], [ 33.674084948629478, 2.921343920820134 ], [ 33.680390453734894, 2.933100470909721 ], [ 33.698388864666803, 2.937612530401815 ], [ 33.702890603407511, 2.942132890309731 ], [ 33.748775776272893, 2.936675111551575 ], [ 33.757770432902454, 2.932145878480316 ], [ 33.758649585387381, 2.901387913888044 ], [ 33.770338869096427, 2.890524460449158 ], [ 33.775718903012567, 2.863382017026266 ], [ 33.780214380851206, 2.858855827387174 ], [ 33.786512298035952, 2.858851508983194 ], [ 33.796398430113172, 2.843466097337895 ], [ 33.795481468232055, 2.818137320746728 ], [ 33.787379588268635, 2.810905862639897 ], [ 33.788275008267533, 2.804572888985627 ], [ 33.795469224584039, 2.800044885311339 ], [ 33.795464349292217, 2.792807909552725 ], [ 33.783761713975828, 2.781960310804344 ], [ 33.78285551924764, 2.772010035776499 ], [ 33.783749806299618, 2.763867812865478 ], [ 33.803525859082718, 2.740334376749449 ], [ 33.80801481849948, 2.726762033286324 ], [ 33.800807899062633, 2.711388293872548 ], [ 33.79898807499108, 2.67972769366545 ], [ 33.783693735006871, 2.677023745765941 ], [ 33.795386318018451, 2.674302304900305 ], [ 33.805271474018198, 2.658917249281666 ], [ 33.828659034224835, 2.657997073937832 ], [ 33.82955374999888, 2.650759535441216 ], [ 33.845744750532859, 2.649843912416184 ], [ 33.845740458281966, 2.643511622985778 ], [ 33.853828173133081, 2.631746110306508 ], [ 33.854703819887597, 2.59646565679001 ], [ 33.860097708246869, 2.591938926341297 ], [ 33.863698108734503, 2.595554901746716 ], [ 33.886185886078678, 2.596443865121465 ], [ 33.894283777235557, 2.600056541244612 ], [ 33.943755074690174, 2.600020336518747 ], [ 33.956338144347313, 2.587346607160443 ], [ 33.977918876518963, 2.579188840592443 ], [ 33.985108199219596, 2.571042055718535 ], [ 33.996800903491625, 2.571032931322276 ], [ 34.003094133950761, 2.567409679461292 ], [ 34.012094152747395, 2.574639120919502 ], [ 34.017485028512105, 2.567398246511296 ], [ 34.046265886795624, 2.56647033096121 ], [ 34.046252689414246, 2.550188225382281 ], [ 34.049848855995286, 2.548376159183158 ], [ 34.049841540673384, 2.539330553358057 ], [ 34.05433560685362, 2.535708635969493 ], [ 34.054313031307544, 2.507667288828225 ], [ 34.049811820684951, 2.502243556033138 ], [ 34.054268635687578, 2.45158455793668 ], [ 34.046168960215908, 2.444354437978219 ], [ 34.045261940995566, 2.434404945299933 ], [ 34.032658253167767, 2.417227924337291 ], [ 34.009275109087753, 2.416341027871587 ], [ 34.002074512739782, 2.408205199838882 ], [ 33.99577922924847, 2.408209839036731 ], [ 34.000267962030549, 2.39735160900737 ], [ 34.011954439415113, 2.391010956260144 ], [ 34.022737471959196, 2.379243497530996 ], [ 34.027233972266387, 2.379240138254451 ], [ 34.043427450385799, 2.387369004584699 ], [ 34.05421903255457, 2.387360726693246 ], [ 34.059621055946494, 2.395497594034014 ], [ 34.065916853674018, 2.396397242298455 ], [ 34.074916195065427, 2.404531171838793 ], [ 34.092885699924189, 2.383712165369572 ], [ 34.100079956247114, 2.383706404862832 ], [ 34.100076368573482, 2.379183665803092 ], [ 34.103673478456884, 2.379180776881042 ], [ 34.099171369032092, 2.371948001240979 ], [ 34.100966342886046, 2.367423825054549 ], [ 34.115353907041886, 2.366507717578043 ], [ 34.116250280237338, 2.362888817875896 ], [ 34.127939940122687, 2.361974782610693 ], [ 34.130634790445882, 2.358354423531061 ], [ 34.148619837659332, 2.358339614833497 ], [ 34.152213115853016, 2.353813965787795 ], [ 34.1782918732235, 2.354696576151035 ], [ 34.189092698142744, 2.366446119438448 ], [ 34.196286622177041, 2.36643989892504 ], [ 34.202585191014151, 2.370957001407302 ], [ 34.216972994975194, 2.370944358122186 ], [ 34.212467388024209, 2.360094181686155 ], [ 34.220554929240699, 2.353755497535852 ], [ 34.220551784311489, 2.350137459868853 ], [ 34.212458785183301, 2.350144548522008 ], [ 34.207952581502845, 2.338389787425925 ], [ 34.216043969686773, 2.336573738074172 ], [ 34.216931535507918, 2.323005291109245 ], [ 34.228611035271612, 2.311236525306827 ], [ 34.233093773115598, 2.295856008561713 ], [ 34.213315509487451, 2.300395592368262 ], [ 34.198938248659033, 2.312166546968364 ], [ 34.169265100467172, 2.313095964952451 ], [ 34.165664552819884, 2.308576300283116 ], [ 34.134191223650141, 2.307697360130732 ], [ 34.110802256004149, 2.295956823063949 ], [ 34.098213124114032, 2.295966604130631 ], [ 34.091915108354883, 2.291448695743533 ], [ 34.080225164362915, 2.291457609040192 ], [ 34.077524775696155, 2.28784142910131 ], [ 34.046950256698899, 2.286959628664635 ], [ 34.021762635743528, 2.274313866600571 ], [ 34.008265946332557, 2.262563917105022 ], [ 34.003761723071811, 2.2508075448917 ], [ 33.996563007961413, 2.243575869567285 ], [ 33.983069816314796, 2.236348379629924 ], [ 33.992038513191829, 2.201063626889916 ], [ 34.001923650467141, 2.19201118871712 ], [ 34.008217974394697, 2.19200693980956 ], [ 34.008223431869283, 2.200148132994412 ], [ 34.011820812161808, 2.201050259991786 ], [ 34.012723672058264, 2.206477100128864 ], [ 34.044211858116569, 2.229973947120978 ], [ 34.060396785007931, 2.229057748325078 ], [ 34.070281400815325, 2.220004963791418 ], [ 34.077478169401132, 2.224522492595566 ], [ 34.080182326068211, 2.233566066761771 ], [ 34.090073428032817, 2.233558721555148 ], [ 34.110747936084962, 2.224497682344944 ], [ 34.118834401996573, 2.216350636632678 ], [ 34.124229419511281, 2.216346527659284 ], [ 34.152110522866352, 2.225370319249615 ], [ 34.159309498932181, 2.232600900267681 ], [ 34.189881755306125, 2.233480857172444 ], [ 34.194381199100945, 2.237999787687231 ], [ 34.2024736220975, 2.23799313740757 ], [ 34.224048802097919, 2.232548125660598 ], [ 34.234832504756064, 2.225303002444914 ], [ 34.249217915167058, 2.224386317973252 ], [ 34.251912263775118, 2.220766017659825 ], [ 34.277986890079411, 2.220743573861805 ], [ 34.280681137050287, 2.217123264762994 ], [ 34.295066187402242, 2.216206193120828 ], [ 34.297760372903973, 2.212585881750025 ], [ 34.319338884295234, 2.212566738192307 ], [ 34.330113615401807, 2.196276542966714 ], [ 34.348993558462624, 2.195355056263609 ], [ 34.354382337662635, 2.189018905729928 ], [ 34.35432790397212, 2.127515351022017 ], [ 34.353416292573343, 2.113044707146213 ], [ 34.349816270296564, 2.108525523045764 ], [ 34.365095766483108, 2.103989814526109 ], [ 34.376772714439745, 2.092221552415924 ], [ 34.382165969832954, 2.091312327237413 ], [ 34.391148065943533, 2.082259829091283 ], [ 34.396529349250841, 2.067783848703706 ], [ 34.408214563211452, 2.065964573898033 ], [ 34.413594110056302, 2.049679791129019 ], [ 34.441438721047064, 2.023426282793388 ], [ 34.442310700827363, 1.99267480308061 ], [ 34.445904044981908, 1.989958340632213 ], [ 34.442303632221019, 1.984534916286816 ], [ 34.450383714839674, 1.972770225541652 ], [ 34.445876688411886, 1.958303270025464 ], [ 34.466547553775996, 1.953763087336541 ], [ 34.467440182109804, 1.946526920562056 ], [ 34.496203781729307, 1.945597080451793 ], [ 34.491692764531692, 1.926608425497641 ], [ 34.487189787510403, 1.916663820662197 ], [ 34.483594306449355, 1.916666958194679 ], [ 34.479076823733863, 1.889538333019957 ], [ 34.470980244724259, 1.881405451638729 ], [ 34.470058830631245, 1.854273555777894 ], [ 34.459268231337653, 1.848855976117053 ], [ 34.453860499671841, 1.830771851999311 ], [ 34.449363395535386, 1.827157790176683 ], [ 34.450258611251741, 1.82263490831752 ], [ 34.463730203851149, 1.809057557764323 ], [ 34.474516072039627, 1.809048770735894 ], [ 34.475421484324677, 1.817187818355059 ], [ 34.470933962522359, 1.825331304768462 ], [ 34.48352125385555, 1.829842988209262 ], [ 34.490708126437859, 1.825314920987168 ], [ 34.514097930257883, 1.849714185280964 ], [ 34.523985744549108, 1.850610069502344 ], [ 34.534781704367482, 1.862357848233374 ], [ 34.54736517192044, 1.862346778039746 ], [ 34.555461658490671, 1.870479088861203 ], [ 34.602203728458306, 1.874958608457774 ], [ 34.613895555362639, 1.883087052524369 ], [ 34.644455302765685, 1.883962661535856 ], [ 34.655251824870028, 1.895708824073982 ], [ 34.66513499041632, 1.892081938815426 ], [ 34.675931636522257, 1.903827802441389 ], [ 34.682223967347866, 1.904725966358789 ], [ 34.691220568779109, 1.913760360510657 ], [ 34.692133588018862, 1.928228652316054 ], [ 34.69573410707676, 1.933650985941006 ], [ 34.715502780981886, 1.929109432178556 ], [ 34.725381097745583, 1.920960600571816 ], [ 34.725369336114795, 1.909204592860474 ], [ 34.728961663766285, 1.9064880390475 ], [ 34.724458892520538, 1.897449485164138 ], [ 34.724446391442982, 1.88478915945959 ], [ 34.733371419101424, 1.820574520790366 ], [ 34.723482992461477, 1.817871126688927 ], [ 34.717197114646915, 1.823303036959406 ], [ 34.705515416884595, 1.82512285007241 ], [ 34.701903580622869, 1.807039867640319 ], [ 34.697417552863676, 1.815183002238076 ], [ 34.682138319117513, 1.814293038504049 ], [ 34.669565172931762, 1.824252457195431 ], [ 34.664169384992391, 1.820640131734188 ], [ 34.655184403316206, 1.823361483240472 ], [ 34.647089896951307, 1.817038527196538 ], [ 34.647086622405716, 1.813421143455779 ], [ 34.634501676778505, 1.810719565197442 ], [ 34.634498438571946, 1.807102158284313 ], [ 34.645281789653495, 1.805283667029263 ], [ 34.645278539897149, 1.801666279515598 ], [ 34.653363952056985, 1.798041538455333 ], [ 34.65515735739627, 1.793518187313438 ], [ 34.660553022779425, 1.797130631927851 ], [ 34.661448489649445, 1.793512451344619 ], [ 34.666840054332006, 1.792603180422692 ], [ 34.666834337637788, 1.786272820622635 ], [ 34.672220969799149, 1.779937548013322 ], [ 34.661435488219219, 1.779043017165914 ], [ 34.653352596683867, 1.785380732266631 ], [ 34.650651566302962, 1.779957102335875 ], [ 34.66322969945174, 1.775424031986915 ], [ 34.669509422888716, 1.762757621182668 ], [ 34.674002175780998, 1.761849227586201 ], [ 34.673097825425977, 1.755519698349263 ], [ 34.682079235777977, 1.749181271626379 ], [ 34.678479613269737, 1.743758517903748 ], [ 34.672190300923837, 1.745572822209234 ], [ 34.67218710745508, 1.74195548188255 ], [ 34.66589697797086, 1.742865427093018 ], [ 34.659598131523474, 1.733827606581529 ], [ 34.653306409142147, 1.732928801654237 ], [ 34.665881161514307, 1.72477866521475 ], [ 34.672175982562976, 1.72929478959769 ], [ 34.676665493483824, 1.72476913494032 ], [ 34.700032143192395, 1.725652597525468 ], [ 34.70182068587259, 1.715703444381586 ], [ 34.707206331463432, 1.708464058295682 ], [ 34.711702080003981, 1.711172985639885 ], [ 34.712592746505308, 1.702129013799598 ], [ 34.724261750445145, 1.686745250184628 ], [ 34.725101852426029, 1.618921124696192 ], [ 34.717007414001195, 1.610789196809621 ], [ 34.716097488133734, 1.59722522258343 ], [ 34.69541446903667, 1.579155974370691 ], [ 34.695404248200902, 1.566495413147012 ], [ 34.739439476730766, 1.5709806171038 ], [ 34.743030851441794, 1.567360389953244 ], [ 34.76908902246366, 1.566434108069821 ], [ 34.78076667444293, 1.561902726191515 ], [ 34.785263338611109, 1.566420302256113 ], [ 34.810426988011621, 1.570919926673004 ], [ 34.824814899529287, 1.583567015891931 ], [ 34.829307677938793, 1.583563030209644 ], [ 34.838286046450463, 1.575416728064984 ], [ 34.877820839056994, 1.574477007808423 ], [ 34.886802013704731, 1.569947689052653 ], [ 34.891286498729315, 1.560901319445321 ], [ 34.891281657963489, 1.555475948541674 ], [ 34.863404001143032, 1.528373595607112 ], [ 34.844475562959182, 1.456953981516317 ], [ 34.829196720667987, 1.4515409480526 ], [ 34.820198035148117, 1.434367191015135 ], [ 34.802220932358161, 1.425338755194782 ], [ 34.793227511501094, 1.414494458351042 ], [ 34.804891375934382, 1.392782766686944 ], [ 34.805782318540111, 1.382835063053642 ], [ 34.796795403841287, 1.380129091303554 ], [ 34.787813876379793, 1.384657320291845 ], [ 34.771634869174825, 1.376530925571108 ], [ 34.759954997632953, 1.377443928334056 ], [ 34.75904988007585, 1.368401626765664 ], [ 34.750962025028635, 1.366598980186065 ], [ 34.747369959998125, 1.36931452264114 ], [ 34.745561232937249, 1.353038376061249 ], [ 34.736578105384773, 1.355757790699649 ], [ 34.73387169813634, 1.340386476876221 ], [ 34.721296387252821, 1.345821301547073 ], [ 34.725795965546695, 1.355765550941705 ], [ 34.709629007085439, 1.364820308889668 ], [ 34.709633488940526, 1.371150554135419 ], [ 34.702445254756043, 1.371155710368742 ], [ 34.697050246774076, 1.365733603164181 ], [ 34.689867049542734, 1.372973341637938 ], [ 34.676388939732078, 1.372982892468566 ], [ 34.671893078698695, 1.368464366959886 ], [ 34.671902520636579, 1.382029442850291 ], [ 34.679993906546933, 1.388354041076827 ], [ 34.683596448760781, 1.400107794178205 ], [ 34.681809714193285, 1.414578429048394 ], [ 34.673721388492403, 1.412775639849577 ], [ 34.671028294933599, 1.416394946791412 ], [ 34.671030890113691, 1.420012300646145 ], [ 34.679122529845472, 1.426336744898364 ], [ 34.678226591447419, 1.429954744780795 ], [ 34.662941213742904, 1.416400801790952 ], [ 34.653060168231242, 1.420929653100375 ], [ 34.649464591669108, 1.419123542272116 ], [ 34.650367019596018, 1.424548984869752 ], [ 34.642277905497657, 1.421841745688267 ], [ 34.649478139450537, 1.438114856799394 ], [ 34.644086646048123, 1.43811877195554 ], [ 34.641381886289274, 1.425459797064031 ], [ 34.631494306018084, 1.420945084367163 ], [ 34.62340831134496, 1.422759539298501 ], [ 34.627905052052533, 1.42818250174865 ], [ 34.623412112604065, 1.42818570029874 ], [ 34.623415291384646, 1.43270750092813 ], [ 34.6189229682914, 1.433615062874837 ], [ 34.610833089196028, 1.430003340821133 ], [ 34.598254596159698, 1.432725305833105 ], [ 34.588364360753971, 1.424592842828811 ], [ 34.591063898354648, 1.430017218295031 ], [ 34.588372447352107, 1.436349727426181 ], [ 34.597363541249514, 1.443578397035037 ], [ 34.58748135892057, 1.447202868353944 ], [ 34.587490837788451, 1.460768507445896 ], [ 34.583893833654372, 1.457153550414379 ], [ 34.579402632095757, 1.459869863868106 ], [ 34.574904500195544, 1.452637984333542 ], [ 34.563225522461401, 1.457168081223684 ], [ 34.558730520330535, 1.454458049444546 ], [ 34.558726185019687, 1.448127329866534 ], [ 34.55154458140651, 1.458984993060206 ], [ 34.544354276640696, 1.457181181962532 ], [ 34.543437945697143, 1.430954342653405 ], [ 34.53625013889576, 1.432767996288623 ], [ 34.53715299738554, 1.439098174933307 ], [ 34.526380287457791, 1.455384706443867 ], [ 34.518291892217221, 1.454485794930146 ], [ 34.512896409162821, 1.44906299107733 ], [ 34.510192715890589, 1.437307481552728 ], [ 34.503002981891228, 1.436407842518229 ], [ 34.504796135842511, 1.430075771082619 ], [ 34.500298824612415, 1.423747836908132 ], [ 34.494021235608244, 1.443649101369367 ], [ 34.494924624632716, 1.450883831461671 ], [ 34.483250983421705, 1.464457874898214 ], [ 34.486838506094244, 1.453602452171714 ], [ 34.483243873543223, 1.453604831321833 ], [ 34.484138995007626, 1.448177717098777 ], [ 34.476946808972471, 1.443660328348594 ], [ 34.472455264363134, 1.446376535894441 ], [ 34.47424386877109, 1.432808999363139 ], [ 34.469746565422021, 1.426480922593111 ], [ 34.465257306741947, 1.432814801828471 ], [ 34.457167656640308, 1.430106700274647 ], [ 34.452677770113084, 1.43553616456721 ], [ 34.441887562476609, 1.425594223807605 ], [ 34.442783977269713, 1.42197590924386 ], [ 34.43649332876597, 1.421979857694628 ], [ 34.436496690613737, 1.427406494733186 ], [ 34.432005029522784, 1.430122639011381 ], [ 34.417624596595239, 1.4274182814799 ], [ 34.417615229250359, 1.412042682173823 ], [ 34.407734214847729, 1.419284335566732 ], [ 34.399642863819743, 1.413862551637233 ], [ 34.388860872982818, 1.41748690264545 ], [ 34.390653393333984, 1.409345698894518 ], [ 34.381663931643949, 1.404828776428637 ], [ 34.387949892907478, 1.396684895723326 ], [ 34.387946714724123, 1.391258143130002 ], [ 34.380757324013977, 1.391262388667171 ], [ 34.379850803307043, 1.377695988623602 ], [ 34.370863564877304, 1.37679674425526 ], [ 34.376254045108311, 1.374080227589419 ], [ 34.380741184662469, 1.363224077258315 ], [ 34.372653188405089, 1.363228731392767 ], [ 34.365461291377855, 1.35871050743979 ], [ 34.374438815002179, 1.34242502170148 ], [ 34.359163055334925, 1.34514702687481 ], [ 34.357363725434652, 1.341530150571104 ], [ 34.343888160111383, 1.349677921967536 ], [ 34.325015942346802, 1.349688343880094 ], [ 34.324115307179923, 1.346070903974369 ], [ 34.297154297503639, 1.345180994743397 ], [ 34.294456800566877, 1.342468953862857 ], [ 34.283674400599843, 1.346092667128838 ], [ 34.279176228037834, 1.337050049590518 ], [ 34.271087984198047, 1.337054277673603 ], [ 34.263004819437427, 1.347008035096694 ], [ 34.262114075411823, 1.362385094184952 ], [ 34.254028036880499, 1.366911885071591 ], [ 34.254024292409092, 1.359675820441598 ], [ 34.241434518408226, 1.344305652196527 ], [ 34.245914886740884, 1.318072526042396 ], [ 34.236922566495274, 1.307222862481683 ], [ 34.242305469637465, 1.288225418395566 ], [ 34.249491884359237, 1.281890308744088 ], [ 34.245894967350175, 1.277369514072884 ], [ 34.245890625734795, 1.268324398488571 ], [ 34.253975255889713, 1.261084396452203 ], [ 34.254861072527852, 1.233948701900599 ], [ 34.266539425404972, 1.224898082692534 ], [ 34.266537305708304, 1.220375559144128 ], [ 34.25844896697064, 1.219474872529133 ], [ 34.252152940021688, 1.20771919793068 ], [ 34.244960390836226, 1.200486423208018 ], [ 34.237770311057773, 1.198680678641456 ], [ 34.236867205599872, 1.188731420067433 ], [ 34.233270975910543, 1.185114972378571 ], [ 34.233268182464592, 1.178783356762995 ], [ 34.245843313601455, 1.165210036064777 ], [ 34.245838566778346, 1.154355888022517 ], [ 34.239548064922623, 1.154358655041394 ], [ 34.237752343011984, 1.157977503634831 ], [ 34.220678014855395, 1.157984955988154 ], [ 34.216181677591045, 1.150750719937328 ], [ 34.207193254959932, 1.1462319343817 ], [ 34.192814401590645, 1.145333468432687 ], [ 34.190116938813148, 1.141716471455988 ], [ 34.168550920984138, 1.146248067818531 ], [ 34.15237490026032, 1.146254665604431 ], [ 34.14877841743855, 1.141733395903238 ], [ 34.114628748853477, 1.141746925966208 ], [ 34.104741176508966, 1.136323415547582 ], [ 34.100240298252579, 1.11642482316616 ], [ 34.092152190573906, 1.116427858316343 ], [ 34.092150857497693, 1.112809608455664 ], [ 34.085861424993418, 1.116430203513646 ], [ 34.052611630192281, 1.120965245629446 ], [ 34.044520508882016, 1.112826971611116 ], [ 34.009469454778895, 1.107411734506937 ], [ 34.007669919719191, 1.101080240109039 ], [ 33.995983217899727, 1.090229106536836 ], [ 33.995978199897479, 1.074851067745796 ], [ 33.985193840513865, 1.074854588604736 ], [ 33.971710494519691, 1.065812963654731 ], [ 33.967213068433132, 1.053150008501892 ], [ 33.966307481283664, 1.030535318257068 ], [ 33.958216297931983, 1.020587165708651 ], [ 33.93844532653543, 1.021497639676147 ], [ 33.93575028828419, 1.025116859045634 ], [ 33.922269807743753, 1.025120795607281 ], [ 33.918673717946483, 1.02059877872664 ], [ 33.9105866829901, 1.02512416110463 ], [ 33.89800481370203, 1.025127737519621 ], [ 33.889915200072295, 1.020606917313427 ], [ 33.87823420458961, 1.028751742915368 ], [ 33.863855022439104, 1.029660318813542 ], [ 33.857565945422508, 1.036899039530178 ], [ 33.842289120105903, 1.042330947885681 ], [ 33.827914745376404, 1.062236716644144 ], [ 33.824318851605646, 1.05861914795413 ], [ 33.813533799351838, 1.057717378313854 ], [ 33.798252275713523, 1.045961052756413 ], [ 33.782973740403897, 1.045964926800003 ], [ 33.774887533754473, 1.055918042646532 ], [ 33.774891824550714, 1.073106296440459 ], [ 33.756920396718492, 1.087585204863295 ], [ 33.751527853535578, 1.087586561144294 ], [ 33.740740769486152, 1.079447376591851 ], [ 33.727259170466766, 1.078545996919206 ], [ 33.723665199530252, 1.083070136842715 ], [ 33.713779017491888, 1.083977153930391 ], [ 33.707489348262463, 1.091215909141753 ], [ 33.696704331676379, 1.092123103402935 ], [ 33.694008852176061, 1.09574237619268 ], [ 33.68861621926105, 1.095743628671474 ], [ 33.681424199532422, 1.087603310538906 ], [ 33.677829920428543, 1.091222782707088 ], [ 33.646372173187395, 1.088515740916799 ], [ 33.645474938809315, 1.095753296842692 ], [ 33.654462736782065, 1.095751334196016 ], [ 33.649971388250805, 1.107513021185805 ], [ 33.64908040271942, 1.142795326863868 ], [ 33.654474602846527, 1.149126773517229 ], [ 33.669754520788842, 1.150932540108095 ], [ 33.679644899369229, 1.166309467021235 ], [ 33.698519802392042, 1.167209476051206 ], [ 33.707508854010264, 1.171730505546679 ], [ 33.728186216660177, 1.191627561289845 ], [ 33.732682828604894, 1.201577544322999 ], [ 33.733585754473722, 1.216956396956 ], [ 33.721903243463167, 1.22419680924963 ], [ 33.710215661346062, 1.212439404809878 ], [ 33.689541954845083, 1.207921476274986 ], [ 33.680557492669088, 1.222398365090961 ], [ 33.665278967399523, 1.227830213485547 ], [ 33.651801082122645, 1.245926919759825 ], [ 33.635621082701029, 1.241407542740612 ], [ 33.618546268709323, 1.254077054442013 ], [ 33.592478949047795, 1.249559731190127 ], [ 33.590683096022396, 1.257702246173342 ], [ 33.576303600726554, 1.266752290712316 ], [ 33.561920085601315, 1.257708637764285 ], [ 33.55652796497246, 1.262233220732199 ], [ 33.520573908007179, 1.262240713780854 ], [ 33.520572472888965, 1.25500319864129 ], [ 33.512482451474, 1.253195425204128 ], [ 33.516975119243661, 1.245052326628068 ], [ 33.508883747216089, 1.236006998636555 ], [ 33.507982165970873, 1.22153210950619 ], [ 33.496296876421674, 1.219724920741613 ], [ 33.499891747639452, 1.217010173272941 ], [ 33.497194890828425, 1.21520128889921 ], [ 33.498991414465102, 1.208868105958188 ], [ 33.501687931385774, 1.20886760592384 ], [ 33.500790422495726, 1.216105312988419 ], [ 33.509778659565377, 1.215198928430268 ], [ 33.49719144415733, 1.196202734762587 ], [ 33.513368450308597, 1.185343446044561 ], [ 33.516958955783501, 1.159106748631992 ], [ 33.529541258654, 1.152771587326071 ], [ 33.525043396030668, 1.131964565998679 ], [ 33.516952496084706, 1.122919120890625 ], [ 33.516951386714297, 1.116586285099284 ], [ 33.534924587953, 1.100298659506477 ], [ 33.54571017765943, 1.100296693521666 ], [ 33.545708540521133, 1.091249826171895 ], [ 33.542113356881622, 1.091250480434752 ], [ 33.541213271366495, 1.084013143628883 ], [ 33.534022597000607, 1.08220505131655 ], [ 33.533121447732007, 1.068634879329733 ], [ 33.525030795003467, 1.059589381646869 ], [ 33.521433830364202, 1.048733705866643 ], [ 33.525026730114114, 1.035162749118507 ], [ 33.521430714853139, 1.029735201947918 ], [ 33.500758707376875, 1.029738537743595 ], [ 33.476493921722486, 1.046026825589106 ], [ 33.468404117488795, 1.041504561699689 ], [ 33.459416191559612, 1.041505893195213 ], [ 33.456719291535052, 1.037887489848668 ], [ 33.445933773651589, 1.037889038906085 ], [ 33.445033846118726, 1.029746857892286 ], [ 33.434248216114099, 1.028843652730979 ], [ 33.409078680121333, 1.00261054655872 ], [ 33.408177012784776, 0.97908831543027 ], [ 33.404581775014407, 0.978184048011775 ], [ 33.409074703412479, 0.970041149908746 ], [ 33.403680956671025, 0.960994739884665 ], [ 33.408173563380338, 0.950137733608032 ], [ 33.393794083711711, 0.958281779542914 ], [ 33.384806296377484, 0.958282807624837 ], [ 33.377615171800421, 0.950141231384374 ], [ 33.372222502984634, 0.950141820400324 ], [ 33.339868027033475, 0.966430007065875 ], [ 33.334474957192519, 0.962811692760103 ], [ 33.331778951139668, 0.966430812025838 ], [ 33.317398355433511, 0.966432195193002 ], [ 33.308410881795979, 0.970956606443827 ], [ 33.295826258571722, 0.952863404836191 ], [ 33.295825109231629, 0.939292653549341 ], [ 33.287735472687743, 0.93205559361097 ], [ 33.287734234809541, 0.916675395774303 ], [ 33.276050050790168, 0.915771603052242 ], [ 33.274250997829242, 0.895867931306212 ], [ 33.267959253775238, 0.891344803837495 ], [ 33.260769387537977, 0.895868921978241 ], [ 33.254477901997916, 0.894964647039188 ], [ 33.253578080075251, 0.879584465091058 ], [ 33.238298619399629, 0.874157150370176 ], [ 33.237399621750711, 0.870538321887701 ], [ 33.233804596904818, 0.871443269665226 ], [ 33.229311404375025, 0.882300211081421 ], [ 33.219425159760064, 0.886824423809499 ], [ 33.162802669857044, 0.896779346784587 ], [ 33.161904088634216, 0.901303014390945 ], [ 33.166398243222694, 0.906731162129627 ], [ 33.155613274805276, 0.916683627727928 ], [ 33.153816013412609, 0.923921511846793 ], [ 33.139435940572767, 0.937493003314921 ], [ 33.12954909838485, 0.933874479059499 ], [ 33.125055528758907, 0.944731363975516 ], [ 33.113371263458042, 0.946541221687004 ], [ 33.107978916845077, 0.960112303463002 ], [ 33.116068655985828, 0.976397121014379 ], [ 33.116068999023227, 0.986349116206345 ], [ 33.110676347209093, 0.991777662888323 ], [ 33.105283505829306, 0.991777839964353 ], [ 33.078320063952575, 1.024348790122089 ], [ 33.074724818409614, 1.025253604217468 ], [ 33.070230556882272, 1.017111156409455 ], [ 33.066635372119343, 1.02073014465876 ], [ 33.055849581203418, 1.020730351384676 ], [ 33.047760170100915, 1.016206841622201 ], [ 33.033379280615549, 1.030682676470693 ], [ 33.02888530833053, 1.044253644815841 ], [ 33.018099469183127, 1.05058682396098 ], [ 33.000122973577945, 1.072300354764213 ], [ 33.009111396179179, 1.109394191788353 ], [ 33.004617192672114, 1.113917842016994 ], [ 32.999224121192206, 1.153725869280167 ], [ 32.992033272633257, 1.154630585836385 ], [ 32.991134382810792, 1.165487314777874 ], [ 32.983943496985276, 1.167296737898526 ], [ 32.983044571651952, 1.178153462879619 ], [ 32.95517980733063, 1.178153151999791 ], [ 32.953382260512456, 1.167296395160937 ], [ 32.94259596283451, 1.166391467245702 ], [ 32.94079839503847, 1.159153612627302 ], [ 32.933607581773323, 1.157343998058251 ], [ 32.929113657681356, 1.142868256401811 ], [ 32.921922893689192, 1.141058614907444 ], [ 32.91023819553557, 1.129296824937078 ], [ 32.893160270451773, 1.124772612330094 ], [ 32.891362979596103, 1.113915830355795 ], [ 32.883273475166675, 1.112106066942098 ], [ 32.883272866793099, 1.127486409105817 ], [ 32.875182752834405, 1.139247504881681 ], [ 32.874283470533122, 1.149199446651499 ], [ 32.867092360719901, 1.155532195746088 ], [ 32.862596949948383, 1.179054830036873 ], [ 32.851810618154516, 1.179054273270125 ], [ 32.849113840886389, 1.182673024918512 ], [ 32.796081000234601, 1.183574335369563 ], [ 32.796081330003325, 1.179050726671615 ], [ 32.791587040329283, 1.179050391736983 ], [ 32.792487029525041, 1.163670192122525 ], [ 32.799678363805285, 1.156432938628638 ], [ 32.795184561734075, 1.150099562760588 ], [ 32.803274881780098, 1.140148189356893 ], [ 32.800578716051525, 1.134719669017372 ], [ 32.805073300953715, 1.129291641986089 ], [ 32.800579455946433, 1.12386300113187 ], [ 32.799681837772319, 1.105768491953268 ], [ 32.795187970337253, 1.101244572415242 ], [ 32.796087355523412, 1.093102134002272 ], [ 32.799682861561472, 1.090388210024727 ], [ 32.79518943775733, 1.079531238166979 ], [ 32.786200658697503, 1.086768389749897 ], [ 32.764628707075438, 1.087671495898066 ], [ 32.75294298666843, 1.099431910694447 ], [ 32.746651096931529, 1.10033609916818 ], [ 32.744852819030804, 1.107573696707975 ], [ 32.734965583990942, 1.108477541694441 ], [ 32.72148226046432, 1.117523468204622 ], [ 32.708896616046268, 1.137425994368732 ], [ 32.687324013522094, 1.141947294396791 ], [ 32.691820686878081, 1.118425201698658 ], [ 32.681935090409027, 1.103948717409024 ], [ 32.658567674888765, 1.085851871553545 ], [ 32.654077327241247, 1.052377027920764 ], [ 32.645090261153591, 1.043328903095435 ], [ 32.645991369179733, 1.02252065128171 ], [ 32.650486051331598, 1.016188166056501 ], [ 32.637904185275644, 1.004425536464376 ], [ 32.62711773880261, 1.012566699216604 ], [ 32.605547122351936, 1.008945301954512 ], [ 32.600153375686183, 1.017086996561302 ], [ 32.592063784091962, 1.020704799353822 ], [ 32.591163033805692, 1.036084673824645 ], [ 32.585769424505031, 1.042416900854605 ], [ 32.558804874831232, 1.046936721556015 ], [ 32.557904164830994, 1.060507111889444 ], [ 32.550712846493539, 1.06683897150938 ], [ 32.530040574549737, 1.065931165994484 ], [ 32.506674983064272, 1.046024208007249 ], [ 32.498586451460525, 1.042404143761194 ], [ 32.489597995459, 1.046021459329968 ], [ 32.485104647677915, 1.042401954154707 ], [ 32.478817117920748, 1.017974262201359 ], [ 32.475222152233997, 1.017068985051512 ], [ 32.467135663713101, 1.001687935362559 ], [ 32.450061116743434, 0.989019482386283 ], [ 32.449163391433544, 0.982686526260867 ], [ 32.458153212222655, 0.969117685729771 ], [ 32.459055800573331, 0.944691247799322 ], [ 32.454562727016842, 0.940167102530048 ], [ 32.458158439522123, 0.935644224905599 ], [ 32.458160643048508, 0.921169212811222 ], [ 32.450071901442833, 0.921167965629063 ], [ 32.436587530378858, 0.941068914491494 ], [ 32.422207376623994, 0.941971229425571 ], [ 32.416813977857181, 0.94739841561318 ], [ 32.415912785559485, 0.961873167568559 ], [ 32.405126810989749, 0.967299370742001 ], [ 32.399731408955489, 0.983582632511052 ], [ 32.371869177922079, 0.988100841357624 ], [ 32.369172235363351, 0.991719020954011 ], [ 32.345804694091193, 0.991714455495515 ], [ 32.333229151636296, 0.956429912739012 ], [ 32.312562847262065, 0.932904561146173 ], [ 32.293688693704979, 0.93742409756411 ], [ 32.288295244840178, 0.942850950546479 ], [ 32.291888312973562, 0.95189828162772 ], [ 32.283797319029141, 0.963657150060392 ], [ 32.287390163087863, 0.973609150534873 ], [ 32.264919116387595, 0.98626944786146 ], [ 32.254131297242694, 0.999836804804186 ], [ 32.247840163668904, 0.999835360176832 ], [ 32.234361072499908, 0.991690397951639 ], [ 32.217285493257563, 0.990781734461355 ], [ 32.201111296752018, 0.979017526059876 ], [ 32.196617713597234, 0.979016445361946 ], [ 32.194818331374165, 0.987157760210485 ], [ 32.182236079155672, 0.988059305636413 ], [ 32.177743614551339, 0.98353501482146 ], [ 32.167858006659408, 0.982627915982254 ], [ 32.156177719488539, 0.970864776716446 ], [ 32.134608865190685, 0.970859289253092 ], [ 32.127417178325878, 0.978999037370454 ], [ 32.110341676271169, 0.979899139752228 ], [ 32.106748088453493, 0.975375086677575 ], [ 32.091471771554886, 0.96994328471782 ], [ 32.081584739732492, 0.9753682693994 ], [ 32.075295407618121, 0.969938874706225 ], [ 32.074399655761837, 0.959083308075701 ], [ 32.067210698413454, 0.957272127164589 ], [ 32.066313726242129, 0.950939625570113 ], [ 32.057327207411142, 0.950032561460671 ], [ 32.033965478455841, 0.936457073625137 ], [ 32.033070015519755, 0.924697033662336 ], [ 32.037563329372681, 0.92469826276688 ], [ 32.038463932529062, 0.917461701781175 ], [ 32.05374615664293, 0.898469099312438 ], [ 32.050153143682167, 0.892135932430346 ], [ 32.074419484826294, 0.882191443105212 ], [ 32.087002757727745, 0.874053049530398 ], [ 32.088802038861338, 0.865911962060816 ], [ 32.099587066916619, 0.861391471641127 ], [ 32.100489096334286, 0.846917811573918 ], [ 32.124753220650398, 0.846018780316204 ], [ 32.125653500375194, 0.838781997437942 ], [ 32.132844216394624, 0.832451231764285 ], [ 32.129250546199238, 0.827927312994014 ], [ 32.132846572347049, 0.821595729814778 ], [ 32.124760182811286, 0.814356968573289 ], [ 32.129255220682083, 0.806216328796974 ], [ 32.129259957812621, 0.783600717759413 ], [ 32.114879807695409, 0.791739273191804 ], [ 32.105893298466583, 0.791737332191378 ], [ 32.103198125737784, 0.788118273774349 ], [ 32.077137616134607, 0.787207931787451 ], [ 32.071746568706544, 0.783588286546094 ], [ 32.069951076408714, 0.77544639802873 ], [ 32.054675276018614, 0.770919962868991 ], [ 32.017831753607744, 0.770006972476755 ], [ 32.008849466769028, 0.752817602606758 ], [ 32.007953084522299, 0.742866870633583 ], [ 32.001663196948364, 0.741056261347041 ], [ 31.989983903484099, 0.72929394679674 ], [ 31.971107158561104, 0.755522550952676 ], [ 31.966610022236658, 0.772708528171179 ], [ 31.945935743187718, 0.798031531472385 ], [ 31.94143944198126, 0.810694407853399 ], [ 31.933351254001195, 0.813405986485762 ], [ 31.908181914215763, 0.844154392541283 ], [ 31.909079004240688, 0.849582032162819 ], [ 31.917165990940607, 0.85139345572079 ], [ 31.916262273853864, 0.869484529440034 ], [ 31.909068903478673, 0.884860035652063 ], [ 31.912662054126855, 0.889383923851198 ], [ 31.912657245163366, 0.90566609615177 ], [ 31.908160315453141, 0.918328628234387 ], [ 31.911753721665349, 0.921947990592579 ], [ 31.912649313810672, 0.931898481702986 ], [ 31.925228508754298, 0.937329780619827 ], [ 31.925227126473636, 0.941852624037945 ], [ 31.920733948889861, 0.941851226367515 ], [ 31.918036647322882, 0.946373217511943 ], [ 31.901861257240782, 0.94636810059471 ], [ 31.891076272829412, 0.95088743861145 ], [ 31.861429880327854, 0.925550346665322 ], [ 31.847052407208942, 0.924641126455749 ], [ 31.836271481384621, 0.91740125548204 ], [ 31.813806805784914, 0.916489295781922 ], [ 31.803932599556429, 0.884827413228618 ], [ 31.795848545397423, 0.874874970728155 ], [ 31.780572745543346, 0.874870004283636 ], [ 31.777878193549331, 0.871251033082741 ], [ 31.76799421206837, 0.870343273759863 ], [ 31.760805673198163, 0.870340903032608 ], [ 31.757209926759021, 0.874862287521668 ], [ 31.743732972325283, 0.870335217312454 ], [ 31.740137229031106, 0.874856555799099 ], [ 31.732948758340704, 0.874854119061791 ], [ 31.722161774567294, 0.887513475898613 ], [ 31.715871572353073, 0.888415783349147 ], [ 31.706887921163901, 0.882985645198932 ], [ 31.701495051569648, 0.887506229956411 ], [ 31.692509254921653, 0.888407535352922 ], [ 31.696095414749049, 0.911021146020231 ], [ 31.691601344438585, 0.914637472877482 ], [ 31.691597389884794, 0.925491371476548 ], [ 31.68620472989074, 0.929107323474092 ], [ 31.673628025067824, 0.92096222723554 ], [ 31.66014984755159, 0.920957152488674 ], [ 31.652958446742939, 0.92909472062062 ], [ 31.625102051288316, 0.933606252890699 ], [ 31.624204922443226, 0.929988033480064 ], [ 31.614322856082776, 0.925461828139562 ], [ 31.611633553351613, 0.909180457305997 ], [ 31.604445739401829, 0.908273208546398 ], [ 31.604447470020915, 0.903750913886232 ], [ 31.591868608288227, 0.902841572323397 ], [ 31.58648170755567, 0.891986042684114 ], [ 31.564914458515798, 0.900117631862231 ], [ 31.550542039948279, 0.891067531069218 ], [ 31.545168043480086, 0.846748043754715 ], [ 31.54067800407401, 0.840415306008711 ], [ 31.546071207073037, 0.834086276660353 ], [ 31.570332196949511, 0.82866854849851 ], [ 31.570333491353107, 0.825050764729244 ], [ 31.554164377632301, 0.815096046282856 ], [ 31.554166627082523, 0.808764969353509 ], [ 31.543384945471736, 0.808761088290838 ], [ 31.511031179275946, 0.833168665245686 ], [ 31.496655465590202, 0.834067585288416 ], [ 31.471495635006473, 0.842197477965539 ], [ 31.475085189110075, 0.853051776922238 ], [ 31.475075803117491, 0.876566351823643 ], [ 31.478667076681656, 0.882898680614478 ], [ 31.471479024747193, 0.883800117787161 ], [ 31.470570817473426, 0.907314266819371 ], [ 31.452595798786419, 0.920872527954914 ], [ 31.42294682594018, 0.920859446476451 ], [ 31.414862808893844, 0.916333933336749 ], [ 31.405878401906769, 0.916329919600065 ], [ 31.402282641385202, 0.920850182413869 ], [ 31.388806111891512, 0.920844075729615 ], [ 31.37892541872354, 0.916317742422042 ], [ 31.37983427629025, 0.892804662165606 ], [ 31.383431504656468, 0.884666954652177 ], [ 31.374450840825865, 0.876523738936434 ], [ 31.375354674080221, 0.863863047585989 ], [ 31.387936657476782, 0.853920383624064 ], [ 31.387940032676553, 0.845781063704797 ], [ 31.375361900903815, 0.846680146664347 ], [ 31.375360391537427, 0.850297599623132 ], [ 31.358290687044207, 0.850290329275972 ], [ 31.357394572218247, 0.844863813916741 ], [ 31.338527877918732, 0.845760083888694 ], [ 31.328642486388141, 0.852990547026815 ], [ 31.332232129896685, 0.862035551698738 ], [ 31.32144141772466, 0.884639243043035 ], [ 31.320538526268077, 0.894586550864197 ], [ 31.313350553671327, 0.896391900949969 ], [ 31.306160092775997, 0.903623210182711 ], [ 31.298964912627788, 0.920802055162288 ], [ 31.293576717708575, 0.916277835976961 ], [ 31.259437857765079, 0.917165609672346 ], [ 31.240564127133013, 0.933433715015254 ], [ 31.237869479214467, 0.932528058162637 ], [ 31.23787350982213, 0.924389373833305 ], [ 31.241466965495782, 0.924391167314653 ], [ 31.242367548794746, 0.919870112685358 ], [ 31.236990493381786, 0.892738497512762 ], [ 31.229804533260417, 0.890926432044149 ], [ 31.22441960054627, 0.880072318245482 ], [ 31.208250313241166, 0.878255964877557 ], [ 31.195683493922761, 0.857451486440942 ], [ 31.201076822106689, 0.85021979677783 ], [ 31.215450527674292, 0.849322225232016 ], [ 31.224435948101547, 0.844804930690976 ], [ 31.240616917970868, 0.820396234830035 ], [ 31.237928952733135, 0.804117661565896 ], [ 31.230742288184963, 0.804114531821805 ], [ 31.226248679507279, 0.808634034992863 ], [ 31.219064018143644, 0.804109418852992 ], [ 31.212775749727797, 0.804106651801043 ], [ 31.211872273552927, 0.815861974055314 ], [ 31.200189235216811, 0.826708093200149 ], [ 31.195691459555626, 0.8402702085805 ], [ 31.187603229201063, 0.847500630417276 ], [ 31.191193563588499, 0.853832250331029 ], [ 31.17771620525502, 0.859251455566087 ], [ 31.154367415770619, 0.84386779987265 ], [ 31.157964860241876, 0.834826927314684 ], [ 31.154373339448512, 0.831208203024164 ], [ 31.149895084241628, 0.802269936039005 ] ], [ [ 31.368051318061294, 2.203210501858654 ], [ 31.367155304064354, 2.200496466687761 ], [ 31.368054270136, 2.200497456265027 ], [ 31.368051318061294, 2.203210501858654 ] ], [ [ 30.928622338405223, 3.617601876549884 ], [ 30.929524255837748, 3.61669983874876 ], [ 30.92952220338346, 3.617603939371216 ], [ 30.928622338405223, 3.617601876549884 ] ], [ [ 32.053816570368383, 3.587821201245862 ], [ 32.052917197564241, 3.586915694529552 ], [ 32.053817500729245, 3.586916629627155 ], [ 32.053816570368383, 3.587821201245862 ] ], [ [ 32.850625075365556, 3.752049316149952 ], [ 32.849724640800602, 3.751144471997319 ], [ 32.850625228991831, 3.75114462676961 ], [ 32.850625075365556, 3.752049316149952 ] ], [ [ 34.483250983421705, 1.464457874898214 ], [ 34.482352914580005, 1.465362893841346 ], [ 34.4823523200604, 1.464458473222717 ], [ 34.483250983421705, 1.464457874898214 ] ], [ [ 30.80586424759867, 0.840973411721275 ], [ 30.80496563481254, 0.841876964306532 ], [ 30.804966140335356, 0.84097290322436 ], [ 30.80586424759867, 0.840973411721275 ] ], [ [ 30.800475105618467, 0.841874415969691 ], [ 30.799576494106059, 0.842777963471249 ], [ 30.799577001412139, 0.841873905678594 ], [ 30.800475105618467, 0.841874415969691 ] ], [ [ 30.759150856999618, 0.862643482923794 ], [ 30.758252243695917, 0.86354698246307 ], [ 30.75825277326976, 0.862642950227921 ], [ 30.759150856999618, 0.862643482923794 ] ], [ [ 31.4246401203986, 1.132486149734377 ], [ 31.423741124595775, 1.133390041165936 ], [ 31.42374161346558, 1.132485658003835 ], [ 31.4246401203986, 1.132486149734377 ] ], [ [ 33.04057240439522, 1.217056485925254 ], [ 33.040572580999715, 1.228817936963522 ], [ 33.035179360925333, 1.233341648941131 ], [ 33.024392758444286, 1.230627589162436 ], [ 33.010010695043491, 1.237865499624509 ], [ 33.006415153888106, 1.234246602285506 ], [ 32.995628569502927, 1.235151333604972 ], [ 32.99293193480321, 1.23062769198046 ], [ 32.980347612031949, 1.22972290141994 ], [ 32.974055370897908, 1.237865390915629 ], [ 32.973156614583942, 1.225199202890372 ], [ 32.979448800632646, 1.220675623033779 ], [ 32.978549959092291, 1.216151979979154 ], [ 32.98484208487546, 1.217056750162256 ], [ 32.985740975263198, 1.214342573339464 ], [ 32.98843760488181, 1.213437859027102 ], [ 32.985740961024852, 1.217056755095337 ], [ 32.988437550821644, 1.226104040305202 ], [ 32.994729705049494, 1.226104060211455 ], [ 32.99472971387933, 1.221580424104699 ], [ 32.989336454983736, 1.219770953551252 ], [ 32.988437589493373, 1.217056768085735 ], [ 32.993830844445327, 1.217961513189427 ], [ 32.996527484259062, 1.209818972427868 ], [ 33.001021853207732, 1.209818974470472 ], [ 33.003718484458808, 1.217056790447342 ], [ 33.00821286532932, 1.217056780443193 ], [ 33.010010597694993, 1.211628410678932 ], [ 33.02169599307566, 1.215247250785943 ], [ 33.034280170033668, 1.208914029573962 ], [ 33.036078000486818, 1.215247096001668 ], [ 33.044167878707945, 1.21524697507011 ], [ 33.04057240439522, 1.217056485925254 ] ], [ [ 33.036077940578217, 1.210723460412514 ], [ 33.036976802229525, 1.209818721098402 ], [ 33.036976814482259, 1.210723448225325 ], [ 33.036077940578217, 1.210723460412514 ] ], [ [ 33.045066754014073, 1.215246960128141 ], [ 33.045965583478477, 1.212532763887477 ], [ 33.046864442313449, 1.211628021378389 ], [ 33.045066754014073, 1.215246960128141 ] ], [ [ 32.969560945490613, 1.238770069829176 ], [ 32.974954236946068, 1.239674853685612 ], [ 32.967763091172188, 1.246007864069222 ], [ 32.969560945490613, 1.238770069829176 ] ], [ [ 32.967763080170556, 1.246912590995688 ], [ 32.963268536838264, 1.255055073418848 ], [ 32.958774078936401, 1.255959732785249 ], [ 32.961470706281887, 1.258673954559724 ], [ 32.953380438266059, 1.2731494477971 ], [ 32.956077015509656, 1.279482581609023 ], [ 32.96057161138291, 1.272244841883134 ], [ 32.970459473645256, 1.270435521321962 ], [ 32.972257165052589, 1.279482809027152 ], [ 32.969560419860258, 1.284006411731827 ], [ 32.964167064797707, 1.281292161464928 ], [ 32.956076907533628, 1.285815667457492 ], [ 32.952481393838873, 1.281291970166634 ], [ 32.943492417507379, 1.28129178651419 ], [ 32.937200002428952, 1.286719996636802 ], [ 32.941694396529762, 1.29124373549593 ], [ 32.929109783759387, 1.291243413693002 ], [ 32.922817204800246, 1.300290488256373 ], [ 32.91562585425342, 1.303909159461082 ], [ 32.917423516594141, 1.30843284796483 ], [ 32.911131297888105, 1.304813729403346 ], [ 32.909333842490845, 1.294861683751494 ], [ 32.905738302948428, 1.293052100768331 ], [ 32.890456249444107, 1.310241258806062 ], [ 32.882364855480844, 1.336477903208656 ], [ 32.890455298469377, 1.331954655822043 ], [ 32.887758841360913, 1.325621460558155 ], [ 32.896748224312148, 1.319288778798046 ], [ 32.89225332338269, 1.327431111243728 ], [ 32.903938981771191, 1.332859947002196 ], [ 32.909332538751002, 1.33105070211587 ], [ 32.911130173180958, 1.336479120080595 ], [ 32.9210180539284, 1.342812538853466 ], [ 32.921017879342934, 1.348240891822634 ], [ 32.911129682900892, 1.350049999301684 ], [ 32.896747397589586, 1.339192728835954 ], [ 32.863486066685724, 1.364523356269188 ], [ 32.859890417719988, 1.363618424739007 ], [ 32.854496378448928, 1.371760612076268 ], [ 32.844606645094537, 1.395282777302405 ], [ 32.8526969596209, 1.397092746967696 ], [ 32.858990165709521, 1.386236456434048 ], [ 32.865281515069093, 1.407045464542003 ], [ 32.87427049439809, 1.415188482470282 ], [ 32.874270103650659, 1.422426271325495 ], [ 32.863482786318968, 1.421520931372741 ], [ 32.856290819064398, 1.427853552508408 ], [ 32.85718932045642, 1.435091391842415 ], [ 32.861683863338293, 1.438710561791823 ], [ 32.869774447213246, 1.438711040888701 ], [ 32.883259263521701, 1.428759813526195 ], [ 32.898541425846261, 1.428760543753458 ], [ 32.900338975903708, 1.436903141740178 ], [ 32.944387843113894, 1.43328574708861 ], [ 32.945286882604023, 1.42966686773715 ], [ 32.936297509572817, 1.424238283440047 ], [ 32.933600917595321, 1.415190955036782 ], [ 32.93989363660755, 1.411572226343286 ], [ 32.942590361240647, 1.416095921818952 ], [ 32.954276638052889, 1.417905634462951 ], [ 32.956973531798617, 1.415191509796252 ], [ 32.95697383017167, 1.398906448367807 ], [ 32.966862075893637, 1.406144416048678 ], [ 32.97854842427504, 1.397097294840782 ], [ 32.986638880554288, 1.398002081093755 ], [ 32.989335742806603, 1.388954835165958 ], [ 32.985740037719253, 1.381717007835971 ], [ 32.988436853911494, 1.379002844347391 ], [ 32.993830454030196, 1.379002864563195 ], [ 33.001920859385031, 1.38533595441132 ], [ 33.024394196875498, 1.37990747285084 ], [ 33.023495148340842, 1.368146043056022 ], [ 33.036080116398004, 1.365431707768542 ], [ 33.033383158084611, 1.352765581517114 ], [ 33.036079781971083, 1.342813554884615 ], [ 33.041473315773949, 1.343718194930003 ], [ 33.047766056387346, 1.359098421272054 ], [ 33.057654302049912, 1.361812381479647 ], [ 33.05675560918209, 1.371764386239403 ], [ 33.062149260289772, 1.374478428246446 ], [ 33.06754234179941, 1.356383769317662 ], [ 33.072936104681119, 1.363621415906061 ], [ 33.075632828837378, 1.361811881288094 ], [ 33.075632380020622, 1.34733627330278 ], [ 33.081025725686501, 1.341907746070639 ], [ 33.089116190270843, 1.34733581453739 ], [ 33.099004168774968, 1.3437165303805 ], [ 33.103498270336644, 1.331954918812577 ], [ 33.096306883028099, 1.330145761803073 ], [ 33.094508883011727, 1.325622205488228 ], [ 33.101699704468118, 1.313860492283565 ], [ 33.116082105184958, 1.311145687277826 ], [ 33.113384777624752, 1.297574938464809 ], [ 33.102597806707941, 1.293956500790767 ], [ 33.102597336325246, 1.282195071649771 ], [ 33.097203784327668, 1.27767165581215 ], [ 33.105293511875956, 1.269528806882298 ], [ 33.113383700240163, 1.273147363071499 ], [ 33.133160471474802, 1.294859795939675 ], [ 33.137654923857603, 1.293954830249232 ], [ 33.141249924916437, 1.283097943252903 ], [ 33.148441247483866, 1.285811704773484 ], [ 33.156531923424424, 1.295763175458477 ], [ 33.151138900781817, 1.302096569769135 ], [ 33.154734951700419, 1.309334136907873 ], [ 33.165521863290692, 1.310238166410028 ], [ 33.17540911996997, 1.300285543112297 ], [ 33.178106713125565, 1.312951464535234 ], [ 33.185297883553794, 1.31204621675984 ], [ 33.187993788655255, 1.301189353392599 ], [ 33.196083261117252, 1.293046241234678 ], [ 33.214960923699245, 1.302996626617066 ], [ 33.223948800570227, 1.290329761984691 ], [ 33.223947463577488, 1.274949524365083 ], [ 33.222148682228863, 1.263188320224492 ], [ 33.21315946216513, 1.258665474544421 ], [ 33.213159022366987, 1.253237150334403 ], [ 33.223046645416915, 1.25233160164932 ], [ 33.232933697788496, 1.245092979928422 ], [ 33.228437301020456, 1.221570657733505 ], [ 33.235628105563485, 1.219760593765054 ], [ 33.23922422381407, 1.226998028851826 ], [ 33.248213103667581, 1.228806642071812 ], [ 33.255403474508498, 1.222472932772339 ], [ 33.252705856794947, 1.211616568587847 ], [ 33.257199928233291, 1.208901988536971 ], [ 33.2706828864996, 1.208900669586894 ], [ 33.266190612582086, 1.229709617523716 ], [ 33.275179872603672, 1.235137000211821 ], [ 33.2715848450229, 1.23966095692079 ], [ 33.259899836421589, 1.243281008026387 ], [ 33.261698212748541, 1.249613852309379 ], [ 33.274282493565977, 1.249612560319439 ], [ 33.274282869477979, 1.253231426719022 ], [ 33.260800500494462, 1.261375270714627 ], [ 33.25900490213813, 1.283088673434441 ], [ 33.27698238514111, 1.280372629733328 ], [ 33.27338818453002, 1.293039047993396 ], [ 33.283276090707282, 1.293942672661059 ], [ 33.299458368183103, 1.312939801381023 ], [ 33.306649540301031, 1.312938924205079 ], [ 33.309345341420595, 1.305700883090928 ], [ 33.32013274481416, 1.311127798622268 ], [ 33.323726933003577, 1.300270787990525 ], [ 33.337209438943269, 1.293936035230122 ], [ 33.338110252927748, 1.30841128805011 ], [ 33.333616271590316, 1.312030738260603 ], [ 33.331820402130624, 1.326506359325948 ], [ 33.347101796938638, 1.327408959614452 ], [ 33.346203403117904, 1.33102792583272 ], [ 33.336315507224633, 1.331029302709966 ], [ 33.336316367222963, 1.337362277982951 ], [ 33.344406990440028, 1.340979988876349 ], [ 33.342609940659173, 1.34640850329185 ], [ 33.348902145697963, 1.345502895826933 ], [ 33.357891843380074, 1.350025128384472 ], [ 33.357890656361832, 1.341882751089574 ], [ 33.372273076392617, 1.341880591088947 ], [ 33.374968678390275, 1.334642521342471 ], [ 33.38395750954863, 1.333736419739736 ], [ 33.388452558242811, 1.337354532025169 ], [ 33.40373276377337, 1.331019123658545 ], [ 33.410026513113117, 1.340065110111614 ], [ 33.409129728787946, 1.352731105223364 ], [ 33.402837721207149, 1.354541572165179 ], [ 33.401938075158597, 1.350018202872519 ], [ 33.396544671350846, 1.350019094030894 ], [ 33.393849868910024, 1.361780697029563 ], [ 33.400142056298989, 1.360874950156563 ], [ 33.406435144091034, 1.365397408052349 ], [ 33.393850899249706, 1.368113629900887 ], [ 33.389357088917023, 1.372637893803078 ], [ 33.390257028016649, 1.378970681388955 ], [ 33.386660940267816, 1.3762571557098 ], [ 33.383066015517059, 1.380781268324761 ], [ 33.374076731369207, 1.379878002094146 ], [ 33.371378589216398, 1.370831357258055 ], [ 33.353399683028769, 1.366310550850176 ], [ 33.351601203455282, 1.361787270932221 ], [ 33.343511138918636, 1.362693154628053 ], [ 33.339915875025412, 1.365407798479426 ], [ 33.346208000801447, 1.363597475729764 ], [ 33.348904864011125, 1.36450179326672 ], [ 33.343511909451031, 1.368121413677629 ], [ 33.337219263669141, 1.36631289108243 ], [ 33.331826530760608, 1.371741912246316 ], [ 33.336321866485505, 1.377169543541096 ], [ 33.343512941597204, 1.37535909202606 ], [ 33.338120083354553, 1.379883418344196 ], [ 33.331827530428782, 1.37897959913272 ], [ 33.338121751152102, 1.391644650897122 ], [ 33.336324291075556, 1.394359040467546 ], [ 33.330929614420882, 1.386217412162011 ], [ 33.31025429284486, 1.385315516152508 ], [ 33.303065224733714, 1.403410717650842 ], [ 33.295873669155768, 1.402506930389552 ], [ 33.294975419890356, 1.407935327579342 ], [ 33.299470890606649, 1.41426774493062 ], [ 33.312953690166346, 1.405218832013496 ], [ 33.321944226865625, 1.414264717678848 ], [ 33.333630730172644, 1.416977188129243 ], [ 33.334530312580561, 1.421500609039633 ], [ 33.325541601727963, 1.426025457140422 ], [ 33.32913889590948, 1.436881470673004 ], [ 33.323743728169845, 1.426025712285665 ], [ 33.318350603413585, 1.429645315921535 ], [ 33.32104779666286, 1.432359072290693 ], [ 33.318351352538293, 1.435073585723091 ], [ 33.317451664631299, 1.429645441162043 ], [ 33.31025930328974, 1.423313443637639 ], [ 33.294080036917066, 1.435981568958855 ], [ 33.285090488634317, 1.435078000474625 ], [ 33.278796680667469, 1.425126916745406 ], [ 33.274302085657681, 1.426032175081195 ], [ 33.273402505392447, 1.420603990326811 ], [ 33.276099429226086, 1.421508382863629 ], [ 33.278795380175737, 1.414270336623635 ], [ 33.285986203161968, 1.408841169121276 ], [ 33.286883703892236, 1.397079769339151 ], [ 33.275197202426476, 1.393462314000199 ], [ 33.280591630130743, 1.40069939412213 ], [ 33.27429932396177, 1.402509574745787 ], [ 33.270703180591326, 1.398891132915597 ], [ 33.270702250139486, 1.390748690528387 ], [ 33.256319106148638, 1.388036155613392 ], [ 33.259915509514869, 1.394368777196308 ], [ 33.256321363483238, 1.408844643031398 ], [ 33.251826878978072, 1.410654570374483 ], [ 33.24643268805611, 1.40522684667837 ], [ 33.237443244455804, 1.404323065456482 ], [ 33.239240563819017, 1.398894573023036 ], [ 33.248229416109275, 1.394370046326965 ], [ 33.243734019502291, 1.387132776697187 ], [ 33.236542322453367, 1.384419356155674 ], [ 33.227553647853533, 1.390753273433892 ], [ 33.22305823166554, 1.382611232851212 ], [ 33.217664581134699, 1.381707017090591 ], [ 33.199686847637771, 1.391660531864575 ], [ 33.202384186377273, 1.397993342706653 ], [ 33.2149694345241, 1.399801656323201 ], [ 33.205980716540921, 1.40704022848107 ], [ 33.205082174054368, 1.411563908370739 ], [ 33.208677772150388, 1.409754146836508 ], [ 33.205981432807114, 1.415182708249333 ], [ 33.201486882082698, 1.416992545886365 ], [ 33.20238519770426, 1.409754705752939 ], [ 33.175416656591175, 1.405233299195982 ], [ 33.169123433510961, 1.396186546430648 ], [ 33.164629321515257, 1.404329367115587 ], [ 33.154741285684644, 1.408853659741123 ], [ 33.152045049762556, 1.417901064752082 ], [ 33.147550209917704, 1.416091911813951 ], [ 33.145752490617632, 1.418806194859288 ], [ 33.152944590393119, 1.426948230432183 ], [ 33.156540017575693, 1.421519652894932 ], [ 33.173619785260165, 1.418804259424827 ], [ 33.174519069120272, 1.423327799153068 ], [ 33.184407688946912, 1.426041187979057 ], [ 33.188902938956197, 1.432373866604413 ], [ 33.199690713998663, 1.436896547022134 ], [ 33.208682030684294, 1.456799568330108 ], [ 33.215873343976412, 1.453180010401175 ], [ 33.216770840943134, 1.43779969959024 ], [ 33.237447224773227, 1.443225936838707 ], [ 33.240144455316759, 1.446844522297264 ], [ 33.234751584638701, 1.454987551420229 ], [ 33.237449779685242, 1.467653314385569 ], [ 33.246439574099547, 1.469461769837791 ], [ 33.250933467388847, 1.461318816095724 ], [ 33.255428249051285, 1.46131830633209 ], [ 33.253632070882084, 1.476698691394998 ], [ 33.263520973903624, 1.479411681038607 ], [ 33.265318470066354, 1.475792603191849 ], [ 33.272510157927854, 1.475791728306761 ], [ 33.27251059894072, 1.479410588414129 ], [ 33.27970263433189, 1.482123831278644 ], [ 33.276107007156376, 1.483933714702227 ], [ 33.27880469268537, 1.490266375606089 ], [ 33.257230223752067, 1.49660202929416 ], [ 33.246441669851464, 1.488460824578875 ], [ 33.240149482870294, 1.493889826418756 ], [ 33.235653382387888, 1.482128988078647 ], [ 33.218572224886316, 1.473988282198859 ], [ 33.214077752028864, 1.477607597474591 ], [ 33.21317947832371, 1.484845436416571 ], [ 33.220372212140674, 1.494796630240576 ], [ 33.204190959588892, 1.497512362356881 ], [ 33.203291154519434, 1.488465251740644 ], [ 33.197897009202023, 1.484846866116683 ], [ 33.187109375335403, 1.484847811315193 ], [ 33.18261371193605, 1.47489626199106 ], [ 33.184411346307343, 1.471277230229646 ], [ 33.178117950014098, 1.46313525555317 ], [ 33.165533149747588, 1.472183441530566 ], [ 33.166431646843378, 1.465850323301466 ], [ 33.161037415712492, 1.459517667164398 ], [ 33.156542610826783, 1.459517986484775 ], [ 33.150250303587207, 1.46585147457688 ], [ 33.146655156809075, 1.476708383198927 ], [ 33.129574751760757, 1.47670945105371 ], [ 33.11609068402899, 1.485757435109144 ], [ 33.111595455822886, 1.478519879646222 ], [ 33.099908718034754, 1.475806267925491 ], [ 33.090919352593211, 1.483949173425325 ], [ 33.090020672819641, 1.491187003403444 ], [ 33.099910809252236, 1.52194718011393 ], [ 33.108900059244242, 1.509280615081143 ], [ 33.120587485153003, 1.521041393703029 ], [ 33.13856653669928, 1.510183639272439 ], [ 33.142163232712484, 1.521944794307242 ], [ 33.13497184328746, 1.530087760811945 ], [ 33.134972296744124, 1.537325539485875 ], [ 33.142165146572466, 1.550895899411546 ], [ 33.161942911471783, 1.548180306525273 ], [ 33.165539180637367, 1.551798910790253 ], [ 33.161944223084831, 1.565370006020083 ], [ 33.165540382338584, 1.567179165058139 ], [ 33.17632843937686, 1.567178279237879 ], [ 33.186216768817303, 1.559034939932877 ], [ 33.186217406251629, 1.566272698356895 ], [ 33.195209039475593, 1.583461540441114 ], [ 33.203299691957007, 1.578937164367953 ], [ 33.208692750375484, 1.568984723394986 ], [ 33.212288764155552, 1.568984359373042 ], [ 33.221280707171111, 1.587077775856371 ], [ 33.232069334989305, 1.591600170816243 ], [ 33.255446651944141, 1.616024701673284 ], [ 33.268931958799485, 1.616022950351941 ], [ 33.277923141135958, 1.623259439937087 ], [ 33.302196722137694, 1.623255936857987 ], [ 33.315681320984126, 1.618730312659887 ], [ 33.32197273396433, 1.607872799713991 ], [ 33.328265383273269, 1.6051576635399 ], [ 33.319277389911356, 1.618729746210833 ], [ 33.318379787942959, 1.627776988601528 ], [ 33.321078286130685, 1.636823655333425 ], [ 33.333665826271066, 1.644059255984685 ], [ 33.35704114387422, 1.647674012922103 ], [ 33.363333835227301, 1.644958751510469 ], [ 33.370524198626306, 1.63500566722941 ], [ 33.37412145024895, 1.641337927950999 ], [ 33.384010685034561, 1.641336042072745 ], [ 33.399296185725646, 1.65218945175745 ], [ 33.405588801522583, 1.649474066195293 ], [ 33.408284579045578, 1.6431406060889 ], [ 33.412780416383178, 1.646758477682343 ], [ 33.413678133175111, 1.640425389079078 ], [ 33.418175290160633, 1.650376144858908 ], [ 33.424468435272672, 1.65037480363381 ], [ 33.427166656045415, 1.655802413667402 ], [ 33.434359226632516, 1.657610236547664 ], [ 33.448740731231538, 1.64494126714682 ], [ 33.460428539495148, 1.647652671893368 ], [ 33.473910553877012, 1.634079098881366 ], [ 33.483799190553292, 1.632267344049069 ], [ 33.48380027322591, 1.636790801588791 ], [ 33.473913961726083, 1.648554183041723 ], [ 33.478410975812828, 1.656695330090479 ], [ 33.475715006298138, 1.66121944524659 ], [ 33.470321533189434, 1.663934823510459 ], [ 33.451441453978113, 1.661225174786955 ], [ 33.445149311118819, 1.665750092378265 ], [ 33.455941152692276, 1.681127422099983 ], [ 33.468528431914621, 1.684743196683813 ], [ 33.461337890224243, 1.691982475050934 ], [ 33.456842714888779, 1.691983545256061 ], [ 33.435261623177361, 1.672989894010108 ], [ 33.421775978340605, 1.672088158251066 ], [ 33.415483714799478, 1.676613006763527 ], [ 33.417283894739931, 1.686564315330682 ], [ 33.422679095965755, 1.691086637721734 ], [ 33.432568119059084, 1.689275050789 ], [ 33.430772243025771, 1.699227127203922 ], [ 33.441562385028874, 1.706462246914921 ], [ 33.430775261608062, 1.712797590829236 ], [ 33.429877627315825, 1.719130677042646 ], [ 33.437071063967181, 1.723652517681602 ], [ 33.425385385366923, 1.732702160294314 ], [ 33.426285658921962, 1.738130143954485 ], [ 33.439771346758384, 1.737222336843157 ], [ 33.440671244668252, 1.740840910369581 ], [ 33.437974899659636, 1.744460328013816 ], [ 33.429883540758766, 1.74536690257259 ], [ 33.422692647983489, 1.752606127673916 ], [ 33.421795202805164, 1.759843916837339 ], [ 33.433485427340003, 1.769792884548084 ], [ 33.442476385087879, 1.770695444220683 ], [ 33.44697088876935, 1.767075579297643 ], [ 33.447870828399985, 1.770694140990365 ], [ 33.455063413251203, 1.770692378786567 ], [ 33.458661039386705, 1.776119648072271 ], [ 33.455964702371922, 1.779739094639022 ], [ 33.442478320464012, 1.778837703679592 ], [ 33.439781728683542, 1.781552439660244 ], [ 33.437985281739067, 1.788790438091013 ], [ 33.440684045543271, 1.795122657273795 ], [ 33.426296352390352, 1.785174417799591 ], [ 33.422697546830697, 1.774318879198701 ], [ 33.416403389519495, 1.771606219197223 ], [ 33.402014444980011, 1.754420108725501 ], [ 33.39931531772109, 1.745373682025636 ], [ 33.40200698852901, 1.719136785140885 ], [ 33.392116461902752, 1.714615344731446 ], [ 33.395711191586493, 1.707376987906204 ], [ 33.39391088911497, 1.696520937435957 ], [ 33.380425382663987, 1.697428355664153 ], [ 33.378626410343969, 1.692905193034687 ], [ 33.366938140617435, 1.689288634583149 ], [ 33.366936954691027, 1.682955700802303 ], [ 33.348958044460218, 1.69381549979918 ], [ 33.343562958145164, 1.689292934078338 ], [ 33.335472623515145, 1.695627311283566 ], [ 33.337270098196207, 1.692008166346156 ], [ 33.328276884932649, 1.675724963515389 ], [ 33.319285877331367, 1.672107620684071 ], [ 33.308498087245972, 1.676632908268849 ], [ 33.304902752028909, 1.682061739077467 ], [ 33.292315552210098, 1.678444829928749 ], [ 33.28871817572049, 1.670302958943988 ], [ 33.278828574096799, 1.669399682778026 ], [ 33.278828064809034, 1.665780831214738 ], [ 33.293211517996795, 1.657636324387909 ], [ 33.295008788966179, 1.65220778539127 ], [ 33.283320189739207, 1.644067082366058 ], [ 33.275228905145298, 1.644068221049647 ], [ 33.271632044372694, 1.638640434459501 ], [ 33.255449612307054, 1.639547291318621 ], [ 33.249157400484648, 1.647690526782434 ], [ 33.24915807608668, 1.653118818112816 ], [ 33.25635107449429, 1.658546185030161 ], [ 33.243766066698818, 1.671213801382515 ], [ 33.245565399256982, 1.681165443582341 ], [ 33.264446551513871, 1.689305387116663 ], [ 33.262650642374773, 1.705590481383345 ], [ 33.256357094774536, 1.704686620906868 ], [ 33.241970424326055, 1.691117764483453 ], [ 33.240172535457546, 1.692927420052867 ], [ 33.214096136546779, 1.658551237641402 ], [ 33.202409039072677, 1.663076065205819 ], [ 33.202410706380483, 1.679360988466014 ], [ 33.196118967602786, 1.695646560738078 ], [ 33.198816889001378, 1.702884027122847 ], [ 33.189826515250459, 1.705599093954933 ], [ 33.181734162244794, 1.697457410777983 ], [ 33.186228608831833, 1.688409794206482 ], [ 33.182631535560702, 1.679362948452292 ], [ 33.186226981263282, 1.671220137925141 ], [ 33.184428460063174, 1.666696713893163 ], [ 33.17813496129817, 1.664887858109522 ], [ 33.184427369706668, 1.654935366636082 ], [ 33.179931667892824, 1.649507466075862 ], [ 33.180829488104933, 1.635936593575953 ], [ 33.172737791810576, 1.631413711581492 ], [ 33.161950268378128, 1.642271258151003 ], [ 33.143070269948133, 1.639558544263858 ], [ 33.137675304827482, 1.628702268555893 ], [ 33.129583949421082, 1.627798086608809 ], [ 33.132280050117224, 1.612417641854222 ], [ 33.124188596281122, 1.608799266430025 ], [ 33.120592073442033, 1.601561705673823 ], [ 33.115197943311848, 1.601562017853414 ], [ 33.110703272126543, 1.609704769923246 ], [ 33.116997122600843, 1.621465805663382 ], [ 33.105309677694805, 1.620561728736739 ], [ 33.098117782733915, 1.627799873990563 ], [ 33.104411485450832, 1.636846780888853 ], [ 33.11879640435486, 1.642274307324057 ], [ 33.114301566358925, 1.648607625504492 ], [ 33.115201339826669, 1.661273680690627 ], [ 33.110706552420233, 1.669416437194918 ], [ 33.10621134008688, 1.670321408749553 ], [ 33.097220545860793, 1.664893542726666 ], [ 33.093624429294898, 1.666703162787822 ], [ 33.088230362712757, 1.672131748823635 ], [ 33.090927691217559, 1.675750514880425 ], [ 33.090927941967216, 1.681178849450615 ], [ 33.088230767794549, 1.681178973945428 ], [ 33.082836152427589, 1.674846153296469 ], [ 33.082835849161597, 1.667608371772729 ], [ 33.090927067896345, 1.66217967713605 ], [ 33.090027609856563, 1.653132492147371 ], [ 33.081037045585568, 1.650418713043541 ], [ 33.072945943388419, 1.658561535696508 ], [ 33.06934934264072, 1.646800264868578 ], [ 33.080137676115037, 1.642276242875565 ], [ 33.083733238884328, 1.627800526548523 ], [ 33.078338789569223, 1.621467682132078 ], [ 33.063954169982502, 1.617849296576374 ], [ 33.064853056698638, 1.613325650040827 ], [ 33.076540455292729, 1.614229964811502 ], [ 33.081934371963968, 1.60789669053465 ], [ 33.070246915964795, 1.604278234616761 ], [ 33.068448448413093, 1.591612164760093 ], [ 33.061256272108118, 1.59070766846125 ], [ 33.053165268581743, 1.597040961799808 ], [ 33.047771036561244, 1.592517474977893 ], [ 33.044174614066769, 1.576232520909299 ], [ 33.037881543470057, 1.577137369944789 ], [ 33.030689546702924, 1.584375283751288 ], [ 33.030689268783028, 1.565376071839883 ], [ 33.02529519967684, 1.5635666952695 ], [ 33.017204186713684, 1.569899849429818 ], [ 33.012709060974174, 1.557233737616414 ], [ 33.015406002527918, 1.547281748147751 ], [ 33.010011979374333, 1.542758156904205 ], [ 32.992931029749421, 1.536425095158538 ], [ 32.984840054970491, 1.538234502405398 ], [ 32.9839409974131, 1.546377018561472 ], [ 32.988435962790135, 1.552710120943273 ], [ 32.991132974439047, 1.551805409363723 ], [ 32.994728951962927, 1.564471566535847 ], [ 32.986637894859051, 1.56266208122612 ], [ 32.983940812366853, 1.570804583104511 ], [ 32.976748700128198, 1.573518688410461 ], [ 32.977647634324427, 1.580756493644738 ], [ 32.961465240189526, 1.587994048694845 ], [ 32.956970208834676, 1.585279787022554 ], [ 32.956970302093787, 1.580756166125103 ], [ 32.964162540962299, 1.573518509064635 ], [ 32.959667657784671, 1.56447118316726 ], [ 32.965960768108204, 1.5608523975737 ], [ 32.965960840742987, 1.556328775134299 ], [ 32.960566917482012, 1.55090033375106 ], [ 32.94977887696492, 1.551804828220099 ], [ 32.93988944617233, 1.566280155027499 ], [ 32.932697556346689, 1.560851591195249 ], [ 32.923707502565165, 1.560851282387612 ], [ 32.916515138928524, 1.568993520144579 ], [ 32.920110863774951, 1.577136174155228 ], [ 32.918312804204071, 1.578040827493025 ], [ 32.913817779139478, 1.57713592154669 ], [ 32.914717011765461, 1.57170761779106 ], [ 32.910221808739031, 1.575326321848396 ], [ 32.902131632166409, 1.555422043545411 ], [ 32.885050442919351, 1.558135345481879 ], [ 32.882352879807648, 1.568087145264921 ], [ 32.874261707621002, 1.569896116742484 ], [ 32.859878904304203, 1.549991314561578 ], [ 32.857181786801185, 1.551800577059765 ], [ 32.838303286569079, 1.545466162047542 ], [ 32.815828322127267, 1.546369040912418 ], [ 32.796950630140259, 1.533701241151209 ], [ 32.779868735674327, 1.544556159214398 ], [ 32.783464247648176, 1.549080122148188 ], [ 32.792454020586447, 1.550890464771679 ], [ 32.787057860445131, 1.572603165612696 ], [ 32.79424927946949, 1.578936921756306 ], [ 32.802340267841615, 1.579842430645527 ], [ 32.814028188740217, 1.570796319158276 ], [ 32.816724097560545, 1.583462636492669 ], [ 32.823016715370798, 1.58889150705386 ], [ 32.818521172441166, 1.594319433440407 ], [ 32.823015943171171, 1.597938707050704 ], [ 32.819419635445776, 1.600652551469392 ], [ 32.815823722308473, 1.598842790533581 ], [ 32.818520934559984, 1.597033592709052 ], [ 32.815824205278346, 1.593414472841134 ], [ 32.805036109024748, 1.592508754930831 ], [ 32.796944892562365, 1.593412687578798 ], [ 32.796045521854943, 1.597031472458213 ], [ 32.784358696297588, 1.593411400694632 ], [ 32.770873097329179, 1.597028804221162 ], [ 32.765479830577476, 1.589790458380557 ], [ 32.762784238044951, 1.577124115625164 ], [ 32.754693510469679, 1.574409023519582 ], [ 32.758290874827829, 1.562648132145699 ], [ 32.74930078256579, 1.563551787874252 ], [ 32.743007022343527, 1.569884030198802 ], [ 32.735815584740138, 1.565359553918031 ], [ 32.734018384528618, 1.559026321607876 ], [ 32.74210989689356, 1.55450375717969 ], [ 32.743909188979963, 1.543647389759586 ], [ 32.734919630194035, 1.540932136188523 ], [ 32.732224017521915, 1.530075218006824 ], [ 32.707954289350759, 1.509263629090016 ], [ 32.699865757773722, 1.492977693310989 ], [ 32.691775323390175, 1.491167142970447 ], [ 32.685482576845608, 1.491166247352528 ], [ 32.679188783686236, 1.498403020915487 ], [ 32.664804926471646, 1.501114982661363 ], [ 32.641432582321904, 1.49658771539892 ], [ 32.634242088239496, 1.489348867390389 ], [ 32.615364147828359, 1.488440929019964 ], [ 32.589292458813645, 1.499292620446424 ], [ 32.587494036105902, 1.502006384938884 ], [ 32.59378456508076, 1.513768699402212 ], [ 32.581196818530174, 1.525527398833623 ], [ 32.581195063953032, 1.53457440443998 ], [ 32.587485425720047, 1.547241451531737 ], [ 32.59198048419389, 1.546337624477073 ], [ 32.595575707271543, 1.549957125048746 ], [ 32.607262941395184, 1.547245228104364 ], [ 32.603665510703365, 1.555386881535097 ], [ 32.605461282488314, 1.567148359914903 ], [ 32.58568411860665, 1.564430415337561 ], [ 32.575794391545067, 1.568951925279018 ], [ 32.577590358723846, 1.578903988697692 ], [ 32.569496844020996, 1.591568100721198 ], [ 32.581181573525463, 1.602426921629185 ], [ 32.599162117229199, 1.599716434938544 ], [ 32.600060065022824, 1.605144823891884 ], [ 32.606352916204202, 1.606050755167998 ], [ 32.627031836879709, 1.596102902027347 ], [ 32.626128720970279, 1.618720358550697 ], [ 32.644105644153569, 1.637722449391967 ], [ 32.64949741071765, 1.651294008418754 ], [ 32.662081211013664, 1.666676235685657 ], [ 32.669272752496276, 1.671201006462463 ], [ 32.67916248577157, 1.669393237994603 ], [ 32.689048924145297, 1.688393749761589 ], [ 32.697140229462924, 1.689299745585294 ], [ 32.702535630717762, 1.682062894060812 ], [ 32.711526373670083, 1.680254827957641 ], [ 32.716020825684225, 1.685683764649234 ], [ 32.70972545875118, 1.699253507407394 ], [ 32.720513613465542, 1.702873958208633 ], [ 32.738497099874998, 1.68568693183371 ], [ 32.744788571122314, 1.700163202354805 ], [ 32.736696798149374, 1.701971536724552 ], [ 32.73130068455739, 1.714636774147157 ], [ 32.736694082653571, 1.721875236889254 ], [ 32.735794015546169, 1.729112819338123 ], [ 32.751976965444385, 1.731829159501514 ], [ 32.756473029075892, 1.72640145670673 ], [ 32.765463862456073, 1.725497878314812 ], [ 32.771758873002256, 1.71283262491191 ], [ 32.7744559672403, 1.71373766236697 ], [ 32.773555406870493, 1.726403580639494 ], [ 32.781646860123089, 1.728213965825951 ], [ 32.786143040800468, 1.720976746014286 ], [ 32.793335417841291, 1.722786978175892 ], [ 32.797831732447627, 1.713740288063363 ], [ 32.802327168657889, 1.712836042273854 ], [ 32.810416548500129, 1.735454818745479 ], [ 32.793334146069803, 1.734548301479965 ], [ 32.797827994253247, 1.749024266895177 ], [ 32.782544073464251, 1.744498966031039 ], [ 32.781643945530924, 1.753546024206239 ], [ 32.774451364276842, 1.752640450433846 ], [ 32.770854471988905, 1.757163589080467 ], [ 32.786137831898671, 1.767117293092335 ], [ 32.796027860033817, 1.767118412099174 ], [ 32.793328062788902, 1.789736029523976 ], [ 32.79872269096343, 1.789736633076468 ], [ 32.805017093849024, 1.783404296189952 ], [ 32.808613315653638, 1.785214110886672 ], [ 32.802317456638981, 1.805117215756883 ], [ 32.807711942725597, 1.806927232100375 ], [ 32.81400619970011, 1.802404303504829 ], [ 32.822095732320975, 1.827737216996149 ], [ 32.843677223017529, 1.798788232656388 ], [ 32.858063221147255, 1.796075256414374 ], [ 32.858064056330413, 1.785218619963592 ], [ 32.85266978389587, 1.780694595260225 ], [ 32.858065505697027, 1.766219503082991 ], [ 32.867056277134274, 1.768934332797311 ], [ 32.867954669502545, 1.778886320075949 ], [ 32.873348730112923, 1.787029183640278 ], [ 32.879642479191382, 1.78702960934802 ], [ 32.879642066172849, 1.793362652805209 ], [ 32.88323850722108, 1.793362887154786 ], [ 32.889532875255831, 1.783411351047779 ], [ 32.906616206436325, 1.77707925297864 ], [ 32.916505648026103, 1.792459996375794 ], [ 32.926395940233924, 1.790650979658579 ], [ 32.9317908683703, 1.783413414461682 ], [ 32.936286183961499, 1.789746630367492 ], [ 32.935386788439018, 1.797889095719882 ], [ 32.949772586986072, 1.798794272934751 ], [ 32.951571077707584, 1.788842378270704 ], [ 32.962360413022033, 1.787937910492502 ], [ 32.96685620242895, 1.774367161069078 ], [ 32.963259969250387, 1.76531986756709 ], [ 32.973150143229233, 1.758986978942754 ], [ 32.976746781307298, 1.738178402293003 ], [ 32.972251485077074, 1.729131111746996 ], [ 32.974049831292646, 1.715560291295871 ], [ 32.984838716967971, 1.717369854276353 ], [ 32.992031353922229, 1.710132112175676 ], [ 33.001022078173932, 1.708322681969047 ], [ 32.99472851684942, 1.730036031498172 ], [ 32.996526673935335, 1.733654927947567 ], [ 33.004618425837876, 1.733654925485938 ], [ 33.006416611226193, 1.739083258350686 ], [ 33.002820281612713, 1.749035219689618 ], [ 32.995627546562275, 1.752654108242046 ], [ 32.999223912306746, 1.763510787036691 ], [ 32.994728415909819, 1.766224947935586 ], [ 32.997425699336205, 1.776176903248853 ], [ 32.992930149070567, 1.784319394801205 ], [ 33.015407836278882, 1.783414621024007 ], [ 33.015407889045569, 1.789747678567845 ], [ 33.007315902449548, 1.791557173980327 ], [ 33.004618588945903, 1.799699684837119 ], [ 33.014508878543253, 1.802413799766539 ], [ 33.015408117310571, 1.816889348765714 ], [ 33.01990375569855, 1.818698748915606 ], [ 33.00461866468418, 1.829555519308636 ], [ 32.997425632077451, 1.824127190615277 ], [ 33.001022134327783, 1.811461080985289 ], [ 32.994728302458945, 1.806032739671582 ], [ 32.988434467970478, 1.806937432667808 ], [ 32.985737069080152, 1.812365747067046 ], [ 32.977645009049361, 1.809651498095975 ], [ 32.97404825713776, 1.828650614459337 ], [ 32.976745528925044, 1.837697871627663 ], [ 32.983039441647122, 1.840412108820208 ], [ 32.982140270184942, 1.844030987737448 ], [ 32.974947121814246, 1.847649787946511 ], [ 32.963258482234018, 1.839507087436506 ], [ 32.954267157509712, 1.838602156694589 ], [ 32.950670446365265, 1.844935111908537 ], [ 32.960560958423336, 1.844935360106339 ], [ 32.965955559385471, 1.856696854694261 ], [ 32.97404783797694, 1.857601714554425 ], [ 32.974946918201731, 1.862125336173632 ], [ 32.983938398024264, 1.860315998152568 ], [ 32.986635813957577, 1.863030186048503 ], [ 32.992929791222082, 1.8756963264969 ], [ 32.992030588658274, 1.886552981467189 ], [ 32.996526381166056, 1.887457717855507 ], [ 33.002820489191912, 1.882934111360741 ], [ 33.008215469426915, 1.891076587769601 ], [ 33.006417193741967, 1.903742695054808 ], [ 33.010913043732039, 1.905552114962711 ], [ 33.019904667859038, 1.900123706268204 ], [ 33.027098107131003, 1.907361377765145 ], [ 33.028896627771744, 1.918218001922524 ], [ 33.034291732587008, 1.920932064766875 ], [ 33.028896948126963, 1.937217142367269 ], [ 33.042384904126813, 1.944454622599439 ], [ 33.043284254531052, 1.950787643963628 ], [ 33.038788272928073, 1.949883033614699 ], [ 33.042385221137771, 1.957120710898568 ], [ 33.037889263673328, 1.958025539691201 ], [ 33.033393068974263, 1.947168987822559 ], [ 33.02619953207131, 1.9462643949234 ], [ 33.027098823253482, 1.952597425915741 ], [ 33.024401256466405, 1.953502188212823 ], [ 33.021703559289818, 1.944455017476159 ], [ 33.020804425755848, 1.948978632992912 ], [ 33.016308468747177, 1.948978682819081 ], [ 33.019905308854234, 1.955311689330875 ], [ 33.011812530564946, 1.951692883055786 ], [ 33.007316534951102, 1.944455141862506 ], [ 33.006417271111182, 1.924551283295181 ], [ 32.992030422385533, 1.922741834461655 ], [ 32.972248907725799, 1.898314154834006 ], [ 32.956063896653134, 1.900123259605294 ], [ 32.952467011293308, 1.908265653052969 ], [ 32.947971135416772, 1.909170243092232 ], [ 32.94167800291342, 1.87750480558879 ], [ 32.931786960896538, 1.88655165480678 ], [ 32.920098070469734, 1.882932271715544 ], [ 32.92908992465285, 1.87569489573405 ], [ 32.925493696128072, 1.86664753628613 ], [ 32.929989793031041, 1.857600511145622 ], [ 32.924595277191592, 1.849457798163405 ], [ 32.915603714799182, 1.853076274583528 ], [ 32.912007240841774, 1.85126665692703 ], [ 32.920999595963345, 1.829553775652625 ], [ 32.913806606333551, 1.828648721453621 ], [ 32.910210496009469, 1.82050605473327 ], [ 32.905714827095316, 1.821410544850065 ], [ 32.898521169572014, 1.833171520995758 ], [ 32.892227311315779, 1.832266430586119 ], [ 32.889530364615709, 1.825028501902575 ], [ 32.88413572421878, 1.823218719840809 ], [ 32.880538626361769, 1.832265684874435 ], [ 32.886831735347414, 1.844932179318661 ], [ 32.877839944365157, 1.851264620112029 ], [ 32.875142527926705, 1.851264431103482 ], [ 32.871546816992662, 1.839502817096758 ], [ 32.861656498205477, 1.837692634601478 ], [ 32.85805875322059, 1.853072576359069 ], [ 32.867948814975769, 1.859406381749348 ], [ 32.864351413473948, 1.870262737794481 ], [ 32.852662869247077, 1.865738196347016 ], [ 32.849065825194479, 1.871166200976245 ], [ 32.844570086385779, 1.871165806080722 ], [ 32.842772193473486, 1.866642053489249 ], [ 32.84636979263513, 1.854881032548823 ], [ 32.840076222853845, 1.850356880009389 ], [ 32.832882024333834, 1.862117546552956 ], [ 32.828386923647912, 1.85578408797916 ], [ 32.81579841753868, 1.861211116997851 ], [ 32.811301360739193, 1.873876673837829 ], [ 32.799613678059977, 1.863018774298405 ], [ 32.797816527142409, 1.853066690011446 ], [ 32.790623332982967, 1.853970565218692 ], [ 32.785229169787954, 1.848541622248775 ], [ 32.780733504530076, 1.848541069548425 ], [ 32.778034753724604, 1.859397312744999 ], [ 32.786125798865847, 1.869350187088957 ], [ 32.76994145531549, 1.867538700366015 ], [ 32.769942629026922, 1.858491556110469 ], [ 32.765447182038805, 1.856681532911971 ], [ 32.768145179202662, 1.852158318839422 ], [ 32.767248511675369, 1.833159196599211 ], [ 32.762753128630351, 1.831349174536966 ], [ 32.75016453146975, 1.837680447797644 ], [ 32.759159517994078, 1.809635552327604 ], [ 32.745672211171666, 1.814157267069855 ], [ 32.742977411988818, 1.796062619826291 ], [ 32.732186578299405, 1.806917610675955 ], [ 32.730390221654524, 1.7942513706665 ], [ 32.724097722298907, 1.78610801921296 ], [ 32.713308128239888, 1.788820491284321 ], [ 32.709712586079476, 1.783391657365535 ], [ 32.697125696418908, 1.780675487386204 ], [ 32.683636825999372, 1.795148546891646 ], [ 32.692625851895627, 1.806911310306083 ], [ 32.666547999632407, 1.827714940554742 ], [ 32.667449104865405, 1.816858626165894 ], [ 32.66115635742824, 1.811429211723378 ], [ 32.659359832634344, 1.802381810167201 ], [ 32.671050573902434, 1.788813360142971 ], [ 32.671952548316504, 1.772528784027855 ], [ 32.663862068926015, 1.765289667914905 ], [ 32.67105537120959, 1.761672130943754 ], [ 32.670158034661455, 1.751720185913167 ], [ 32.658471020603329, 1.746289839157913 ], [ 32.650381196833322, 1.736336576308123 ], [ 32.643188655943014, 1.736335224347104 ], [ 32.639594607759953, 1.724573372186661 ], [ 32.630603649539552, 1.726381046557349 ], [ 32.630602074176238, 1.734523383958775 ], [ 32.622511565710134, 1.729093557751316 ], [ 32.616217953993093, 1.729996990930529 ], [ 32.612620421750023, 1.736329171397935 ], [ 32.601832226786073, 1.733612813200577 ], [ 32.60003486233682, 1.729993628413207 ], [ 32.607227901389571, 1.727281034902789 ], [ 32.611724847927036, 1.719139644094791 ], [ 32.618917477885049, 1.718236398856414 ], [ 32.620716659682984, 1.712808539234284 ], [ 32.617122057039325, 1.70466549320511 ], [ 32.606333650360916, 1.703758602803013 ], [ 32.608132842136897, 1.698330759220092 ], [ 32.601841922166322, 1.686568346326907 ], [ 32.589256889330187, 1.679328113797645 ], [ 32.57667060319023, 1.678420713357047 ], [ 32.57487175461096, 1.682039114898948 ], [ 32.569477548663372, 1.682037925142713 ], [ 32.567681664714812, 1.672085850954689 ], [ 32.544309021889319, 1.663033583325893 ], [ 32.540713977996383, 1.658509272362544 ], [ 32.535317320691775, 1.669364330646546 ], [ 32.543407496442185, 1.6738897112665 ], [ 32.544305268344445, 1.679318090373753 ], [ 32.538909818042221, 1.684744981971524 ], [ 32.532616600439006, 1.684743473368592 ], [ 32.52812405234355, 1.67388607113835 ], [ 32.515536822789791, 1.677501747578794 ], [ 32.508346428434045, 1.670262422100263 ], [ 32.49306332335069, 1.669353827536105 ], [ 32.490365336029235, 1.672971876562939 ], [ 32.49395885790512, 1.682924381613937 ], [ 32.484966237808237, 1.691968881036401 ], [ 32.493053953685269, 1.705541341173023 ], [ 32.489457098968821, 1.70825444626205 ], [ 32.484065293945918, 1.699206132618619 ], [ 32.483164335327523, 1.706443381174565 ], [ 32.489456860089241, 1.709159133395234 ], [ 32.489456381950106, 1.710968507635839 ], [ 32.482263361910299, 1.713680626696509 ], [ 32.476870366675143, 1.709155725678333 ], [ 32.47687305198572, 1.699204186594659 ], [ 32.473278157871761, 1.694679778901728 ], [ 32.461589815990052, 1.69829527868207 ], [ 32.453499846809926, 1.693769584129159 ], [ 32.435519398761642, 1.69376439898477 ], [ 32.426528663399331, 1.695571099087138 ], [ 32.42203195033192, 1.700997816469237 ], [ 32.404951108055201, 1.699183244835851 ], [ 32.411242595828917, 1.704613236394147 ], [ 32.408544977527868, 1.706421754456379 ], [ 32.366304825868674, 1.663888829938256 ], [ 32.371702228224002, 1.653034537788687 ], [ 32.369008385247291, 1.643082322542777 ], [ 32.377997703512285, 1.644894499476844 ], [ 32.388782273019586, 1.655753917351028 ], [ 32.41305495662499, 1.656665973212264 ], [ 32.420248278770863, 1.65214471773772 ], [ 32.418454731414784, 1.636764680530023 ], [ 32.422044969274893, 1.656668632080855 ], [ 32.44182177948025, 1.6611977398259 ], [ 32.443620805242361, 1.65757952677676 ], [ 32.43732827874193, 1.655768378124272 ], [ 32.440033344543323, 1.626819373081459 ], [ 32.456216664321971, 1.621395727846121 ], [ 32.457117819699675, 1.613253821368272 ], [ 32.447230178084354, 1.608727733530218 ], [ 32.431944446782524, 1.619579663063207 ], [ 32.426551289504978, 1.616864099249232 ], [ 32.428350775702867, 1.61143653645791 ], [ 32.424754845342953, 1.611435517929694 ], [ 32.401377641861316, 1.624094183685042 ], [ 32.390589572398952, 1.624995612497866 ], [ 32.36361646613144, 1.636747926876652 ], [ 32.35642633269704, 1.631317618639246 ], [ 32.345646997368142, 1.605078840968243 ], [ 32.338457015189213, 1.599648531637652 ], [ 32.339360873307051, 1.584269538228316 ], [ 32.367232685074796, 1.570708256079711 ], [ 32.388807389117012, 1.571619389688031 ], [ 32.410387247228122, 1.554436778804971 ], [ 32.418476612810323, 1.558962424942468 ], [ 32.424769572513455, 1.558059485418608 ], [ 32.443650351297322, 1.548113087273038 ], [ 32.449043868367973, 1.54901918700716 ], [ 32.453540516158967, 1.541782891380761 ], [ 32.466125248888098, 1.544500159968398 ], [ 32.465228094086633, 1.537262451537239 ], [ 32.480511687090811, 1.531838123059289 ], [ 32.482312197132735, 1.520982307924926 ], [ 32.487706766417446, 1.517364848677353 ], [ 32.497595660004251, 1.515557802178271 ], [ 32.498493361486737, 1.520986152416928 ], [ 32.50388709195731, 1.520987406789566 ], [ 32.502989994470354, 1.512844982049397 ], [ 32.514676982930695, 1.510133566773804 ], [ 32.520974372496262, 1.488422331700154 ], [ 32.530863913264234, 1.482996302213319 ], [ 32.529970643207285, 1.4558552679072 ], [ 32.546154685974784, 1.43957405773883 ], [ 32.551552467475574, 1.417862383789095 ], [ 32.55874503088539, 1.411530882512195 ], [ 32.572228991447076, 1.410628717215662 ], [ 32.581220131648699, 1.399773943652334 ], [ 32.58931382741401, 1.379871925636693 ], [ 32.601000273887152, 1.376255110740669 ], [ 32.618977493835779, 1.382591010730316 ], [ 32.629764897042541, 1.379878606863136 ], [ 32.640551473361711, 1.382594396132877 ], [ 32.657632202204333, 1.373549837803462 ], [ 32.680105707844284, 1.36902941133125 ], [ 32.697186473691467, 1.358175081056604 ], [ 32.708872348572442, 1.358176525971067 ], [ 32.710670606371785, 1.354557884553909 ], [ 32.723255083384593, 1.357273510632214 ], [ 32.728649076294651, 1.352750545258219 ], [ 32.733143050203928, 1.358179345277199 ], [ 32.737637630004109, 1.358179840456689 ], [ 32.741234635923135, 1.345514192207932 ], [ 32.74662754622527, 1.350943066488142 ], [ 32.751122393380186, 1.348229380718127 ], [ 32.745729756250881, 1.340086363301001 ], [ 32.751124037086448, 1.331944460173689 ], [ 32.748428411393341, 1.32108757199146 ], [ 32.752024025370936, 1.321087935714442 ], [ 32.758317396917377, 1.310231937906139 ], [ 32.776295572141734, 1.308424178873943 ], [ 32.780790389851568, 1.304805698202598 ], [ 32.783486856767979, 1.307520093647156 ], [ 32.772699643754862, 1.312042731451492 ], [ 32.774496062108838, 1.327423126598663 ], [ 32.768203205414281, 1.332850855243439 ], [ 32.769101014124935, 1.344612287406642 ], [ 32.759212260527526, 1.351849072516886 ], [ 32.757413709828647, 1.359086637425174 ], [ 32.760110284949086, 1.360896345009317 ], [ 32.767301982673345, 1.357278178942076 ], [ 32.771796402738055, 1.35908804799467 ], [ 32.774493578179225, 1.354564706775932 ], [ 32.778088918044958, 1.35818391858715 ], [ 32.777189584270985, 1.362707432171798 ], [ 32.784380546654475, 1.367231689551817 ], [ 32.76909826459228, 1.373563291005817 ], [ 32.762804992926092, 1.381705135700573 ], [ 32.757412257787678, 1.373562126072011 ], [ 32.769099043823793, 1.365420821949314 ], [ 32.769998394022672, 1.360897314213348 ], [ 32.766402891150541, 1.359087529130826 ], [ 32.762806687269375, 1.364515487090121 ], [ 32.755615418819644, 1.363610044827163 ], [ 32.744826472502851, 1.381703260991787 ], [ 32.739430936778462, 1.399797003863498 ], [ 32.720554662446723, 1.388938234784947 ], [ 32.716958849963142, 1.389842519121166 ], [ 32.716958310537066, 1.394366093590728 ], [ 32.739429128675305, 1.416081900248406 ], [ 32.769094745232948, 1.409752035578929 ], [ 32.778083092982385, 1.420609543098759 ], [ 32.787072437056786, 1.421515113739054 ], [ 32.790668941900741, 1.413372966970361 ], [ 32.783477671680572, 1.410658145479101 ], [ 32.783478339010998, 1.403420390373667 ], [ 32.788872280929716, 1.399802007535496 ], [ 32.795164513336225, 1.403421449576296 ], [ 32.797861711780051, 1.398898084318005 ], [ 32.795165219678573, 1.395278968397323 ], [ 32.814941490322681, 1.398899502295982 ], [ 32.823031510122455, 1.404328459844076 ], [ 32.838314339552753, 1.391663461117249 ], [ 32.841011626722548, 1.384425865327264 ], [ 32.838315502895, 1.374473734562485 ], [ 32.844608641261537, 1.364522203765147 ], [ 32.845508427402542, 1.350951417658765 ], [ 32.850902605173722, 1.340095077404317 ], [ 32.849105927873509, 1.321095777066942 ], [ 32.859893594277146, 1.307525554709305 ], [ 32.8571971869207, 1.302097058825088 ], [ 32.859894143912953, 1.297573591238038 ], [ 32.8634896511739, 1.299383237298286 ], [ 32.872478851936656, 1.295764812191782 ], [ 32.873377572848923, 1.299383755512742 ], [ 32.884164647563814, 1.293955927283605 ], [ 32.883265415203503, 1.30119368438277 ], [ 32.868882453345805, 1.311144940305947 ], [ 32.863488377015287, 1.322906062016936 ], [ 32.867083825160798, 1.326525154711552 ], [ 32.871578894799228, 1.316573426800415 ], [ 32.887759690734065, 1.306622239148494 ], [ 32.903940974979044, 1.280385875833981 ], [ 32.912929940327267, 1.280386198909564 ], [ 32.937200767249919, 1.255054574275542 ], [ 32.953380792987431, 1.253245461434798 ], [ 32.956077756402237, 1.235150971968893 ], [ 32.961470956838689, 1.241484144606714 ], [ 32.9650665053544, 1.240579467934154 ], [ 32.965066422082764, 1.24691255637435 ], [ 32.967763080170556, 1.246912590995688 ] ], [ [ 32.85719310816409, 1.372665498884997 ], [ 32.858991070521014, 1.370856159432837 ], [ 32.858990964597055, 1.372665606242252 ], [ 32.85719310816409, 1.372665498884997 ] ], [ [ 33.389358115608665, 1.378970829515187 ], [ 33.388459349821055, 1.379875682470943 ], [ 33.388459203104148, 1.378970977299855 ], [ 33.389358115608665, 1.378970829515187 ] ], [ [ 33.390257175412536, 1.379875386365832 ], [ 33.392055445424802, 1.382589203197322 ], [ 33.402841943615556, 1.379873275349859 ], [ 33.416323878118966, 1.369919216168262 ], [ 33.419019029394384, 1.360871724606513 ], [ 33.4244127584425, 1.362680178218922 ], [ 33.430707657817763, 1.377154261431675 ], [ 33.425313892762055, 1.375345833936491 ], [ 33.426213442614291, 1.378964476259144 ], [ 33.42261812786748, 1.380774524012954 ], [ 33.412730118057105, 1.380776272165557 ], [ 33.420821105615104, 1.385298352488753 ], [ 33.419922672536607, 1.388012617724155 ], [ 33.403742231786708, 1.388015453112904 ], [ 33.399248266816706, 1.391635036602175 ], [ 33.400149481128167, 1.405205439517728 ], [ 33.409139792703307, 1.411536791249367 ], [ 33.401051664602882, 1.424204058301205 ], [ 33.39835487886706, 1.424204528904284 ], [ 33.398353484802371, 1.41606219492223 ], [ 33.394758241301751, 1.418776926472003 ], [ 33.39385778909466, 1.409730037473566 ], [ 33.387563830083856, 1.400684049251803 ], [ 33.379473975518209, 1.403399499392401 ], [ 33.376778805071936, 1.413351706154983 ], [ 33.370486028331975, 1.411543311171539 ], [ 33.368687321240259, 1.40611535656428 ], [ 33.372281164625441, 1.394353595008643 ], [ 33.382168405845043, 1.388923766128682 ], [ 33.389359886657118, 1.389827289946444 ], [ 33.390257175412536, 1.379875386365832 ] ], [ [ 33.410981820492943, 1.644044750138641 ], [ 33.411880654152561, 1.643139863388573 ], [ 33.411880839521572, 1.6440445637504 ], [ 33.410981820492943, 1.644044750138641 ] ], [ [ 32.269213895208416, 1.664759697914735 ], [ 32.268312578032955, 1.671091908320727 ], [ 32.195490949158916, 1.682823499832465 ], [ 32.163130829524945, 1.676477415221551 ], [ 32.164034380223363, 1.665622281212085 ], [ 32.198192648430521, 1.671064369832432 ], [ 32.237750122785876, 1.663843069314549 ], [ 32.24764121197024, 1.65751437201393 ], [ 32.249437789021179, 1.661133640850732 ], [ 32.274609088109742, 1.661143098964335 ], [ 32.269213895208416, 1.664759697914735 ] ], [ [ 31.438531141009801, 2.671754234647723 ], [ 31.415158482984754, 2.664489226508915 ], [ 31.415180388774253, 2.64730632071785 ], [ 31.408018313565712, 2.621974957034643 ], [ 31.414323381414572, 2.613843717024421 ], [ 31.427799885156297, 2.623808834754287 ], [ 31.434110506521648, 2.611155560929987 ], [ 31.429592779227896, 2.628332957148563 ], [ 31.438566379327735, 2.643718651859704 ], [ 31.440370601405114, 2.63919905142248 ], [ 31.446641954141178, 2.658198895035639 ], [ 31.441224506128773, 2.675375177443374 ], [ 31.438531141009801, 2.671754234647723 ] ], [ [ 31.754990792928872, 3.542237756555432 ], [ 31.749601905726688, 3.533185654706238 ], [ 31.736104451083374, 3.529549405283951 ], [ 31.738808563191018, 3.526839657887558 ], [ 31.737014365969607, 3.522314827386288 ], [ 31.734306598486835, 3.527737997022435 ], [ 31.73251120192225, 3.524117639351493 ], [ 31.719014021143824, 3.520481211624158 ], [ 31.721719361378067, 3.516867051488221 ], [ 31.718121300653127, 3.515053153842771 ], [ 31.722624417346317, 3.513250405532858 ], [ 31.729816900936154, 3.519591578606086 ], [ 31.734322480506645, 3.515979823576976 ], [ 31.732527090077223, 3.512359473192699 ], [ 31.736127624281252, 3.512364370214184 ], [ 31.736132488347355, 3.508746467267212 ], [ 31.745143455142212, 3.501522804424642 ], [ 31.764039067554492, 3.506974937508995 ], [ 31.770325840797252, 3.517837122411292 ], [ 31.767614682485327, 3.525973922390708 ], [ 31.760406234602463, 3.53139122392495 ], [ 31.764000895224452, 3.535918463774808 ], [ 31.757698533645975, 3.536814500091876 ], [ 31.754990792928872, 3.542237756555432 ] ], [ [ 31.818001106952067, 3.544129627262231 ], [ 31.817116972271421, 3.53146543551413 ], [ 31.823417099713549, 3.532377971754962 ], [ 31.818030859460237, 3.520612546854204 ], [ 31.826141451154836, 3.513386777026919 ], [ 31.833342784117011, 3.513395835485468 ], [ 31.838731478229409, 3.523352203867568 ], [ 31.853133272668661, 3.524274635400183 ], [ 31.853122180544506, 3.533319780443407 ], [ 31.842307532669583, 3.543255945207081 ], [ 31.818001106952067, 3.544129627262231 ] ], [ [ 31.917928430198657, 3.540634136328869 ], [ 31.898107580465851, 3.554178634444325 ], [ 31.888204012851602, 3.555071242346815 ], [ 31.880111806761061, 3.546920707252552 ], [ 31.897213793933773, 3.548750388573012 ], [ 31.898119371230106, 3.544228824930769 ], [ 31.887322178984959, 3.539693230868238 ], [ 31.875618380730227, 3.540583577668024 ], [ 31.879224646772936, 3.536065343352166 ], [ 31.870217141932603, 3.540576983877013 ], [ 31.863930017459626, 3.528810519702084 ], [ 31.874741043189179, 3.521587534273579 ], [ 31.88644459513468, 3.52069712246871 ], [ 31.889140881037587, 3.524318461228268 ], [ 31.886435990123232, 3.527933322758522 ], [ 31.893636516735899, 3.528846477258478 ], [ 31.893630091445925, 3.534273639918733 ], [ 31.91163322729388, 3.535199534354597 ], [ 31.917928430198657, 3.540634136328869 ] ], [ [ 33.656263664797216, 1.111130298738235 ], [ 33.667948647710233, 1.114746327386967 ], [ 33.676036857207102, 1.111125811336662 ], [ 33.676038300882517, 1.117458463068429 ], [ 33.681431822513659, 1.121075862956977 ], [ 33.687723078982252, 1.120169720235495 ], [ 33.688621015711874, 1.116550859302464 ], [ 33.701204332879996, 1.118357185271142 ], [ 33.709292668657781, 1.115641254756885 ], [ 33.710192747927266, 1.121068984194862 ], [ 33.704800954605382, 1.124688931497617 ], [ 33.706600476108875, 1.132830421293002 ], [ 33.688623979492291, 1.12921612866706 ], [ 33.680537039838285, 1.138264681571013 ], [ 33.676940417451164, 1.131932883542491 ], [ 33.669750125487745, 1.131934563829381 ], [ 33.667052937692382, 1.128316524877 ], [ 33.65626789307818, 1.130128329848338 ], [ 33.656263664797216, 1.111130298738235 ] ], [ [ 33.452240987843041, 1.142833305677093 ], [ 33.458531182960989, 1.13288061693543 ], [ 33.446845266680029, 1.124740152883862 ], [ 33.444147175104256, 1.113884160688262 ], [ 33.447741758016974, 1.109360112442157 ], [ 33.457628849510833, 1.110263289043472 ], [ 33.457626775680204, 1.096692804825028 ], [ 33.464815996142192, 1.08854940684685 ], [ 33.471107355475674, 1.086739029583532 ], [ 33.466614304880032, 1.093072616801384 ], [ 33.463921247834769, 1.114785792628084 ], [ 33.472909238587683, 1.113879656712675 ], [ 33.476505800855257, 1.122021341567307 ], [ 33.473811552831684, 1.135592232832232 ], [ 33.484597675936563, 1.137399823720448 ], [ 33.481005117207104, 1.153684950595249 ], [ 33.489094681617132, 1.154588257207458 ], [ 33.496284167047889, 1.148254148384308 ], [ 33.500778581114865, 1.150062745488438 ], [ 33.500779371066876, 1.154586210018276 ], [ 33.491792867681191, 1.164539424136567 ], [ 33.493593052742938, 1.179014208267632 ], [ 33.48550530719465, 1.1889672824794 ], [ 33.486405093822867, 1.194395290973449 ], [ 33.494495911719689, 1.201631385935295 ], [ 33.492698886023646, 1.205250487576954 ], [ 33.498991249373482, 1.207963413170601 ], [ 33.490901857047973, 1.208869589893612 ], [ 33.490902670950483, 1.213393059294681 ], [ 33.481915049354122, 1.217918161047359 ], [ 33.490005299130409, 1.221535468929227 ], [ 33.493603667733403, 1.23781928767738 ], [ 33.487311718035144, 1.237820458767755 ], [ 33.484616318957976, 1.244153817763982 ], [ 33.474729091823754, 1.245060322611081 ], [ 33.466641313819345, 1.255918138067761 ], [ 33.455854212362155, 1.251396562725955 ], [ 33.454058055331281, 1.260443860552158 ], [ 33.46394746425937, 1.271298471729393 ], [ 33.446870102750118, 1.277634397280315 ], [ 33.454960878050187, 1.283061157182726 ], [ 33.45496167858758, 1.287584647601769 ], [ 33.445073300236587, 1.283062907435885 ], [ 33.439680843980327, 1.287587345813419 ], [ 33.43968162035717, 1.292110845553166 ], [ 33.432490157172147, 1.289397985324202 ], [ 33.426198933805836, 1.294827262511492 ], [ 33.423500655011594, 1.28487599655201 ], [ 33.426196529806553, 1.280352037173379 ], [ 33.419902805834518, 1.270401355519526 ], [ 33.412711843121642, 1.270402521464616 ], [ 33.42259897463596, 1.267686806682547 ], [ 33.42259765877985, 1.259544487092364 ], [ 33.418101891425557, 1.250498188989291 ], [ 33.410011556771998, 1.24688065821517 ], [ 33.411807742304454, 1.236928636496356 ], [ 33.406414034105019, 1.233310656261758 ], [ 33.409109233770195, 1.224263200777246 ], [ 33.404614008078688, 1.217930955370503 ], [ 33.410006856455993, 1.216120727239134 ], [ 33.418997059926276, 1.22697577276118 ], [ 33.426188328808891, 1.229688735656489 ], [ 33.430682459277264, 1.228783308284993 ], [ 33.43158058909188, 1.224259655456748 ], [ 33.425286913146017, 1.213404241235215 ], [ 33.432478285662476, 1.217021899301993 ], [ 33.437872703574612, 1.225163329426958 ], [ 33.453152875502518, 1.223351374914265 ], [ 33.460341524164896, 1.210684372852113 ], [ 33.472025561043118, 1.205254172381921 ], [ 33.469327954520438, 1.198921763666312 ], [ 33.461237786391294, 1.195304355624289 ], [ 33.461237183526329, 1.191685563961086 ], [ 33.468427277812665, 1.188065554718065 ], [ 33.46752737960378, 1.181732827800311 ], [ 33.463032607190627, 1.178114794303607 ], [ 33.449550375482502, 1.179926415354752 ], [ 33.451347029787854, 1.173593227478827 ], [ 33.446851713444303, 1.166356354645533 ], [ 33.454041067312154, 1.158212905098116 ], [ 33.453141664627815, 1.154594253137342 ], [ 33.440557509306664, 1.150977440551405 ], [ 33.443252879339511, 1.143739416291363 ], [ 33.452240987843041, 1.142833305677093 ] ], [ [ 33.341703146890644, 1.288507166676964 ], [ 33.358777930801722, 1.259554115121296 ], [ 33.35877608489475, 1.24598347756923 ], [ 33.365068408861895, 1.247792024845011 ], [ 33.372260755392638, 1.257742796536585 ], [ 33.36956516369888, 1.264980846372807 ], [ 33.364171668780934, 1.263172196597942 ], [ 33.356083412459277, 1.274934546029419 ], [ 33.356084409670402, 1.282172220082853 ], [ 33.362377210546164, 1.28669487453575 ], [ 33.344400652408076, 1.294839773341469 ], [ 33.341703146890644, 1.288507166676964 ] ], [ [ 33.640124053429574, 1.277593257181117 ], [ 33.641919719179498, 1.269450778349925 ], [ 33.646413678118719, 1.268544982693095 ], [ 33.656302922383247, 1.276684482273811 ], [ 33.659002208714988, 1.287539787075652 ], [ 33.646420256279157, 1.294780379567114 ], [ 33.632936665031991, 1.29116511843574 ], [ 33.631137414257459, 1.284832867552256 ], [ 33.640124053429574, 1.277593257181117 ] ], [ [ 33.517892642313981, 1.337330483025409 ], [ 33.503507961186116, 1.324667816147162 ], [ 33.499011943562778, 1.316526503038871 ], [ 33.49182075332191, 1.315623247884839 ], [ 33.487325142004366, 1.309291279736643 ], [ 33.479235604710112, 1.31110223856027 ], [ 33.473841322930937, 1.305675098683243 ], [ 33.492717861323328, 1.306576140067077 ], [ 33.499009081415807, 1.302051429721528 ], [ 33.500808434974061, 1.310193297687635 ], [ 33.503503434764262, 1.302050530457699 ], [ 33.50530117523143, 1.302050168494771 ], [ 33.504402845073948, 1.304764423760461 ], [ 33.515190212178197, 1.309285673299425 ], [ 33.525976658366766, 1.309283419402301 ], [ 33.532270273994243, 1.316519581449181 ], [ 33.534964200953368, 1.303853383815294 ], [ 33.530470435534902, 1.306568403698959 ], [ 33.529570621768045, 1.302045155743293 ], [ 33.518784397647941, 1.302952101995686 ], [ 33.519681971515844, 1.296619090956254 ], [ 33.514288225106021, 1.293906129184698 ], [ 33.506198785147362, 1.295717148944733 ], [ 33.505299380121237, 1.293003255585971 ], [ 33.510691676965202, 1.288478716661096 ], [ 33.521479148766971, 1.293904651934037 ], [ 33.531366467090166, 1.292997899654482 ], [ 33.536757750289723, 1.283949889825006 ], [ 33.555630656741016, 1.269470887019756 ], [ 33.561023957443098, 1.270374398358408 ], [ 33.560126669556091, 1.277612061442411 ], [ 33.55023985092943, 1.280328266066239 ], [ 33.54754656506401, 1.295708495253135 ], [ 33.537660607967098, 1.302948119157593 ], [ 33.538560435973601, 1.307471358045466 ], [ 33.547549494027514, 1.309278771522787 ], [ 33.552944081712269, 1.31561036969196 ], [ 33.56372987907438, 1.312893893152334 ], [ 33.566422832285404, 1.296609001110467 ], [ 33.571814365253715, 1.289370329944 ], [ 33.578106556276346, 1.290273580328899 ], [ 33.590693449063671, 1.302936167713614 ], [ 33.604176295307177, 1.302932950118305 ], [ 33.600579590096295, 1.297505755315738 ], [ 33.60327465483649, 1.291172375932145 ], [ 33.615858123182143, 1.289359991227519 ], [ 33.632038489710865, 1.293879357468017 ], [ 33.665300479386126, 1.311964105465604 ], [ 33.664402587434374, 1.315583007258168 ], [ 33.652716593870394, 1.311967441007093 ], [ 33.649122594072757, 1.31739639112995 ], [ 33.653617091352679, 1.318299876099752 ], [ 33.642831550040682, 1.321016709604883 ], [ 33.644632069297167, 1.331872267191752 ], [ 33.641039214169517, 1.341824574524717 ], [ 33.623959416782498, 1.336400983723635 ], [ 33.6077754229077, 1.318311561181132 ], [ 33.60867274881906, 1.311978613901964 ], [ 33.604177158628453, 1.306551654201688 ], [ 33.594292074617115, 1.316505481213904 ], [ 33.597889249336077, 1.323742031867492 ], [ 33.596992338808143, 1.331884343251777 ], [ 33.583509958303388, 1.334601630433783 ], [ 33.570025851775625, 1.330081405304958 ], [ 33.564633449548474, 1.333701381887577 ], [ 33.570029191257717, 1.344556306829143 ], [ 33.570926390099899, 1.337318646050402 ], [ 33.574521881104396, 1.337317801810781 ], [ 33.573623639308202, 1.340032055661875 ], [ 33.582614082821344, 1.347267355152613 ], [ 33.588911017423214, 1.367168752417994 ], [ 33.581720835822317, 1.370789233488459 ], [ 33.593407426410792, 1.375309734706001 ], [ 33.583520359513344, 1.378026224594715 ], [ 33.604199751746997, 1.397923896661452 ], [ 33.600606264757353, 1.406066907887928 ], [ 33.601503541247048, 1.399733944874543 ], [ 33.597007940572475, 1.395211717974281 ], [ 33.573638719990328, 1.403359691716775 ], [ 33.570042692164492, 1.401551214574913 ], [ 33.570041382195569, 1.396123129310419 ], [ 33.57992700936159, 1.387073902455341 ], [ 33.57902461915539, 1.372599250486936 ], [ 33.575428215104751, 1.368981402861916 ], [ 33.56913581051527, 1.368078232835614 ], [ 33.557452183300605, 1.376223140956759 ], [ 33.552056563928694, 1.36627288049419 ], [ 33.546662628969479, 1.363560067213978 ], [ 33.532282623108948, 1.373514866239401 ], [ 33.531384731616107, 1.378038502339674 ], [ 33.517900135550512, 1.37261335719267 ], [ 33.515199224133468, 1.352710776325279 ], [ 33.521490465947842, 1.348185980807317 ], [ 33.521489505072402, 1.343662537652637 ], [ 33.513398423771498, 1.338236123016942 ], [ 33.517892642313981, 1.337330483025409 ] ], [ [ 33.477443571008557, 1.34095751530806 ], [ 33.471151180114539, 1.340054046555298 ], [ 33.466657422649654, 1.343673697038587 ], [ 33.460362995855753, 1.331913837196227 ], [ 33.476543287146626, 1.333720132229031 ], [ 33.491823603491461, 1.330098335429923 ], [ 33.497220539456706, 1.348191090110666 ], [ 33.489131629282021, 1.353620897899589 ], [ 33.482839210763736, 1.352717472889384 ], [ 33.477443571008557, 1.34095751530806 ] ], [ [ 33.685989282249324, 1.367142816002622 ], [ 33.68508760749733, 1.357191801882137 ], [ 33.693176316637775, 1.353570843791044 ], [ 33.683283591321235, 1.334575773893898 ], [ 33.689572544127408, 1.323718080601517 ], [ 33.708448817438153, 1.325522039861582 ], [ 33.731821914864852, 1.336371026911703 ], [ 33.747100324107578, 1.330033854496091 ], [ 33.748001621393946, 1.338175419969536 ], [ 33.755193730478339, 1.342696439162606 ], [ 33.754295999748251, 1.346315308173718 ], [ 33.744407895043182, 1.343604417757968 ], [ 33.739915036622058, 1.348129043724813 ], [ 33.74171740988178, 1.363507542728273 ], [ 33.735426267579136, 1.366223438816897 ], [ 33.728233255915171, 1.358988421661322 ], [ 33.720143573308476, 1.358990862449609 ], [ 33.715647969735286, 1.35446893052022 ], [ 33.691380913908915, 1.361713299852269 ], [ 33.685989282249324, 1.367142816002622 ] ], [ [ 33.651893002253026, 1.576130335207347 ], [ 33.662674751968893, 1.558033636502164 ], [ 33.676158898762573, 1.558029325561264 ], [ 33.674363321542707, 1.565267197656548 ], [ 33.681558690091919, 1.577025439644724 ], [ 33.669872050219112, 1.57612459467089 ], [ 33.663581112131865, 1.581554601945853 ], [ 33.651893002253026, 1.576130335207347 ] ], [ [ 34.158932234628196, 1.683548568216591 ], [ 34.141835306647422, 1.651899709118995 ], [ 34.143627365577366, 1.641948702076414 ], [ 34.153510165111875, 1.633802131762405 ], [ 34.160698916322445, 1.6301798161004 ], [ 34.182271772181494, 1.631071717347164 ], [ 34.203840720535233, 1.625631710939951 ], [ 34.223618824565044, 1.631951364886145 ], [ 34.229914485637956, 1.638279102416977 ], [ 34.220036118327357, 1.652757463337391 ], [ 34.215541359194731, 1.651855717358093 ], [ 34.211948183039375, 1.655476007285256 ], [ 34.21464581849974, 1.657283385209767 ], [ 34.212853646698825, 1.666329690424248 ], [ 34.204764537778296, 1.667239207809879 ], [ 34.194885905167133, 1.681717679695598 ], [ 34.158932234628196, 1.683548568216591 ] ], [ [ 34.010614097569167, 1.683631599560166 ], [ 33.983641878484363, 1.674599583488891 ], [ 33.986333685587027, 1.664647744286432 ], [ 33.980937052144533, 1.658318319600231 ], [ 33.965655881532491, 1.659230474535389 ], [ 33.946775061895131, 1.652002859693741 ], [ 33.942283008752298, 1.657432613184969 ], [ 33.943186657261847, 1.667382786137156 ], [ 33.935101415416618, 1.678241897365964 ], [ 33.927907355473977, 1.672817718437417 ], [ 33.927005452045428, 1.666485914800083 ], [ 33.921611843854073, 1.666488461403118 ], [ 33.909933594380199, 1.683681494313735 ], [ 33.900044758071793, 1.682781501511469 ], [ 33.898249348538506, 1.688210004838402 ], [ 33.906346632186427, 1.702679978723422 ], [ 33.903652295597176, 1.708108912765902 ], [ 33.899157918403183, 1.709015645167378 ], [ 33.883868557054285, 1.693644327347705 ], [ 33.879373768354085, 1.693646384493274 ], [ 33.865895012567954, 1.706317164130359 ], [ 33.845212023031515, 1.690947803117957 ], [ 33.827231529939056, 1.688241709965676 ], [ 33.824528930380268, 1.674673423982454 ], [ 33.826324207506154, 1.66834025976678 ], [ 33.82812326130837, 1.671053384777993 ], [ 33.831717579077441, 1.667433345426526 ], [ 33.840708681185276, 1.671048005867281 ], [ 33.849697076397881, 1.668330243627419 ], [ 33.854186787818868, 1.656568192846757 ], [ 33.872164902483767, 1.65475107621606 ], [ 33.87575908450264, 1.651131012580975 ], [ 33.874852277366806, 1.633039056106993 ], [ 33.891924012752384, 1.6149392291878 ], [ 33.896419005462306, 1.6158418523708 ], [ 33.9009167940373, 1.623076743920709 ], [ 33.911703021878637, 1.621262662375658 ], [ 33.922491657364084, 1.624876170136757 ], [ 33.924284163380094, 1.613115470390504 ], [ 33.92877912532569, 1.614018015730069 ], [ 33.930572844123184, 1.604971148067611 ], [ 33.94764579056968, 1.591394261175327 ], [ 33.960231559288992, 1.594102194241396 ], [ 33.962033134153906, 1.602242713131248 ], [ 33.96472982204719, 1.602241437156729 ], [ 33.973712809274616, 1.589572858948365 ], [ 33.98000416469764, 1.587760681579491 ], [ 33.984500730855935, 1.592281482501691 ], [ 33.981816587634334, 1.618515901595887 ], [ 33.988108430940969, 1.617608238042699 ], [ 33.996201580064096, 1.623936363045206 ], [ 34.007886767132234, 1.623025950945498 ], [ 34.009690859026733, 1.635689205096473 ], [ 34.0150888019649, 1.644732277264935 ], [ 34.022280920199421, 1.646537741789392 ], [ 34.036660478706743, 1.641102819927274 ], [ 34.055537172715262, 1.64109288615329 ], [ 34.05643416330485, 1.637474132187372 ], [ 34.065423961907349, 1.639278478319753 ], [ 34.060935273173804, 1.650135692387071 ], [ 34.066331503547758, 1.655560187182879 ], [ 34.063638211568957, 1.661893612375954 ], [ 34.055545752612026, 1.65737513330588 ], [ 34.052853858145369, 1.666422277153391 ], [ 34.038470956999483, 1.66552538522454 ], [ 34.042071333628634, 1.674569205777656 ], [ 34.042077085979486, 1.68542408083877 ], [ 34.038482877193275, 1.688139734955621 ], [ 34.043876837326692, 1.689041401452077 ], [ 34.045669357903634, 1.679090138717731 ], [ 34.048367043681779, 1.680897827683567 ], [ 34.04657502706619, 1.69175365667914 ], [ 34.054676045145271, 1.711649768227301 ], [ 34.05288364873735, 1.721601026013156 ], [ 34.049286463666078, 1.718889309060035 ], [ 34.043893893168011, 1.720701427216805 ], [ 34.04749157625055, 1.724317727897569 ], [ 34.046595122221973, 1.72884108123053 ], [ 34.039397296926495, 1.717085603224532 ], [ 34.0178139321904, 1.699910270970876 ], [ 34.010614097569167, 1.683631599560166 ] ], [ [ 34.295846508792373, 2.075105637084073 ], [ 34.283248444462934, 2.060644100919232 ], [ 34.275144302494319, 2.044369742236673 ], [ 34.278732520803686, 2.034417441868333 ], [ 34.274232493734218, 2.02808955620981 ], [ 34.281425990808252, 2.029892828560085 ], [ 34.281428129166237, 2.032606305083315 ], [ 34.287718329413742, 2.028983309723081 ], [ 34.290416780982056, 2.030790125880639 ], [ 34.288625950227384, 2.039836464511054 ], [ 34.296718492950909, 2.041638899387191 ], [ 34.302100217533166, 2.026258273430027 ], [ 34.31018829452065, 2.022633783279391 ], [ 34.310199947149265, 2.037105492854579 ], [ 34.314692757234702, 2.034388369392521 ], [ 34.317392692389738, 2.038004073095176 ], [ 34.314698627017947, 2.041624210336435 ], [ 34.324586904843343, 2.04071156873877 ], [ 34.327286128086286, 2.043422758639486 ], [ 34.334472897416276, 2.037085454746558 ], [ 34.334478116483076, 2.043416764516128 ], [ 34.33987284379819, 2.044316718463295 ], [ 34.339888668997361, 2.063310602440462 ], [ 34.343483932792942, 2.062403082435615 ], [ 34.343489252351951, 2.068734366763581 ], [ 34.337203779743525, 2.077784428705169 ], [ 34.344396658184642, 2.078682757127474 ], [ 34.333620662819428, 2.093163521169753 ], [ 34.333628323811887, 2.102208245994278 ], [ 34.325524866613549, 2.087743568550469 ], [ 34.317432871411604, 2.08684593092926 ], [ 34.308432883107159, 2.075095214825879 ], [ 34.295846508792373, 2.075105637084073 ] ] ], [ [ [ 33.488042581137613, 3.381013485683415 ], [ 33.50693921928449, 3.366529128835049 ], [ 33.519541760574604, 3.366522466374831 ], [ 33.530339520196428, 3.358374675584785 ], [ 33.543842078978535, 3.358367223597365 ], [ 33.556452137438242, 3.371929956142381 ], [ 33.570859226073033, 3.379158817973751 ], [ 33.576265139507846, 3.387297498100649 ], [ 33.58796761253199, 3.38729043809767 ], [ 33.593371501663746, 3.391810385631902 ], [ 33.612277790759599, 3.395417149768583 ], [ 33.612282353752711, 3.402654329222472 ], [ 33.608683258171133, 3.405370561541694 ], [ 33.608694650188326, 3.423463516553313 ], [ 33.612297250971785, 3.426175154881008 ], [ 33.613203237926328, 3.435221043458271 ], [ 33.6087043811469, 3.438842522906847 ], [ 33.604215774578051, 3.458747647575863 ], [ 33.627627670239818, 3.466874185217356 ], [ 33.636636896236283, 3.476819209660484 ], [ 33.649242445333506, 3.479524508942921 ], [ 33.653747512893887, 3.484949218727692 ], [ 33.659156062565103, 3.494896450207947 ], [ 33.658269061957618, 3.513894467952148 ], [ 33.653774514256064, 3.523848658702001 ], [ 33.645672994893545, 3.525663612074211 ], [ 33.641177026189027, 3.533808495039005 ], [ 33.651989694022532, 3.546465872515965 ], [ 33.660995545629817, 3.550078004352562 ], [ 33.668192340968702, 3.541931093969803 ], [ 33.68619540861242, 3.537394725270501 ], [ 33.693391869504829, 3.529247677647506 ], [ 33.697895416046158, 3.531958184982391 ], [ 33.703290450925628, 3.52290781239955 ], [ 33.718587844678844, 3.512945205297357 ], [ 33.721273460543067, 3.493041359365044 ], [ 33.745559911451977, 3.466788306180415 ], [ 33.746450941315537, 3.455027521265011 ], [ 33.750049703097112, 3.452310812160766 ], [ 33.750032724526683, 3.430599917812836 ], [ 33.758128817038539, 3.423356552002488 ], [ 33.762604843745386, 3.391691316391444 ], [ 33.773403167464544, 3.387159624152305 ], [ 33.786894525481273, 3.373579498887556 ], [ 33.791388640323355, 3.365434314736998 ], [ 33.792277104097607, 3.350959770799113 ], [ 33.808451844748838, 3.317475905391255 ], [ 33.800349635006349, 3.315673296126802 ], [ 33.794930418984841, 3.292157714751467 ], [ 33.788629260698627, 3.291258125243078 ], [ 33.786824169944275, 3.284927244168411 ], [ 33.775114339069788, 3.273176391959506 ], [ 33.766093976697924, 3.246949342604989 ], [ 33.759792416872976, 3.24514487447126 ], [ 33.74448067190113, 3.229777669566877 ], [ 33.687778544654257, 3.228913168003281 ], [ 33.681472918425492, 3.220775686373829 ], [ 33.647274786362892, 3.225321305516886 ], [ 33.631079189931476, 3.233473352036775 ], [ 33.618478569922019, 3.233481142184775 ], [ 33.611283083014634, 3.241627378209046 ], [ 33.588784308378891, 3.246164042838346 ], [ 33.569889586791028, 3.257935462684704 ], [ 33.530286626823248, 3.258861845124336 ], [ 33.507792268199417, 3.274252816168123 ], [ 33.496091419066218, 3.275163368496793 ], [ 33.496089194303686, 3.270640030402198 ], [ 33.484384018524217, 3.262503747682095 ], [ 33.474468649874524, 3.231749672998899 ], [ 33.483457358126799, 3.206414641080581 ], [ 33.473550244844631, 3.191944538284084 ], [ 33.462747844035356, 3.18742610975578 ], [ 33.458250505681008, 3.193760849920422 ], [ 33.458260163883239, 3.215473022292897 ], [ 33.442067389534309, 3.23447838449425 ], [ 33.4501744322843, 3.248949594789933 ], [ 33.45017965228714, 3.260710356416431 ], [ 33.445681172011554, 3.265235739803569 ], [ 33.453788976627976, 3.280611543830849 ], [ 33.454698931591132, 3.30232327919119 ], [ 33.442103904639701, 3.3177084465672 ], [ 33.442107123948112, 3.32494583667038 ], [ 33.445708547425163, 3.326753557038018 ], [ 33.446622609946331, 3.35751202424152 ], [ 33.437621992104901, 3.360230133615926 ], [ 33.43312946234547, 3.379230301430266 ], [ 33.451137278695661, 3.387364114864127 ], [ 33.469141435479798, 3.387355529034384 ], [ 33.471840303797379, 3.383735536971487 ], [ 33.488042581137613, 3.381013485683415 ] ] ], [ [ [ 32.058319020091552, 3.586921291779988 ], [ 32.057419642334146, 3.586015788547195 ], [ 32.057418715748206, 3.586920361127449 ], [ 32.058319020091552, 3.586921291779988 ] ] ], [ [ [ 33.521548130979532, 3.733812968795905 ], [ 33.548558544271351, 3.724749951885787 ], [ 33.556658134172451, 3.716602999164296 ], [ 33.559364808144153, 3.724743133193396 ], [ 33.579173875050124, 3.721111700689249 ], [ 33.583661014200011, 3.697587923282816 ], [ 33.601654370038197, 3.673150475581832 ], [ 33.599851030401418, 3.669533114144448 ], [ 33.593548410990728, 3.670441980435092 ], [ 33.591744513787297, 3.665919950489313 ], [ 33.599845004072314, 3.660486670780865 ], [ 33.606148758229516, 3.661387059094944 ], [ 33.595337978340787, 3.653252520890277 ], [ 33.598038110591453, 3.651441430148058 ], [ 33.603443172343823, 3.655056381475086 ], [ 33.606142682204869, 3.652340624620591 ], [ 33.603437737101359, 3.646914585296148 ], [ 33.609734088361641, 3.636959246176461 ], [ 33.623240444071321, 3.636949984061072 ], [ 33.624136514798423, 3.630616873484357 ], [ 33.620534231591151, 3.629714720938196 ], [ 33.61602480649632, 3.618862102031806 ], [ 33.617821331743329, 3.612528376307782 ], [ 33.615120133048826, 3.612530216258413 ], [ 33.61331447948848, 3.605294292846997 ], [ 33.602507372324816, 3.601682955461412 ], [ 33.589902462757777, 3.602595881984178 ], [ 33.581802934105809, 3.608933652656796 ], [ 33.579991255051908, 3.591746478618739 ], [ 33.555680803497069, 3.591761644202187 ], [ 33.541282035746576, 3.604435494148358 ], [ 33.533175765528327, 3.599917013373183 ], [ 33.533172085986877, 3.593584420091987 ], [ 33.524162981118593, 3.584543075665736 ], [ 33.525057186419104, 3.573686665092088 ], [ 33.533155348259442, 3.564635411012806 ], [ 33.534052064727227, 3.558302289914677 ], [ 33.550251550832954, 3.546532218174407 ], [ 33.54034039842977, 3.533872889731966 ], [ 33.517831479031912, 3.532981103503759 ], [ 33.505222831804211, 3.525750779374325 ], [ 33.485421599537062, 3.537521995411054 ], [ 33.450308002001471, 3.537539772568574 ], [ 33.448511218435378, 3.545682667441355 ], [ 33.433207205996489, 3.550213338710036 ], [ 33.434112648153601, 3.56106895813611 ], [ 33.449426492153492, 3.57644095134631 ], [ 33.450333515389651, 3.590010524526249 ], [ 33.458441192706829, 3.598148479915543 ], [ 33.450343291785032, 3.609913207767482 ], [ 33.450345967516775, 3.61534121077096 ], [ 33.442243875676276, 3.618963882332572 ], [ 33.442247828481619, 3.62710589399187 ], [ 33.448550901747105, 3.627102779621814 ], [ 33.456648952386608, 3.615338050048456 ], [ 33.455751238240531, 3.620766502547259 ], [ 33.459352051688462, 3.618955345768728 ], [ 33.460253851089057, 3.621668884789279 ], [ 33.450357159960078, 3.637957882923845 ], [ 33.453059862897021, 3.640670524124013 ], [ 33.483671290720878, 3.633417258878771 ], [ 33.489075392679922, 3.636128323822067 ], [ 33.49807683357664, 3.630695418403138 ], [ 33.502580511766112, 3.63340689667184 ], [ 33.501677078235012, 3.627979438957094 ], [ 33.505284342372853, 3.637928681042781 ], [ 33.51518765498767, 3.635209083907982 ], [ 33.505292420468315, 3.652403228758124 ], [ 33.494486440843772, 3.651504601974298 ], [ 33.49268306260759, 3.646982290208892 ], [ 33.480984393960568, 3.660558582401494 ], [ 33.482791151157961, 3.671413553577724 ], [ 33.488196477293251, 3.675933913394999 ], [ 33.482799916623513, 3.687697462736289 ], [ 33.47199444867676, 3.688607943535908 ], [ 33.464804619752172, 3.715751655672229 ], [ 33.449508535328249, 3.741090226080424 ], [ 33.450416029887393, 3.75465972868598 ], [ 33.503547717820574, 3.751916658862312 ], [ 33.506244187820009, 3.742868523724148 ], [ 33.51705234007111, 3.745576161905088 ], [ 33.521548130979532, 3.733812968795905 ] ] ] ] } },
{ "type": "Feature", "properties": { "derived_name": "KDS", "base_ecoregion": "KDS", "area_km2": 23473.8, "elev_mean_m": 1270.0, "annual_precip_mm": 807.0, "color": "#C17C74", "pct_of_uganda": 9.7 }, "geometry": { "type": "MultiPolygon", "coordinates": [ [ [ [ 34.746854608119598, 2.592829991462271 ], [ 34.745957919917139, 2.594639818612883 ], [ 34.746857090096512, 2.594638570443055 ], [ 34.746854608119598, 2.592829991462271 ] ] ], [ [ [ 33.777517708035404, 2.862476167037003 ], [ 33.771229459161532, 2.876954458724549 ], [ 33.770338869096427, 2.890524460449158 ], [ 33.758649585387381, 2.901387913888044 ], [ 33.757770432902454, 2.932145878480316 ], [ 33.748775776272893, 2.936675111551575 ], [ 33.702890603407511, 2.942132890309731 ], [ 33.698388864666803, 2.937612530401815 ], [ 33.680390453734894, 2.933100470909721 ], [ 33.674084948629478, 2.921343920820134 ], [ 33.659688021151979, 2.920447859997557 ], [ 33.644385123449666, 2.908696323762869 ], [ 33.633587884021807, 2.908702467597891 ], [ 33.64079321102389, 2.921363496052254 ], [ 33.6417007127678, 2.934932738152823 ], [ 33.646204866850233, 2.943976630630891 ], [ 33.666012215672502, 2.963867130817607 ], [ 33.66781835343707, 2.974721783374507 ], [ 33.671419813098296, 2.978338165950423 ], [ 33.684917652391086, 2.979234462079174 ], [ 33.699320437863442, 2.98827176341806 ], [ 33.707426961647634, 3.000931472827681 ], [ 33.70383459138381, 3.011789457943615 ], [ 33.693939194120517, 3.016319033077723 ], [ 33.67594278397862, 3.017235057748837 ], [ 33.665148965679919, 3.024478903482247 ], [ 33.648952017703017, 3.025393404248763 ], [ 33.639050873324663, 3.020876060558636 ], [ 33.626457482829665, 3.02902529659607 ], [ 33.619253902568268, 3.020887578232001 ], [ 33.605755925025306, 3.020895223432607 ], [ 33.603054329971698, 3.017278109376952 ], [ 33.59315532901055, 3.016378920117657 ], [ 33.575148527660865, 2.99829541793885 ], [ 33.57513863684148, 2.979297541461953 ], [ 33.550842978630904, 2.979310016442742 ], [ 33.544552111041988, 2.995597142887779 ], [ 33.537355471376884, 3.000124046231323 ], [ 33.529263266231361, 3.013698025521863 ], [ 33.529274673773983, 3.037219372813861 ], [ 33.516676176267524, 3.037225498274249 ], [ 33.511282781758325, 3.049893451258965 ], [ 33.500486426060036, 3.055326576390455 ], [ 33.500489362084082, 3.06165927170882 ], [ 33.492390937955811, 3.063472383366139 ], [ 33.48429491994127, 3.070713474749236 ], [ 33.483402334582216, 3.086997993448944 ], [ 33.475307705337585, 3.09785774498694 ], [ 33.474413809175203, 3.111428252698149 ], [ 33.454627088055787, 3.140386633030732 ], [ 33.447427944666686, 3.142199106824301 ], [ 33.432134419099206, 3.157585104202495 ], [ 33.422234709024124, 3.158493870232726 ], [ 33.406940910328089, 3.174784254087956 ], [ 33.395240933282061, 3.175693495610054 ], [ 33.388044102885601, 3.184743061467656 ], [ 33.387148807670705, 3.197408955451678 ], [ 33.383548623477665, 3.1974103129658 ], [ 33.382656988826845, 3.220027715238257 ], [ 33.379059402456541, 3.227266528087487 ], [ 33.358365334166074, 3.248986496044 ], [ 33.336763649410791, 3.250803333750111 ], [ 33.327760916547533, 3.245378185011519 ], [ 33.322361786502022, 3.24990336743883 ], [ 33.30075967170557, 3.250814750504834 ], [ 33.290861670794222, 3.261673947922966 ], [ 33.281860804671624, 3.262581211492495 ], [ 33.275558535157998, 3.257154815955365 ], [ 33.274650859409924, 3.229109616068415 ], [ 33.270151395813834, 3.232729597026771 ], [ 33.235049187531082, 3.238166537576066 ], [ 33.220646687116144, 3.233646310803775 ], [ 33.21794544711598, 3.229123417201462 ], [ 33.213445574472608, 3.231838465035139 ], [ 33.201743858695906, 3.229126776781137 ], [ 33.1837453357873, 3.247224159407085 ], [ 33.179247525044836, 3.262604830691816 ], [ 33.182848166274617, 3.263508877197069 ], [ 33.191854361338443, 3.289743394074123 ], [ 33.199056941989596, 3.296979544361784 ], [ 33.200861062520225, 3.315977787771598 ], [ 33.224266591423635, 3.321400903808417 ], [ 33.225169019114595, 3.331352329484716 ], [ 33.220670344064708, 3.341304984489045 ], [ 33.232372997354609, 3.342206967425026 ], [ 33.244977423194015, 3.349441428278746 ], [ 33.24677985223429, 3.357583201131351 ], [ 33.257582737230081, 3.359389784576487 ], [ 33.258485083810648, 3.3675317632962 ], [ 33.24048778866063, 3.395581835168273 ], [ 33.230585396113433, 3.39648895036927 ], [ 33.218884948465714, 3.408252688838704 ], [ 33.203582026310293, 3.414588913889171 ], [ 33.19638144370289, 3.421827968267022 ], [ 33.196382734115986, 3.428160823433517 ], [ 33.191881565498178, 3.429066433691804 ], [ 33.187383211670394, 3.444447124642281 ], [ 33.173881392603406, 3.458020108827883 ], [ 33.166679000399967, 3.458021406233954 ], [ 33.166683917597346, 3.486066926278532 ], [ 33.170285708581986, 3.488780360410896 ], [ 33.171188661284546, 3.503255292721261 ], [ 33.174791036443878, 3.508682784033488 ], [ 33.159484978882332, 3.507780835919583 ], [ 33.153181373397231, 3.500544339745116 ], [ 33.138775793210911, 3.499641896721332 ], [ 33.131571938680764, 3.49150068227254 ], [ 33.113564741970251, 3.486979559901702 ], [ 33.098257931803438, 3.475220234087129 ], [ 33.091055300650652, 3.474316262035751 ], [ 33.082952918472557, 3.479745193306068 ], [ 33.077550612729198, 3.475222169226041 ], [ 33.059544239901093, 3.475223481413078 ], [ 33.053242668311178, 3.486984926509746 ], [ 33.037937091637346, 3.487890368379469 ], [ 33.037937236782405, 3.491509158419826 ], [ 33.033435563822756, 3.491509330003239 ], [ 33.041539892427259, 3.521364011418149 ], [ 33.04964339947135, 3.525887097029469 ], [ 33.058648550693192, 3.549408675100953 ], [ 33.082959556408781, 3.554834979580284 ], [ 33.083860605437778, 3.562072461091539 ], [ 33.111773701713581, 3.567497653395584 ], [ 33.113575403453396, 3.574734986655445 ], [ 33.135186372318962, 3.581969595334821 ], [ 33.137888986276636, 3.591016123071418 ], [ 33.160399839564974, 3.591917127686625 ], [ 33.173007365460265, 3.600057042287658 ], [ 33.178410859292569, 3.604579452476161 ], [ 33.179312895412103, 3.612721493188981 ], [ 33.174811522047904, 3.617245829099895 ], [ 33.183819882051502, 3.636242539722865 ], [ 33.187422699600447, 3.640765245729938 ], [ 33.195527364145953, 3.642572896692559 ], [ 33.194627470850499, 3.645287160641989 ], [ 33.178419371983836, 3.64800460179469 ], [ 33.171216879446476, 3.655243530460135 ], [ 33.17031758470069, 3.661576534862639 ], [ 33.158612239472063, 3.667911526180616 ], [ 33.154113451053746, 3.689624892087042 ], [ 33.150511957751839, 3.693244273422634 ], [ 33.149613856677334, 3.707719472795595 ], [ 33.136104586895087, 3.700484133799564 ], [ 33.100983509034585, 3.699584153158092 ], [ 33.100082363001761, 3.694156102320312 ], [ 33.094678787134995, 3.690537926945846 ], [ 33.073066170380521, 3.691444665786535 ], [ 33.066762798437381, 3.695968628545856 ], [ 33.065863065757938, 3.706825010915814 ], [ 33.055057189864065, 3.717682065932158 ], [ 33.054157407115184, 3.730347818765405 ], [ 33.050555387036027, 3.734871496473479 ], [ 33.049657267311723, 3.778296765431704 ], [ 33.057762956093875, 3.780105645348207 ], [ 33.058664063492394, 3.787343115389243 ], [ 33.054163013004874, 3.820816975612556 ], [ 33.057765603892285, 3.819912049498994 ], [ 33.058665774726251, 3.812674463083995 ], [ 33.068572613172435, 3.808150275343241 ], [ 33.076678857948906, 3.812673042047848 ], [ 33.093790790054811, 3.808147891567855 ], [ 33.106400984069445, 3.817193318299323 ], [ 33.122610901196907, 3.803620814241256 ], [ 33.137922552422332, 3.808141938159658 ], [ 33.179345583581011, 3.77556554720823 ], [ 33.450416029887393, 3.75465972868598 ], [ 33.449508535328249, 3.741090226080424 ], [ 33.464804619752172, 3.715751655672229 ], [ 33.47199444867676, 3.688607943535908 ], [ 33.482799916623513, 3.687697462736289 ], [ 33.488196477293251, 3.675933913394999 ], [ 33.482791151157961, 3.671413553577724 ], [ 33.480984393960568, 3.660558582401494 ], [ 33.49268306260759, 3.646982290208892 ], [ 33.494486440843772, 3.651504601974298 ], [ 33.505292420468315, 3.652403228758124 ], [ 33.515188168414113, 3.636113741929905 ], [ 33.505284342372853, 3.637928681042781 ], [ 33.501677078235012, 3.627979438957094 ], [ 33.502580511766112, 3.63340689667184 ], [ 33.49807683357664, 3.630695418403138 ], [ 33.489075392679922, 3.636128323822067 ], [ 33.483671290720878, 3.633417258878771 ], [ 33.453059862897021, 3.640670524124013 ], [ 33.450357159960078, 3.637957882923845 ], [ 33.460253851089057, 3.621668884789279 ], [ 33.459352051688462, 3.618955345768728 ], [ 33.458452532180345, 3.620765135139365 ], [ 33.455751238240531, 3.620766502547259 ], [ 33.456648952386608, 3.615338050048456 ], [ 33.448550901747105, 3.627102779621814 ], [ 33.442247828481619, 3.62710589399187 ], [ 33.442243875676276, 3.618963882332572 ], [ 33.450345967516775, 3.61534121077096 ], [ 33.450343291785032, 3.609913207767482 ], [ 33.458441192706829, 3.598148479915543 ], [ 33.450333515389651, 3.590010524526249 ], [ 33.449426492153492, 3.57644095134631 ], [ 33.434112648153601, 3.56106895813611 ], [ 33.433207205996489, 3.550213338710036 ], [ 33.448511218435378, 3.545682667441355 ], [ 33.450308002001471, 3.537539772568574 ], [ 33.485421599537062, 3.537521995411054 ], [ 33.505222831804211, 3.525750779374325 ], [ 33.517831479031912, 3.532981103503759 ], [ 33.54034039842977, 3.533872889731966 ], [ 33.550251550832954, 3.546532218174407 ], [ 33.534052064727227, 3.558302289914677 ], [ 33.533155348259442, 3.564635411012806 ], [ 33.525057186419104, 3.573686665092088 ], [ 33.524161951366686, 3.582733760136627 ], [ 33.537680420206932, 3.604437636240159 ], [ 33.544883110849256, 3.603528683469184 ], [ 33.555680803497069, 3.591761644202187 ], [ 33.58269240990272, 3.591744753480566 ], [ 33.586287607204873, 3.581791311368618 ], [ 33.590787738040213, 3.579074466031678 ], [ 33.597991875113188, 3.580879071682006 ], [ 33.612384614834994, 3.560967352061957 ], [ 33.613287959456216, 3.565489971579225 ], [ 33.619592251297838, 3.568199663273901 ], [ 33.626793865499501, 3.566385480613413 ], [ 33.626796317605567, 3.570004047348977 ], [ 33.616896620072232, 3.576343275703357 ], [ 33.618699774987014, 3.579960630272581 ], [ 33.627703439557898, 3.579954485966878 ], [ 33.624105652860067, 3.585384805530863 ], [ 33.627708989392794, 3.588096256882552 ], [ 33.632209612369458, 3.586283863639916 ], [ 33.63490075927173, 3.571807745598922 ], [ 33.642100464820352, 3.567279526114003 ], [ 33.644801516490993, 3.567277629662717 ], [ 33.643003331676596, 3.570897450094612 ], [ 33.648404819177735, 3.56998900223859 ], [ 33.651098241607528, 3.559131436393095 ], [ 33.655598667127791, 3.557318960830387 ], [ 33.658300966560006, 3.559126302524385 ], [ 33.658317072860847, 3.581742203074777 ], [ 33.650218920341942, 3.588985109041849 ], [ 33.6475235474879, 3.597128770841349 ], [ 33.633122461963652, 3.604376039637113 ], [ 33.637628816910848, 3.610705359186122 ], [ 33.637640201970363, 3.626988857190802 ], [ 33.608845833141011, 3.655052720680108 ], [ 33.607955155142648, 3.669527621620593 ], [ 33.583661014200011, 3.697587923282816 ], [ 33.579173875050124, 3.721111700689249 ], [ 33.587277899358668, 3.720201676495153 ], [ 33.591775032577665, 3.712056854985627 ], [ 33.60168117038311, 3.712954787969216 ], [ 33.602583513356663, 3.715668100918187 ], [ 33.587288703576867, 3.736485288533875 ], [ 33.575582997727757, 3.738302359825418 ], [ 33.579182753246236, 3.734681397197329 ], [ 33.576480578002389, 3.733778533322762 ], [ 33.561177337930694, 3.742834967030844 ], [ 33.573783108897523, 3.740112837193355 ], [ 33.577389393402029, 3.746442990683808 ], [ 33.562988256412829, 3.758212833397797 ], [ 33.562092338864453, 3.765450603098001 ], [ 33.567498641114796, 3.769970326502298 ], [ 33.5485969488455, 3.786266196075141 ], [ 33.989497565255213, 4.230913438454284 ], [ 34.048887865993372, 4.175658753952862 ], [ 34.065062687441298, 4.144882989704238 ], [ 34.049718300731243, 4.122290220806067 ], [ 34.050612017849367, 4.11686184058516 ], [ 34.063190132124035, 4.091518283346813 ], [ 34.081193952582474, 4.082448895397319 ], [ 34.091075756857236, 4.062536016572853 ], [ 34.088339639614091, 4.03721306422619 ], [ 34.058603638923643, 4.028207132770589 ], [ 34.060377067670302, 4.006496043011344 ], [ 34.082886322812435, 4.000134817396462 ], [ 34.107168622535191, 3.972966730279438 ], [ 34.133270269764552, 3.960268055523668 ], [ 34.120584065000031, 3.902396333647983 ], [ 34.116074022950805, 3.8969752426971 ], [ 34.090842785324362, 3.885249578773497 ], [ 34.089006974038639, 3.858116147532117 ], [ 34.094409043292217, 3.857204664632248 ], [ 34.106125354151693, 3.86442563651162 ], [ 34.123241518386493, 3.868925675299243 ], [ 34.168265661921644, 3.867055643676075 ], [ 34.17548356451487, 3.876995142199118 ], [ 34.215109245622891, 3.878747967110241 ], [ 34.224079399820184, 3.854313921446458 ], [ 34.225846807921322, 3.830794785955417 ], [ 34.179023395729551, 3.831765240425126 ], [ 34.164587573868047, 3.810981456553139 ], [ 34.152873070549362, 3.804665715741203 ], [ 34.1546643706331, 3.797427246114247 ], [ 34.173573858744014, 3.79740168306267 ], [ 34.188875260740758, 3.792858207631673 ], [ 34.18976211008664, 3.78290751638493 ], [ 34.16633878919798, 3.773894390467993 ], [ 34.171729237535409, 3.764842084583498 ], [ 34.216769785134829, 3.779251967950618 ], [ 34.220344962759619, 3.76025269940856 ], [ 34.215832967699875, 3.753023107194304 ], [ 34.211331018418655, 3.753029378153912 ], [ 34.210423161480719, 3.747603693900556 ], [ 34.201419292754075, 3.747616138701202 ], [ 34.197820198476663, 3.749430077668515 ], [ 34.19872675367607, 3.753951306274335 ], [ 34.188823605842593, 3.754869376989996 ], [ 34.186133404421021, 3.763013535006534 ], [ 34.181609462549432, 3.746738691478767 ], [ 34.174399069317644, 3.741321406727731 ], [ 34.174394253962177, 3.737703401058517 ], [ 34.179797780323796, 3.738600631564666 ], [ 34.175281412770367, 3.727752677911939 ], [ 34.178872087510904, 3.719607342203803 ], [ 34.174369050317139, 3.718708866303557 ], [ 34.170771158338454, 3.721427178288617 ], [ 34.171679903634477, 3.727757496314275 ], [ 34.165378442369587, 3.728670397531096 ], [ 34.166284786907411, 3.733191721634747 ], [ 34.158184865794169, 3.735915995088191 ], [ 34.161788805656968, 3.737720232798813 ], [ 34.157289218068939, 3.739535214076199 ], [ 34.162696349538152, 3.743146067705841 ], [ 34.161801916995017, 3.747669792582903 ], [ 34.155495540498407, 3.744964640504487 ], [ 34.146493874491185, 3.746785530726147 ], [ 34.143790308256015, 3.744980052997375 ], [ 34.145585239765168, 3.740455138945691 ], [ 34.140184008907035, 3.741366714450454 ], [ 34.139275434924883, 3.735036299681648 ], [ 34.132985435641992, 3.744994140705224 ], [ 34.131179976809925, 3.741378415019049 ], [ 34.129382643099291, 3.744094291212385 ], [ 34.123976730784904, 3.741387708717075 ], [ 34.121283565552361, 3.747722806142256 ], [ 34.126683731221448, 3.745906813341256 ], [ 34.127589934456317, 3.75042823160818 ], [ 34.132992419347985, 3.750421227707327 ], [ 34.132997080810284, 3.754039285327198 ], [ 34.135695993695386, 3.752226740357875 ], [ 34.134799082177146, 3.754941454783369 ], [ 34.128497315424539, 3.755854161402701 ], [ 34.125789103904154, 3.750430558806351 ], [ 34.117687651230185, 3.752250023595288 ], [ 34.11499327631202, 3.757680603773666 ], [ 34.11859613174736, 3.758580500126647 ], [ 34.106001547675639, 3.76764184296158 ], [ 34.108709739813001, 3.773065525835357 ], [ 34.091609163016876, 3.779418930519968 ], [ 34.078997169015196, 3.77491209150431 ], [ 34.081704132757459, 3.779431370672575 ], [ 34.074503794780313, 3.782153942031187 ], [ 34.079007228967413, 3.78305286523869 ], [ 34.077213009325746, 3.788482296298374 ], [ 34.085311591301519, 3.783949502420782 ], [ 34.094318472203945, 3.785747198148585 ], [ 34.089826351259084, 3.793893632816576 ], [ 34.096123947039388, 3.789363014960292 ], [ 34.102431776184865, 3.792973077851338 ], [ 34.099742970199479, 3.802926289234392 ], [ 34.106949091214346, 3.804726088745315 ], [ 34.108756988899835, 3.810150892128654 ], [ 34.092548260804264, 3.810171678321726 ], [ 34.097959214465597, 3.816496451395083 ], [ 34.09255854240439, 3.818312408674873 ], [ 34.099768259571185, 3.822825804768863 ], [ 34.105170086690691, 3.821914319996984 ], [ 34.102476690567414, 3.828249461455119 ], [ 34.092576875386946, 3.832784814309906 ], [ 34.098882755013399, 3.834585765772841 ], [ 34.102481320853471, 3.831867550412688 ], [ 34.10428581553137, 3.834578786800928 ], [ 34.109684202264994, 3.830953693732628 ], [ 34.112391557167975, 3.835472773282167 ], [ 34.108798859741597, 3.842713625945037 ], [ 34.103389947917222, 3.838198039649015 ], [ 34.092582618772603, 3.837307440049516 ], [ 34.086258477224099, 3.821034008859445 ], [ 34.064640813270771, 3.816538497308324 ], [ 34.060132755853658, 3.812021403498411 ], [ 34.058337290663268, 3.816546306267628 ], [ 34.053834766579691, 3.816551855717179 ], [ 34.052947499673053, 3.82740740941059 ], [ 34.032235538270442, 3.827432682397746 ], [ 34.021442122550752, 3.838300221740793 ], [ 34.013336208816931, 3.837405351311761 ], [ 34.012439932235587, 3.841024615450425 ], [ 34.010632465359258, 3.835599461317541 ], [ 34.003426046137612, 3.833798868095966 ], [ 34.006113932797305, 3.822036529816292 ], [ 34.012411239837036, 3.816601801021998 ], [ 34.007001814041857, 3.811180864957618 ], [ 33.997103451962872, 3.817524305683712 ], [ 33.97279434630083, 3.822075060448788 ], [ 33.963783948817337, 3.817562440466373 ], [ 33.960192888619609, 3.827516679737741 ], [ 33.960187854023907, 3.822993864487532 ], [ 33.948477855683322, 3.820293226352108 ], [ 33.940375955202562, 3.823015873126223 ], [ 33.925963349944141, 3.819413302953621 ], [ 33.909759250755727, 3.824858136582706 ], [ 33.904350241875335, 3.819436403378383 ], [ 33.89175001211899, 3.826686272189409 ], [ 33.891742535209197, 3.819449626766697 ], [ 33.88093405033888, 3.817651646526894 ], [ 33.871932163160075, 3.821279202583166 ], [ 33.862022393046658, 3.817670885880207 ], [ 33.839517188435103, 3.826739178054496 ], [ 33.835022217622218, 3.834884936397487 ], [ 33.829614365324403, 3.830367233480378 ], [ 33.844909112190827, 3.814974156958228 ], [ 33.862012482049053, 3.807720416470686 ], [ 33.862008884509898, 3.804102063381273 ], [ 33.874616469205932, 3.80408932907206 ], [ 33.878208567308604, 3.794135227204765 ], [ 33.898020152984522, 3.79411481339741 ], [ 33.910618954186823, 3.785960395900742 ], [ 33.920529358659323, 3.790472766958568 ], [ 33.92322515001954, 3.78504243924748 ], [ 33.949338812324726, 3.784109571941185 ], [ 33.95743140807506, 3.773245853609947 ], [ 33.953828470056884, 3.772345259569112 ], [ 33.954724023825975, 3.767821439974956 ], [ 33.942119191695191, 3.769644354616195 ], [ 33.946612832941163, 3.761498342037084 ], [ 33.957410663749755, 3.754249987053201 ], [ 33.963713933183136, 3.754243035668771 ], [ 33.9637109588692, 3.751529344799988 ], [ 33.972714581019723, 3.750614781164735 ], [ 33.973620049118836, 3.755136580861365 ], [ 33.984426618864703, 3.756028990318536 ], [ 33.985318972908601, 3.748791509322549 ], [ 33.978117337238707, 3.750608736556217 ], [ 33.972707586335005, 3.744282851935721 ], [ 33.978102280064505, 3.737040337569569 ], [ 33.985304821253152, 3.736127697333444 ], [ 33.987114813126766, 3.744266686020474 ], [ 34.000616398924073, 3.739728545736496 ], [ 34.000611273144038, 3.735205776300594 ], [ 33.994306174035955, 3.733403846735184 ], [ 33.9979058766611, 3.731590640897875 ], [ 33.996997291883282, 3.724355225207853 ], [ 33.991594727108826, 3.724361343738587 ], [ 33.991598778466404, 3.727979570184528 ], [ 33.978991707594162, 3.727089171272283 ], [ 33.987075486855403, 3.708988930365391 ], [ 33.989776727303536, 3.708985901691663 ], [ 33.987071474587566, 3.705370697396013 ], [ 33.989761660527499, 3.695417537618282 ], [ 33.969055355137137, 3.698154151644953 ], [ 33.958244620397231, 3.692738530746153 ], [ 33.990654039648788, 3.688180069347883 ], [ 34.005972887728163, 3.69901747200994 ], [ 34.009584729262151, 3.708058886632408 ], [ 34.016787974827402, 3.708050609951442 ], [ 34.016780746524354, 3.701718759733211 ], [ 34.028472357606368, 3.689946098242204 ], [ 34.03384858924943, 3.6673261686446 ], [ 34.058151806788388, 3.661870412912857 ], [ 34.062637565939042, 3.648296999064339 ], [ 34.069842350133406, 3.650097500831703 ], [ 34.064448886299125, 3.657340235326375 ], [ 34.064456362549414, 3.663671995530346 ], [ 34.05635535677542, 3.665490703173709 ], [ 34.053660660556631, 3.670921139104968 ], [ 34.041058783932399, 3.673649593359659 ], [ 34.041968600578642, 3.681789430257489 ], [ 34.069877818164144, 3.679947171661905 ], [ 34.071675297929559, 3.677231397444611 ], [ 34.067172430013173, 3.676332276112964 ], [ 34.067168130518667, 3.672714131773623 ], [ 34.082477390646247, 3.675409246227126 ], [ 34.088786439673271, 3.680828731902286 ], [ 34.091484204854922, 3.678111830819542 ], [ 34.076171663256993, 3.672703292960169 ], [ 34.076166249611809, 3.668180625498774 ], [ 34.095069083535449, 3.664539484666633 ], [ 34.107693861990306, 3.680805354705647 ], [ 34.108606532711448, 3.690753988355193 ], [ 34.115811664308126, 3.692553987222571 ], [ 34.116721075378315, 3.699789017245439 ], [ 34.144633475060701, 3.700657818064324 ], [ 34.156342812805498, 3.704260608605775 ], [ 34.159939537583163, 3.700637855667146 ], [ 34.181546755322849, 3.699704722399368 ], [ 34.186942812588093, 3.695174992448582 ], [ 34.198664232715061, 3.707822132855364 ], [ 34.201360396167622, 3.704200484207861 ], [ 34.222968571584644, 3.704170809434697 ], [ 34.231060354975497, 3.69601919522959 ], [ 34.244558910261269, 3.691477903794475 ], [ 34.246343174819401, 3.679717152988287 ], [ 34.27513862697365, 3.669727119081568 ], [ 34.278733334612738, 3.665199620503745 ], [ 34.278717941729184, 3.654346009950408 ], [ 34.294009501648667, 3.645279380607236 ], [ 34.302119579928252, 3.650694409856272 ], [ 34.340822230244562, 3.64521061374503 ], [ 34.351595412210528, 3.62529668583373 ], [ 34.370499798552522, 3.6252681519054 ], [ 34.366907130050663, 3.630700232440066 ], [ 34.366922113561692, 3.640649024805676 ], [ 34.370527102750835, 3.643356838514301 ], [ 34.371446532738076, 3.656017534416751 ], [ 34.362468791490947, 3.672311158527128 ], [ 34.362499045169976, 3.692208759473063 ], [ 34.353505873856804, 3.698553643220157 ], [ 34.352597367331462, 3.693128382151438 ], [ 34.357090525313133, 3.687694863281469 ], [ 34.353482595807506, 3.683178169711388 ], [ 34.356172460183252, 3.675938536624509 ], [ 34.354358307820299, 3.666896883509667 ], [ 34.358840479914576, 3.654227899207154 ], [ 34.364235076579632, 3.649697496906068 ], [ 34.359731193044318, 3.647895464856404 ], [ 34.353430915546085, 3.648809444517226 ], [ 34.348943243706387, 3.657860653646261 ], [ 34.342641515109243, 3.657870142773667 ], [ 34.34174934430181, 3.663298162484588 ], [ 34.337249413682983, 3.664209364983507 ], [ 34.339060695596807, 3.67144222835612 ], [ 34.332753484165174, 3.667833891634516 ], [ 34.32375351265852, 3.669656209539044 ], [ 34.328241499125518, 3.660605014435538 ], [ 34.308434471165377, 3.659729794223713 ], [ 34.310240255421292, 3.66334497991519 ], [ 34.305736302498708, 3.661542661748112 ], [ 34.303043357601915, 3.666973359866475 ], [ 34.293132556785032, 3.661561004819796 ], [ 34.298541995165216, 3.666979927511874 ], [ 34.289545730760189, 3.671515312173492 ], [ 34.289554822926576, 3.677846555893108 ], [ 34.274264040587695, 3.687817782137397 ], [ 34.255365231021798, 3.693271606472398 ], [ 34.289574359251468, 3.691413503614372 ], [ 34.286878665716046, 3.695035287972188 ], [ 34.288698890715665, 3.708599614487328 ], [ 34.285098919945874, 3.709509335687507 ], [ 34.284207747252928, 3.715841899604116 ], [ 34.272503461256598, 3.715858904325979 ], [ 34.266217923966579, 3.727626115400807 ], [ 34.265313700642544, 3.724914001906531 ], [ 34.259012574272589, 3.725827537506612 ], [ 34.261727806128249, 3.735772851185315 ], [ 34.249126633350237, 3.738504360892626 ], [ 34.250932488798597, 3.742119689794357 ], [ 34.244629919193144, 3.742128690323489 ], [ 34.240136986734974, 3.748466446435103 ], [ 34.23383181082724, 3.746666421420877 ], [ 34.238355354823497, 3.762036200095541 ], [ 34.253672304653499, 3.76925005024945 ], [ 34.267142926693154, 3.744809746741994 ], [ 34.308507153845198, 3.709474894495124 ], [ 34.303967272878225, 3.683252291172858 ], [ 34.307572382706297, 3.68596036368046 ], [ 34.31571365800027, 3.712177531814938 ], [ 34.32473567108233, 3.724826332730345 ], [ 34.351756237124626, 3.732020670279756 ], [ 34.367961932644228, 3.731995515656892 ], [ 34.384156200880369, 3.724734643841142 ], [ 34.395844413805264, 3.714767458463551 ], [ 34.406607844631587, 3.689426524831134 ], [ 34.456996598039318, 3.67397027479537 ], [ 34.462389082226409, 3.668535029313173 ], [ 34.453301347421935, 3.615190054476945 ], [ 34.456834549631211, 3.572677400387282 ], [ 34.451346403387745, 3.516612908294159 ], [ 34.42430590347454, 3.491331032804454 ], [ 34.400900345585207, 3.488653069272485 ], [ 34.389203507505471, 3.491383782986084 ], [ 34.390090291655454, 3.482338149563128 ], [ 34.405368498986192, 3.466940153579538 ], [ 34.417040777494648, 3.447929821931284 ], [ 34.418818069063839, 3.432551998935923 ], [ 34.40889555377823, 3.417191499569687 ], [ 34.400792999795783, 3.415394544418635 ], [ 34.400726587290876, 3.369268747305616 ], [ 34.429485358617022, 3.342094224710559 ], [ 34.433070594163468, 3.332140382272326 ], [ 34.435741546047062, 3.312239304871448 ], [ 34.447395548200767, 3.28147224484264 ], [ 34.456247113771646, 3.178356572390147 ], [ 34.46073573059364, 3.171114928476223 ], [ 34.471531417139815, 3.170195159335119 ], [ 34.481419581449536, 3.163850184054172 ], [ 34.495779126268616, 3.138506409785152 ], [ 34.515583026538124, 3.145712860256142 ], [ 34.547053834600739, 3.133005215461682 ], [ 34.558713665585749, 3.108569875185531 ], [ 34.572181743216269, 3.09046253195197 ], [ 34.574850076225793, 3.069658208254602 ], [ 34.572120921551246, 3.048861858098413 ], [ 34.575683919888988, 3.024438811408698 ], [ 34.587348244096432, 3.003621479713467 ], [ 34.589996179733802, 2.968347651409868 ], [ 34.598926894487924, 2.923116978161623 ], [ 34.640275287631944, 2.904065966453389 ], [ 34.653709522218307, 2.86425572839507 ], [ 34.667195457408859, 2.860618786229364 ], [ 34.693278028293037, 2.86058039361864 ], [ 34.703192733259712, 2.875034575301531 ], [ 34.709481793308619, 2.870503600778935 ], [ 34.712167870592147, 2.862360824671466 ], [ 34.73733553639412, 2.852375559508533 ], [ 34.749881728994467, 2.822514997546227 ], [ 34.75618114977221, 2.825218302188558 ], [ 34.766951322285848, 2.810733431155545 ], [ 34.767832983773246, 2.798976473387017 ], [ 34.775011149151084, 2.78811427488042 ], [ 34.783057422465404, 2.756452559959694 ], [ 34.77577308897007, 2.694972777014723 ], [ 34.791040122344967, 2.681386275027932 ], [ 34.799990131530471, 2.65243662073481 ], [ 34.832311566819769, 2.618931733748883 ], [ 34.838580595149885, 2.60174183629869 ], [ 34.856527544243967, 2.577301017517645 ], [ 34.868202683247354, 2.568241540398787 ], [ 34.878993062630677, 2.569129858696811 ], [ 34.880816462812064, 2.586307422159384 ], [ 34.896105076662685, 2.588997194163516 ], [ 34.913078076254401, 2.514826521773082 ], [ 34.934650676960203, 2.512081953196861 ], [ 34.936428780578019, 2.498516366296157 ], [ 34.946283365192151, 2.474992759707674 ], [ 34.948972402851552, 2.469563650845255 ], [ 34.954366278539574, 2.46955568509763 ], [ 34.953450165956305, 2.457802605704369 ], [ 34.941758285068815, 2.454202980243005 ], [ 34.942649433592138, 2.448776519601047 ], [ 34.937251708198666, 2.446071788252061 ], [ 34.936342374816597, 2.438839534912674 ], [ 34.930948564298845, 2.438847329023689 ], [ 34.931835940571695, 2.430708255702374 ], [ 34.91564559619259, 2.424401998579799 ], [ 34.913809750923917, 2.397278338809327 ], [ 34.91829695509432, 2.391846781927304 ], [ 34.94680111474473, 2.198309158236593 ], [ 34.979874549992331, 2.055405503568779 ], [ 34.98428139792739, 1.983970153097115 ], [ 35.000430318325151, 1.961346414367553 ], [ 35.000199238961315, 1.75610055326369 ], [ 34.991117797467709, 1.662980355447415 ], [ 34.966811223085671, 1.6150829069904 ], [ 34.941615825854349, 1.575322393664851 ], [ 34.90745315228569, 1.553652857025833 ], [ 34.891281657963489, 1.555475948541674 ], [ 34.886802013704731, 1.569947689052653 ], [ 34.877820839056994, 1.574477007808423 ], [ 34.838286046450463, 1.575416728064984 ], [ 34.829307677938793, 1.583563030209644 ], [ 34.824814899529287, 1.583567015891931 ], [ 34.810426988011621, 1.570919926673004 ], [ 34.785263338611109, 1.566420302256113 ], [ 34.78076667444293, 1.561902726191515 ], [ 34.76908902246366, 1.566434108069821 ], [ 34.743030851441794, 1.567360389953244 ], [ 34.739439476730766, 1.5709806171038 ], [ 34.695404248200902, 1.566495413147012 ], [ 34.69541446903667, 1.579155974370691 ], [ 34.716097488133734, 1.59722522258343 ], [ 34.717007414001195, 1.610789196809621 ], [ 34.725101852426029, 1.618921124696192 ], [ 34.725153249123103, 1.678605652373846 ], [ 34.719774853034124, 1.693983757093583 ], [ 34.722477227820114, 1.701215842017682 ], [ 34.717094087101685, 1.711168136120854 ], [ 34.718903546967283, 1.72473121660925 ], [ 34.726088026896093, 1.719298809289032 ], [ 34.731466221805938, 1.703920670068626 ], [ 34.739549250363112, 1.69848751578753 ], [ 34.73954601804877, 1.694870301173472 ], [ 34.749437631759712, 1.702095731379136 ], [ 34.744950094635712, 1.708429934834664 ], [ 34.746752307847423, 1.71385409152666 ], [ 34.754838527263061, 1.712038059047972 ], [ 34.753044518926792, 1.715656901482692 ], [ 34.755742947514882, 1.718367300504805 ], [ 34.765624767662736, 1.714740968234868 ], [ 34.770135535340629, 1.733726850918292 ], [ 34.76295301685272, 1.74096793654589 ], [ 34.768345803500623, 1.741867144379587 ], [ 34.763855884497161, 1.745488547724883 ], [ 34.768357653280418, 1.754527192456711 ], [ 34.766566278712425, 1.760858930724206 ], [ 34.756688563137452, 1.769006983770906 ], [ 34.77196168915814, 1.764470929735071 ], [ 34.775563223457119, 1.7717017639592 ], [ 34.783648615830622, 1.768981101891939 ], [ 34.774682731275071, 1.790692630537922 ], [ 34.767495037407365, 1.792508198931804 ], [ 34.766601566065951, 1.797934808868135 ], [ 34.772898464750455, 1.804258677255181 ], [ 34.777391880431644, 1.804254265287043 ], [ 34.795385949218009, 1.825034834020159 ], [ 34.795403075322355, 1.842216057800948 ], [ 34.788222567152992, 1.851266116758944 ], [ 34.79542493806543, 1.863918651275168 ], [ 34.795432282645898, 1.87115284785284 ], [ 34.790040952397327, 1.872062670051022 ], [ 34.790044626104518, 1.875679778791686 ], [ 34.783749973486636, 1.872069121270263 ], [ 34.781958035300633, 1.877496647405104 ], [ 34.778358600369707, 1.872978915815235 ], [ 34.763975474080603, 1.869376378657198 ], [ 34.770253868844449, 1.856709989056441 ], [ 34.761262258985667, 1.852197563657196 ], [ 34.759458595245455, 1.845869312765015 ], [ 34.752268889792077, 1.845876456259658 ], [ 34.753156122396383, 1.83411972136933 ], [ 34.74057153899691, 1.831419173823148 ], [ 34.737870176106973, 1.825995987434008 ], [ 34.733375744708525, 1.825096047795006 ], [ 34.728920600253531, 1.864889922325788 ], [ 34.725329181307032, 1.868510707067792 ], [ 34.724458892520538, 1.897449485164138 ], [ 34.728961663766285, 1.9064880390475 ], [ 34.725369336114795, 1.909204592860474 ], [ 34.725381097745583, 1.920960600571816 ], [ 34.715502780981886, 1.929109432178556 ], [ 34.69573410707676, 1.933650985941006 ], [ 34.692133588018862, 1.928228652316054 ], [ 34.691220568779109, 1.913760360510657 ], [ 34.682223967347866, 1.904725966358789 ], [ 34.675931636522257, 1.903827802441389 ], [ 34.66513499041632, 1.892081938815426 ], [ 34.655251824870028, 1.895708824073982 ], [ 34.644455302765685, 1.883962661535856 ], [ 34.613895555362639, 1.883087052524369 ], [ 34.602203728458306, 1.874958608457774 ], [ 34.555461658490671, 1.870479088861203 ], [ 34.54736517192044, 1.862346778039746 ], [ 34.534781704367482, 1.862357848233374 ], [ 34.523985744549108, 1.850610069502344 ], [ 34.514097930257883, 1.849714185280964 ], [ 34.490708126437859, 1.825314920987168 ], [ 34.485318906681151, 1.829841491460263 ], [ 34.470933962522359, 1.825331304768462 ], [ 34.475421484324677, 1.817187818355059 ], [ 34.474516072039627, 1.809048770735894 ], [ 34.463730203851149, 1.809057557764323 ], [ 34.450258611251741, 1.82263490831752 ], [ 34.449363395535386, 1.827157790176683 ], [ 34.453860499671841, 1.830771851999311 ], [ 34.459268231337653, 1.848855976117053 ], [ 34.470058830631245, 1.854273555777894 ], [ 34.470980244724259, 1.881405451638729 ], [ 34.479076823733863, 1.889538333019957 ], [ 34.483594306449355, 1.916666958194679 ], [ 34.487189787510403, 1.916663820662197 ], [ 34.491692764531692, 1.926608425497641 ], [ 34.496203781729307, 1.945597080451793 ], [ 34.467440182109804, 1.946526920562056 ], [ 34.466547553775996, 1.953763087336541 ], [ 34.445876688411886, 1.958303270025464 ], [ 34.450383714839674, 1.972770225541652 ], [ 34.442303632221019, 1.984534916286816 ], [ 34.445904044981908, 1.989958340632213 ], [ 34.442310700827363, 1.99267480308061 ], [ 34.441438721047064, 2.023426282793388 ], [ 34.413594110056302, 2.049679791129019 ], [ 34.408214563211452, 2.065964573898033 ], [ 34.396529349250841, 2.067783848703706 ], [ 34.391148065943533, 2.082259829091283 ], [ 34.382165969832954, 2.091312327237413 ], [ 34.376772714439745, 2.092221552415924 ], [ 34.365095766483108, 2.103989814526109 ], [ 34.349816270296564, 2.108525523045764 ], [ 34.353416292573343, 2.113044707146213 ], [ 34.35432790397212, 2.127515351022017 ], [ 34.354382337662635, 2.189018905729928 ], [ 34.348993558462624, 2.195355056263609 ], [ 34.330113615401807, 2.196276542966714 ], [ 34.319338884295234, 2.212566738192307 ], [ 34.297760372903973, 2.212585881750025 ], [ 34.295066187402242, 2.216206193120828 ], [ 34.280681137050287, 2.217123264762994 ], [ 34.277986890079411, 2.220743573861805 ], [ 34.251912263775118, 2.220766017659825 ], [ 34.249217915167058, 2.224386317973252 ], [ 34.234832504756064, 2.225303002444914 ], [ 34.224048802097919, 2.232548125660598 ], [ 34.2024736220975, 2.23799313740757 ], [ 34.194381199100945, 2.237999787687231 ], [ 34.189881755306125, 2.233480857172444 ], [ 34.159309498932181, 2.232600900267681 ], [ 34.152110522866352, 2.225370319249615 ], [ 34.124229419511281, 2.216346527659284 ], [ 34.118834401996573, 2.216350636632678 ], [ 34.110747936084962, 2.224497682344944 ], [ 34.090073428032817, 2.233558721555148 ], [ 34.080182326068211, 2.233566066761771 ], [ 34.077478169401132, 2.224522492595566 ], [ 34.070281400815325, 2.220004963791418 ], [ 34.060396785007931, 2.229057748325078 ], [ 34.044211858116569, 2.229973947120978 ], [ 34.012723672058264, 2.206477100128864 ], [ 34.011820812161808, 2.201050259991786 ], [ 34.008223431869283, 2.200148132994412 ], [ 34.008217974394697, 2.19200693980956 ], [ 34.001923650467141, 2.19201118871712 ], [ 33.992038513191829, 2.201063626889916 ], [ 33.983069816314796, 2.236348379629924 ], [ 33.996563007961413, 2.243575869567285 ], [ 34.003761723071811, 2.2508075448917 ], [ 34.008265946332557, 2.262563917105022 ], [ 34.021762635743528, 2.274313866600571 ], [ 34.046950256698899, 2.286959628664635 ], [ 34.077524775696155, 2.28784142910131 ], [ 34.080225164362915, 2.291457609040192 ], [ 34.091915108354883, 2.291448695743533 ], [ 34.098213124114032, 2.295966604130631 ], [ 34.110802256004149, 2.295956823063949 ], [ 34.134191223650141, 2.307697360130732 ], [ 34.165664552819884, 2.308576300283116 ], [ 34.169265100467172, 2.313095964952451 ], [ 34.198938248659033, 2.312166546968364 ], [ 34.213315509487451, 2.300395592368262 ], [ 34.233093773115598, 2.295856008561713 ], [ 34.228611035271612, 2.311236525306827 ], [ 34.216931535507918, 2.323005291109245 ], [ 34.216043969686773, 2.336573738074172 ], [ 34.207952581502845, 2.338389787425925 ], [ 34.212458785183301, 2.350144548522008 ], [ 34.220551784311489, 2.350137459868853 ], [ 34.220554929240699, 2.353755497535852 ], [ 34.212467388024209, 2.360094181686155 ], [ 34.216972994975194, 2.370944358122186 ], [ 34.202585191014151, 2.370957001407302 ], [ 34.19898511604557, 2.367342073025715 ], [ 34.189092698142744, 2.366446119438448 ], [ 34.1782918732235, 2.354696576151035 ], [ 34.152213115853016, 2.353813965787795 ], [ 34.148619837659332, 2.358339614833497 ], [ 34.130634790445882, 2.358354423531061 ], [ 34.127939940122687, 2.361974782610693 ], [ 34.116250280237338, 2.362888817875896 ], [ 34.115353907041886, 2.366507717578043 ], [ 34.100966342886046, 2.367423825054549 ], [ 34.099171369032092, 2.371948001240979 ], [ 34.103673478456884, 2.379180776881042 ], [ 34.100076368573482, 2.379183665803092 ], [ 34.100079956247114, 2.383706404862832 ], [ 34.092885699924189, 2.383712165369572 ], [ 34.074916195065427, 2.404531171838793 ], [ 34.065916853674018, 2.396397242298455 ], [ 34.059621055946494, 2.395497594034014 ], [ 34.05421903255457, 2.387360726693246 ], [ 34.043427450385799, 2.387369004584699 ], [ 34.027233972266387, 2.379240138254451 ], [ 34.022737471959196, 2.379243497530996 ], [ 34.011954439415113, 2.391010956260144 ], [ 34.000267962030549, 2.39735160900737 ], [ 33.99577922924847, 2.408209839036731 ], [ 34.002074512739782, 2.408205199838882 ], [ 34.009275109087753, 2.416341027871587 ], [ 34.032658253167767, 2.417227924337291 ], [ 34.045261940995566, 2.434404945299933 ], [ 34.046168960215908, 2.444354437978219 ], [ 34.054268635687578, 2.45158455793668 ], [ 34.054285701606204, 2.473294007895055 ], [ 34.049794627148202, 2.480534084245352 ], [ 34.049811820684951, 2.502243556033138 ], [ 34.054313031307544, 2.507667288828225 ], [ 34.05433560685362, 2.535708635969493 ], [ 34.049841540673384, 2.539330553358057 ], [ 34.049848855995286, 2.548376159183158 ], [ 34.046252689414246, 2.550188225382281 ], [ 34.046265886795624, 2.56647033096121 ], [ 34.017485028512105, 2.567398246511296 ], [ 34.012094152747395, 2.574639120919502 ], [ 34.003094133950761, 2.567409679461292 ], [ 33.996800903491625, 2.571032931322276 ], [ 33.985108199219596, 2.571042055718535 ], [ 33.977918876518963, 2.579188840592443 ], [ 33.956338144347313, 2.587346607160443 ], [ 33.943755074690174, 2.600020336518747 ], [ 33.894283777235557, 2.600056541244612 ], [ 33.886185886078678, 2.596443865121465 ], [ 33.863698108734503, 2.595554901746716 ], [ 33.862796167971432, 2.591937081004283 ], [ 33.854703819887597, 2.59646565679001 ], [ 33.853828173133081, 2.631746110306508 ], [ 33.845740458281966, 2.643511622985778 ], [ 33.845744750532859, 2.649843912416184 ], [ 33.82955374999888, 2.650759535441216 ], [ 33.828659034224835, 2.657997073937832 ], [ 33.805271474018198, 2.658917249281666 ], [ 33.795386318018451, 2.674302304900305 ], [ 33.783693735006871, 2.677023745765941 ], [ 33.79898807499108, 2.67972769366545 ], [ 33.800807899062633, 2.711388293872548 ], [ 33.808015422179501, 2.727666653521175 ], [ 33.803525859082718, 2.740334376749449 ], [ 33.783749806299618, 2.763867812865478 ], [ 33.782860877687796, 2.780151661168094 ], [ 33.795464349292217, 2.792807909552725 ], [ 33.795469224584039, 2.800044885311339 ], [ 33.788275008267533, 2.804572888985627 ], [ 33.787379588268635, 2.810905862639897 ], [ 33.795481468232055, 2.818137320746728 ], [ 33.796398430113172, 2.843466097337895 ], [ 33.787411383078684, 2.857946266464449 ], [ 33.777517708035404, 2.862476167037003 ] ], [ [ 34.352606960220143, 3.699459461048571 ], [ 34.349906100272094, 3.699463590691999 ], [ 34.348106892489589, 3.700370780657977 ], [ 34.34900307773119, 3.697656083118185 ], [ 34.352606960220143, 3.699459461048571 ] ], [ [ 34.93995382202457, 2.449684640769076 ], [ 34.939056150645875, 2.450590142742866 ], [ 34.939054849520836, 2.449685949510615 ], [ 34.93995382202457, 2.449684640769076 ] ], [ [ 34.690100959041438, 2.512423096364569 ], [ 34.683793096942779, 2.501579420372493 ], [ 34.683782731076818, 2.493440532698592 ], [ 34.688273765975893, 2.489817467053372 ], [ 34.699972807800826, 2.497941181837594 ], [ 34.695455213248074, 2.480765028492988 ], [ 34.703550711630186, 2.483467511413827 ], [ 34.695425404760499, 2.457252818164247 ], [ 34.70442902583347, 2.467188739554699 ], [ 34.718825078957963, 2.475308869490052 ], [ 34.717915513178511, 2.46717129520979 ], [ 34.723300779379329, 2.459929857876256 ], [ 34.715197430615632, 2.450897276869355 ], [ 34.72238779639212, 2.449079386914957 ], [ 34.725090830487801, 2.453597407988418 ], [ 34.736780046543224, 2.454486495493962 ], [ 34.73769200017599, 2.464432574657072 ], [ 34.749399012226029, 2.478885827066513 ], [ 34.761087129772683, 2.478870245900334 ], [ 34.770963818687306, 2.468909907487486 ], [ 34.775419794139552, 2.43906272111475 ], [ 34.788887612300478, 2.425480693566269 ], [ 34.795179646313464, 2.424568044227013 ], [ 34.797877928851584, 2.425468711350881 ], [ 34.793391126029874, 2.431804592476944 ], [ 34.800586998010985, 2.434507758260715 ], [ 34.802395898873279, 2.442643720802549 ], [ 34.810486016841132, 2.441728521289025 ], [ 34.81407608901884, 2.437202353310617 ], [ 34.813194047409731, 2.449863194490008 ], [ 34.823978801410178, 2.44713570739379 ], [ 34.823989821649825, 2.45527398687713 ], [ 34.814101616366372, 2.456191778241001 ], [ 34.816806080521872, 2.461613634096773 ], [ 34.812313299249055, 2.463428304209847 ], [ 34.813231977277852, 2.477895209156508 ], [ 34.819527834087189, 2.479695040932533 ], [ 34.815942728736054, 2.487838319450161 ], [ 34.826733931984755, 2.489631844311551 ], [ 34.827623034796112, 2.482396583595437 ], [ 34.830320190495044, 2.482392831644768 ], [ 34.836629808856081, 2.494139258212376 ], [ 34.837522594350226, 2.489616766861112 ], [ 34.842916900906729, 2.489609194887187 ], [ 34.841126340941386, 2.49503718535722 ], [ 34.844730126128717, 2.500457571469885 ], [ 34.850121921796394, 2.498641458180519 ], [ 34.849202680775299, 2.484174893264723 ], [ 34.852796328271914, 2.482361350515965 ], [ 34.857300371534748, 2.488684658846092 ], [ 34.85730670688789, 2.493205837453086 ], [ 34.850124454870695, 2.500449936770775 ], [ 34.855522581197604, 2.503154989279782 ], [ 34.850130795599974, 2.5049711330165 ], [ 34.843861506290196, 2.522160658113094 ], [ 34.840261405285958, 2.519453045030298 ], [ 34.828583547105119, 2.526703594893584 ], [ 34.821388354165542, 2.524905249276224 ], [ 34.808812400081415, 2.533061261686826 ], [ 34.813310394375357, 2.534863458412733 ], [ 34.814222107588279, 2.543904761868433 ], [ 34.820514538079706, 2.542991593692959 ], [ 34.822317812869052, 2.546606053279109 ], [ 34.809735432388173, 2.550240924390076 ], [ 34.802536264197599, 2.545729760967734 ], [ 34.787251355427806, 2.545751158076373 ], [ 34.787266341292124, 2.556602401558017 ], [ 34.77829381086606, 2.570179074777431 ], [ 34.767512849779628, 2.576524094751982 ], [ 34.768442074121687, 2.598225537530124 ], [ 34.76665256046644, 2.604558025710102 ], [ 34.758567571220496, 2.609995108359036 ], [ 34.75768855584905, 2.624464914594953 ], [ 34.752292173076349, 2.623568240452804 ], [ 34.752284625789528, 2.618142521672412 ], [ 34.756778021736373, 2.616327626390966 ], [ 34.75317251227365, 2.610002682484156 ], [ 34.756765454353733, 2.607284782270519 ], [ 34.751369151233149, 2.606388053660877 ], [ 34.745957919917139, 2.594639818612883 ], [ 34.745974086779825, 2.606395586327253 ], [ 34.73519880688935, 2.617262120389818 ], [ 34.733381831978733, 2.603700184788648 ], [ 34.730683047492292, 2.602799614294756 ], [ 34.726195749392801, 2.609135905240431 ], [ 34.721694875220152, 2.605524894661143 ], [ 34.722576896079921, 2.592863443389722 ], [ 34.715384658232516, 2.593777569880956 ], [ 34.712679810367845, 2.58835540823081 ], [ 34.709085503757585, 2.590168902864124 ], [ 34.705479095132361, 2.582939300110932 ], [ 34.70816818866237, 2.57660549934142 ], [ 34.691082580707381, 2.575724102952325 ], [ 34.709948485695463, 2.56303846049148 ], [ 34.728828438068504, 2.561204371252888 ], [ 34.733308437933843, 2.549442409403917 ], [ 34.730592923465615, 2.535881587493539 ], [ 34.733275916500169, 2.525026394785375 ], [ 34.721586026227904, 2.52413771184916 ], [ 34.715282612233509, 2.51691163025987 ], [ 34.690100959041438, 2.512423096364569 ] ], [ [ 33.741959676732506, 3.467695768502685 ], [ 33.740164837572479, 3.474934160550843 ], [ 33.721273460543067, 3.493041359365044 ], [ 33.720383561290447, 3.506611435753686 ], [ 33.714989462514424, 3.516566484490156 ], [ 33.703290450925628, 3.52290781239955 ], [ 33.697895416046158, 3.531958184982391 ], [ 33.693391869504829, 3.529247677647506 ], [ 33.68619540861242, 3.537394725270501 ], [ 33.668192340968702, 3.541931093969803 ], [ 33.660995545629817, 3.550078004352562 ], [ 33.656493890071943, 3.550081224647219 ], [ 33.641177026189027, 3.533808495039005 ], [ 33.645672994893545, 3.525663612074211 ], [ 33.653774514256064, 3.523848658702001 ], [ 33.658269061957618, 3.513894467952148 ], [ 33.659156062565103, 3.494896450207947 ], [ 33.653747512893887, 3.484949218727692 ], [ 33.649242445333506, 3.479524508942921 ], [ 33.636636896236283, 3.476819209660484 ], [ 33.627627670239818, 3.466874185217356 ], [ 33.604215774578051, 3.458747647575863 ], [ 33.602402740526301, 3.438846537607249 ], [ 33.587099832635431, 3.44066541538776 ], [ 33.587097066304032, 3.436142160997044 ], [ 33.581695106655701, 3.435240827532844 ], [ 33.574496470692743, 3.440673120634112 ], [ 33.569990967669945, 3.433438602798424 ], [ 33.562790671910314, 3.436156852034883 ], [ 33.559182881484816, 3.42439845455571 ], [ 33.560979655765884, 3.418064810540636 ], [ 33.554679137000363, 3.419877799289856 ], [ 33.551076171787351, 3.416261254516809 ], [ 33.551974327536342, 3.412642108059218 ], [ 33.558276375562706, 3.413543111624516 ], [ 33.56007105664095, 3.403590847029724 ], [ 33.555567421417635, 3.399070178712829 ], [ 33.555557612974752, 3.381881699890883 ], [ 33.550154944913672, 3.379170816252989 ], [ 33.548350004205446, 3.371029915096412 ], [ 33.551951745305651, 3.372837187281427 ], [ 33.556451623281994, 3.371025299144746 ], [ 33.543842078978535, 3.358367223597365 ], [ 33.530339520196428, 3.358374675584785 ], [ 33.519541760574604, 3.366522466374831 ], [ 33.50693921928449, 3.366529128835049 ], [ 33.486243085586061, 3.382823726865476 ], [ 33.471840303797379, 3.383735536971487 ], [ 33.469141435479798, 3.387355529034384 ], [ 33.451137278695661, 3.387364114864127 ], [ 33.43312946234547, 3.379230301430266 ], [ 33.437621992104901, 3.360230133615926 ], [ 33.446622609946331, 3.35751202424152 ], [ 33.445708547425163, 3.326753557038018 ], [ 33.442107123948112, 3.32494583667038 ], [ 33.442103904639701, 3.3177084465672 ], [ 33.454698931591132, 3.30232327919119 ], [ 33.453788976627976, 3.280611543830849 ], [ 33.445681172011554, 3.265235739803569 ], [ 33.45017965228714, 3.260710356416431 ], [ 33.4501744322843, 3.248949594789933 ], [ 33.442067389534309, 3.23447838449425 ], [ 33.458260163883239, 3.215473022292897 ], [ 33.458250505681008, 3.193760849920422 ], [ 33.462747844035356, 3.18742610975578 ], [ 33.473550244844631, 3.191944538284084 ], [ 33.483457358126799, 3.206414641080581 ], [ 33.474468649874524, 3.231749672998899 ], [ 33.483483062691157, 3.260694843478533 ], [ 33.496089194303686, 3.270640030402198 ], [ 33.496091419066218, 3.275163368496793 ], [ 33.507792268199417, 3.274252816168123 ], [ 33.530286626823248, 3.258861845124336 ], [ 33.569889586791028, 3.257935462684704 ], [ 33.588784308378891, 3.246164042838346 ], [ 33.611283083014634, 3.241627378209046 ], [ 33.618478569922019, 3.233481142184775 ], [ 33.631079189931476, 3.233473352036775 ], [ 33.647274786362892, 3.225321305516886 ], [ 33.669774972439463, 3.224402039776463 ], [ 33.672472681041079, 3.220781691941635 ], [ 33.681472918425492, 3.220775686373829 ], [ 33.687778544654257, 3.228913168003281 ], [ 33.74448067190113, 3.229777669566877 ], [ 33.759792416872976, 3.24514487447126 ], [ 33.765193266783044, 3.246045406319766 ], [ 33.775114339069788, 3.273176391959506 ], [ 33.786824169944275, 3.284927244168411 ], [ 33.788629260698627, 3.291258125243078 ], [ 33.794930418984841, 3.292157714751467 ], [ 33.800349635006349, 3.315673296126802 ], [ 33.80845257984722, 3.318380515666655 ], [ 33.792277104097607, 3.350959770799113 ], [ 33.791388640323355, 3.365434314736998 ], [ 33.786894525481273, 3.373579498887556 ], [ 33.773403167464544, 3.387159624152305 ], [ 33.762604843745386, 3.391691316391444 ], [ 33.758128817038539, 3.423356552002488 ], [ 33.750032724526683, 3.430599917812836 ], [ 33.750049703097112, 3.452310812160766 ], [ 33.746450941315537, 3.455027521265011 ], [ 33.745559911451977, 3.466788306180415 ], [ 33.741959676732506, 3.467695768502685 ] ], [ [ 34.030849811218467, 4.160305552460934 ], [ 34.025462064980047, 4.173880681676019 ], [ 34.029070389628103, 4.177494104931967 ], [ 34.020067158263288, 4.182028583026791 ], [ 34.015562584263165, 4.182034442643612 ], [ 34.021854941992586, 4.171171771804602 ], [ 34.018249005985083, 4.169367378610105 ], [ 34.02004614304736, 4.16574688252471 ], [ 34.009238837161661, 4.168474473642081 ], [ 34.016455346055977, 4.175701494066021 ], [ 34.007452024874368, 4.180235840041223 ], [ 34.000242398956658, 4.17843599415218 ], [ 34.004738921227634, 4.172098425380733 ], [ 34.003827688040786, 4.16395868653705 ], [ 33.999311796304006, 4.154918977228231 ], [ 33.992102415384792, 4.153118995315404 ], [ 33.98758561012064, 4.143174620609184 ], [ 33.987560985817616, 4.123274544954086 ], [ 33.977639404591635, 4.113336744378015 ], [ 33.987536481087027, 4.103374459197644 ], [ 34.008251066320327, 4.099730353070822 ], [ 34.012763160869135, 4.106056447986232 ], [ 34.018166991537321, 4.105145018883925 ], [ 34.018175020411945, 4.111476805514005 ], [ 34.026281366435228, 4.110561852282145 ], [ 34.02808650640543, 4.113273141372224 ], [ 34.020891353094925, 4.122327822958561 ], [ 34.026298746613868, 4.124129928880499 ], [ 34.027194948789734, 4.12051061073501 ], [ 34.033500839349784, 4.120502428215644 ], [ 34.032607003457841, 4.125930819233164 ], [ 34.025402540142679, 4.127749247720706 ], [ 34.024506329365664, 4.131368567252665 ], [ 34.033517212714408, 4.133165934480665 ], [ 34.032611678519395, 4.129548964829318 ], [ 34.035314230503261, 4.129545438025751 ], [ 34.041633166084004, 4.139487043139243 ], [ 34.032628073784245, 4.142212471776798 ], [ 34.036236243133182, 4.145825892800822 ], [ 34.033541867781459, 4.152161186175728 ], [ 34.020934225305538, 4.155795783433619 ], [ 34.030849811218467, 4.160305552460934 ] ], [ [ 34.029957155927605, 4.166638487116573 ], [ 34.03175776433104, 4.165731586195113 ], [ 34.031758943047606, 4.166636121958851 ], [ 34.029957155927605, 4.166638487116573 ] ] ], [ [ [ 34.087886083223346, 3.680829835068177 ], [ 34.086986823351829, 3.681735467348644 ], [ 34.087887180981419, 3.681734364823354 ], [ 34.087886083223346, 3.680829835068177 ] ] ], [ [ [ 34.179780882087151, 3.725937634285539 ], [ 34.177082165578568, 3.727750263168347 ], [ 34.179783292586137, 3.727746634124962 ], [ 34.179780882087151, 3.725937634285539 ] ] ] ] } },
{ "type": "Feature", "properties": { "derived_name": "SSWL", "base_ecoregion": "SSWL", "area_km2": 54627.1, "elev_mean_m": 1286.0, "annual_precip_mm": 1065.0, "color": "#B8985F", "pct_of_uganda": 22.7 }, "geometry": { "type": "MultiPolygon", "coordinates": [ [ [ [ 30.175193895035161, -1.230540584858054 ], [ 30.174298016194019, -1.228732387704439 ], [ 30.17519579631626, -1.228733343976584 ], [ 30.175193895035161, -1.230540584858054 ] ] ], [ [ [ 30.186011091952249, -1.188081489515445 ], [ 30.185115145942596, -1.186273311450074 ], [ 30.18601292053993, -1.186274231151134 ], [ 30.186011091952249, -1.188081489515445 ] ] ], [ [ [ 30.1842173720419, -1.186272391456583 ], [ 30.185116972325247, -1.184466054460777 ], [ 30.185115145942596, -1.186273311450074 ], [ 30.1842173720419, -1.186272391456583 ] ] ], [ [ [ 30.443822481194527, -1.047337572493709 ], [ 30.442925290646418, -1.046433013419466 ], [ 30.443823213604396, -1.046433750451462 ], [ 30.443822481194527, -1.047337572493709 ] ] ], [ [ [ 30.180329333343913, -0.014263356853973 ], [ 30.183919413412013, -0.027817872684171 ], [ 30.177635749401045, -0.046793878375786 ], [ 30.184815953884325, -0.056734122504998 ], [ 30.174942054851329, -0.06667350610267 ], [ 30.169556764327716, -0.063962333930243 ], [ 30.163273679796387, -0.065769214904727 ], [ 30.165966722908284, -0.059444047503521 ], [ 30.162377773516894, -0.0214920509391 ], [ 30.167763319825863, -0.011552345048924 ], [ 30.173148696804347, -0.016070514121456 ], [ 30.180329333343913, -0.014263356853973 ] ] ], [ [ [ 29.738808494310977, -0.035935632739105 ], [ 29.737911316605373, -0.035032344923636 ], [ 29.738808525972846, -0.035032376397496 ], [ 29.738808494310977, -0.035935632739105 ] ] ], [ [ [ 29.725351078632762, -0.000708625745761 ], [ 29.72624827675779, 0.000194618579487 ], [ 29.726248276527588, -0.000708626384856 ], [ 29.725351078632762, -0.000708625745761 ] ] ], [ [ [ 29.719967461362305, 0.030001512810662 ], [ 29.719070241678164, 0.030904724139315 ], [ 29.719967434032593, 0.030904752065044 ], [ 29.719967461362305, 0.030001512810662 ] ] ], [ [ [ 29.811483954282505, 0.060717164509131 ], [ 29.812381175988406, 0.061620539950308 ], [ 29.81238122933846, 0.060717217829595 ], [ 29.811483954282505, 0.060717164509131 ] ] ], [ [ [ 30.141565801184118, 0.623677204602626 ], [ 30.142462426633628, 0.625484891121738 ], [ 30.142463403440654, 0.623677695633619 ], [ 30.141565801184118, 0.623677204602626 ] ] ], [ [ [ 29.965561684669392, 0.761806304612569 ], [ 29.966458537311862, 0.762710394732181 ], [ 29.966459170067647, 0.761806941291986 ], [ 29.965561684669392, 0.761806304612569 ] ] ], [ [ [ 30.009472608297788, 0.853089690542212 ], [ 30.008574368470835, 0.853992475896629 ], [ 30.009471909794676, 0.85399317950561 ], [ 30.009472608297788, 0.853089690542212 ] ] ], [ [ [ 30.109972166893431, 0.8920206272625 ], [ 30.109073122287807, 0.893827057008847 ], [ 30.109970754491211, 0.893827768711501 ], [ 30.109972166893431, 0.8920206272625 ] ] ], [ [ [ 30.226582591482046, 1.002357860924941 ], [ 30.224786328226575, 1.003259989153635 ], [ 30.226581830334499, 1.003261522655587 ], [ 30.226582591482046, 1.002357860924941 ] ] ], [ [ [ 30.485943782071068, 1.145377400424325 ], [ 30.487742107571304, 1.14266742946043 ], [ 30.486844125315077, 1.142666638474041 ], [ 30.485943782071068, 1.145377400424325 ] ] ], [ [ [ 30.485942993623066, 1.146281251484678 ], [ 30.485045800217957, 1.145376606995196 ], [ 30.485045011489053, 1.146280457429269 ], [ 30.485942993623066, 1.146281251484678 ] ] ], [ [ [ 30.493967474802183, 1.210462193707452 ], [ 30.495770110776196, 1.203233004474093 ], [ 30.485888749835059, 1.206839257997596 ], [ 30.473318454097789, 1.205019842973533 ], [ 30.457170512714306, 1.187831916358648 ], [ 30.460765717190558, 1.184219909778276 ], [ 30.467050749773971, 1.185129538971732 ], [ 30.465265423422618, 1.173378011695626 ], [ 30.483225080659786, 1.17339434095705 ], [ 30.483238731614819, 1.158028907248462 ], [ 30.487730251963324, 1.156225213766743 ], [ 30.484147029977617, 1.146279663091016 ], [ 30.47336094261864, 1.158020057935557 ], [ 30.458095417683023, 1.158006313720956 ], [ 30.450895419478449, 1.176076343705573 ], [ 30.449082937290409, 1.19415118977374 ], [ 30.456265068968957, 1.195965553652864 ], [ 30.468823479461268, 1.210438677453731 ], [ 30.476905424619996, 1.210446261786547 ], [ 30.484081051786248, 1.219491476241539 ], [ 30.493967474802183, 1.210462193707452 ] ], [ [ 30.465265423422618, 1.173378011695626 ], [ 30.464368261154558, 1.172473356415006 ], [ 30.46526623715506, 1.172474175286633 ], [ 30.465265423422618, 1.173378011695626 ] ], [ [ 30.482336749959579, 1.162547346458952 ], [ 30.481437963524755, 1.163450387789746 ], [ 30.481438765223192, 1.162546539983028 ], [ 30.482336749959579, 1.162547346458952 ] ] ], [ [ [ 30.561593868983092, -0.850380878056052 ], [ 30.560696482919468, -0.849476402629468 ], [ 30.561594436199762, -0.849476973406384 ], [ 30.561593868983092, -0.850380878056052 ] ] ], [ [ [ 30.916383643564327, -0.744807250587633 ], [ 30.918179098666613, -0.746616362718479 ], [ 30.916381940375615, -0.748423761051353 ], [ 30.916383643564327, -0.744807250587633 ] ] ], [ [ [ 32.036775928129487, -0.302846952941918 ], [ 32.035877448681369, -0.301942270346086 ], [ 32.036776007863324, -0.301942350533458 ], [ 32.036775928129487, -0.302846952941918 ] ] ], [ [ [ 29.774296529592277, -0.906706271526572 ], [ 29.759035997149173, -0.91301545012816 ], [ 29.758131334971999, -0.921144078048027 ], [ 29.73929142708533, -0.916610482718931 ], [ 29.724918591870239, -0.933758868832995 ], [ 29.715948827547027, -0.930137501289377 ], [ 29.703384096249863, -0.932835365151359 ], [ 29.704275483804, -0.939158769818373 ], [ 29.698890860815126, -0.940056868077663 ], [ 29.700679488750549, -0.946381111573001 ], [ 29.69260385116263, -0.946373361956418 ], [ 29.690798931997531, -0.957210158649877 ], [ 29.682715497393247, -0.965331120690335 ], [ 29.679127239580016, -0.96442439143455 ], [ 29.680925301725463, -0.960813351315079 ], [ 29.676439773013193, -0.959905759716363 ], [ 29.676444127508084, -0.955389775330068 ], [ 29.669265067044648, -0.956285961458732 ], [ 29.670158846269388, -0.959899602948746 ], [ 29.662084304610637, -0.958988486494868 ], [ 29.663874448317177, -0.963506175621715 ], [ 29.670157095431421, -0.961705985076049 ], [ 29.667459121800796, -0.968025657809306 ], [ 29.67194813308403, -0.965320519460114 ], [ 29.672841887030415, -0.96893417823781 ], [ 29.662971887700252, -0.968924396534104 ], [ 29.665656597325935, -0.976152561893433 ], [ 29.660272977121505, -0.976147178698504 ], [ 29.661174693779294, -0.971632163069009 ], [ 29.651303022415455, -0.973428666909525 ], [ 29.647720224687646, -0.967102882150559 ], [ 29.652211803608012, -0.961688297321071 ], [ 29.641442132297719, -0.964387132515201 ], [ 29.641436799823659, -0.969806118905384 ], [ 29.633354423349729, -0.977023289859048 ], [ 29.637809607495168, -1.007735287049124 ], [ 29.633324269157917, -1.006827461332729 ], [ 29.635113195658718, -1.012248277678025 ], [ 29.627033261216731, -1.016755577898085 ], [ 29.614471873687027, -1.016742329440723 ], [ 29.604612666994342, -1.006797459240312 ], [ 29.599244219002898, -0.992341810871514 ], [ 29.595653514420658, -0.99414433366692 ], [ 29.601054219162869, -0.976990519530902 ], [ 29.592984787351213, -0.971563564854013 ], [ 29.594787309760868, -0.963437301968198 ], [ 29.586733865349874, -0.941754445638657 ], [ 29.593026425786348, -0.929116969296431 ], [ 29.590341758390476, -0.921889419415513 ], [ 29.582271395382012, -0.917366073202951 ], [ 29.581386992308268, -0.903818585691458 ], [ 29.586773431124751, -0.900211234116799 ], [ 29.63701681929501, -0.900258278539002 ], [ 29.629852207794428, -0.885801137032431 ], [ 29.626285916566726, -0.86050962620303 ], [ 29.634381138462793, -0.837034695659515 ], [ 29.639769012427518, -0.831620366529268 ], [ 29.639780388070427, -0.818072913279432 ], [ 29.631715261387793, -0.806325061805118 ], [ 29.631725583484361, -0.793680875741107 ], [ 29.62724033920987, -0.792774039699478 ], [ 29.630844994412747, -0.772907565241438 ], [ 29.630876213829428, -0.73226556563086 ], [ 29.624604002711862, -0.721423007006048 ], [ 29.627298190344334, -0.717812408920374 ], [ 29.626410857978943, -0.704264468764091 ], [ 29.634491903366705, -0.695238759907253 ], [ 29.636300140856573, -0.675370509035553 ], [ 29.639889479957784, -0.67446984630219 ], [ 29.651565699213609, -0.655511268588086 ], [ 29.651575789125825, -0.640157289499879 ], [ 29.663249091237553, -0.624810787503395 ], [ 29.656973863979871, -0.616678140912821 ], [ 29.650705261723832, -0.597707496338856 ], [ 29.668652778255623, -0.591396156215261 ], [ 29.673146211485943, -0.578754131812325 ], [ 29.683022684940969, -0.566115093147517 ], [ 29.683025752889669, -0.560695865605094 ], [ 29.677644082577334, -0.557983190553953 ], [ 29.676749413114322, -0.553466685688065 ], [ 29.668674187358981, -0.554365311976207 ], [ 29.667783005984568, -0.54352651626251 ], [ 29.673169085745691, -0.538110333558841 ], [ 29.671381489166297, -0.525464631735469 ], [ 29.674074481361195, -0.522756487058334 ], [ 29.669600658635016, -0.499271089406717 ], [ 29.675883652841588, -0.493855103112886 ], [ 29.670511114124267, -0.472175749015873 ], [ 29.653467462407221, -0.466748435317395 ], [ 29.653468740791773, -0.46403890263286 ], [ 29.680390177054324, -0.450503646435655 ], [ 29.702820444037183, -0.449610686835065 ], [ 29.727947654355056, -0.437879879283116 ], [ 29.729740533995333, -0.441493658774022 ], [ 29.738714031689259, -0.438787863074618 ], [ 29.751280032436632, -0.427954165885929 ], [ 29.751283049985556, -0.420728029028931 ], [ 29.755771878732073, -0.41440701204451 ], [ 29.78359374056387, -0.397255816951487 ], [ 29.798847113601937, -0.398165095781426 ], [ 29.815003144490319, -0.385524863219675 ], [ 29.832063460637002, -0.353011065067399 ], [ 29.841037804983731, -0.349400753177196 ], [ 29.855399392069565, -0.33585521309674 ], [ 29.863475948480083, -0.334051094788943 ], [ 29.866170781486588, -0.325018270487512 ], [ 29.860787612731258, -0.322306492699495 ], [ 29.858994327130574, -0.317789121367171 ], [ 29.862583922922191, -0.316886854692164 ], [ 29.862585273404761, -0.312370025255627 ], [ 29.858996219960506, -0.311465582029085 ], [ 29.87335748928357, -0.297919255109583 ], [ 29.889519484609959, -0.26088490154759 ], [ 29.889521880511875, -0.250947619079815 ], [ 29.880553917025747, -0.226554162874677 ], [ 29.882351413097187, -0.213003804563788 ], [ 29.888633365633467, -0.210294917948346 ], [ 29.885946043235727, -0.184999560582789 ], [ 29.888638700869098, -0.18138648189167 ], [ 29.892227308498683, -0.185904062060783 ], [ 29.896714687754514, -0.18229127482997 ], [ 29.908384748662591, -0.154287722039838 ], [ 29.905694059135673, -0.144349890843189 ], [ 29.892233767599862, -0.144348041242682 ], [ 29.881465033299126, -0.148863468200037 ], [ 29.878773648910762, -0.144346183645473 ], [ 29.866211637239548, -0.139827596382317 ], [ 29.859929774548217, -0.144343569575901 ], [ 29.864415234374938, -0.152474502626007 ], [ 29.85274803843296, -0.166023150178693 ], [ 29.840184546710994, -0.173247903293191 ], [ 29.830314407235583, -0.172342904108522 ], [ 29.824034679739871, -0.164211858725497 ], [ 29.817753961604996, -0.162404198509069 ], [ 29.81506401963307, -0.1497572291817 ], [ 29.818653534860751, -0.147047771596002 ], [ 29.818654895285203, -0.137111167830268 ], [ 29.807889688794194, -0.119946679434854 ], [ 29.803403438394653, -0.119042837582238 ], [ 29.784559650408049, -0.129880198558773 ], [ 29.765721138809603, -0.097359676100565 ], [ 29.76213229119211, -0.096456051623835 ], [ 29.759442218934279, -0.077487020017825 ], [ 29.754956084471967, -0.077486673946696 ], [ 29.75495641843855, -0.072970319463595 ], [ 29.743292228771907, -0.077485771930796 ], [ 29.728039768671987, -0.076581340935551 ], [ 29.725349219678058, -0.061225983505794 ], [ 29.729835432436641, -0.057613266610316 ], [ 29.729836265988784, -0.040451550567075 ], [ 29.731630809348374, -0.036838624051728 ], [ 29.737911219175203, -0.037742111513319 ], [ 29.744192023006804, -0.027806475404961 ], [ 29.740603361837533, -0.019677053905385 ], [ 29.734322902707273, -0.019676930123631 ], [ 29.731631353389453, -0.016063877616278 ], [ 29.731631456653794, -0.007031379146995 ], [ 29.727145474192501, -0.00161187280251 ], [ 29.728042614663497, 0.011033578043725 ], [ 29.725351008212552, 0.011936792348397 ], [ 29.727145257517087, 0.020969271655027 ], [ 29.721762037840794, 0.022775639913321 ], [ 29.720864509804763, 0.034517740262656 ], [ 29.71727574188121, 0.034517615483988 ], [ 29.719966926815008, 0.044453340856347 ], [ 29.716377673303796, 0.054388775935579 ], [ 29.720863378259441, 0.058905222048672 ], [ 29.718170648826998, 0.076066576959216 ], [ 29.72893680078414, 0.078777142924196 ], [ 29.735216408653965, 0.0887134231387 ], [ 29.73431706677998, 0.110391397445124 ], [ 29.739699299591898, 0.119424563907385 ], [ 29.736109690377276, 0.125746911709897 ], [ 29.749567235409657, 0.131168200084394 ], [ 29.755846601810294, 0.140201738003533 ], [ 29.76302407162925, 0.142912573509354 ], [ 29.751361445406591, 0.132974970154666 ], [ 29.74777392083335, 0.12213532116911 ], [ 29.757642834020036, 0.12665288932207 ], [ 29.758541146294167, 0.117620261474243 ], [ 29.754952236088993, 0.117619841164868 ], [ 29.754952748222241, 0.113103486804122 ], [ 29.758542434716407, 0.105877698141099 ], [ 29.76213135631895, 0.105878076072104 ], [ 29.763029486447994, 0.096845389095728 ], [ 29.76931046995394, 0.093232857863427 ], [ 29.775590560594146, 0.099556463854454 ], [ 29.773795346018421, 0.106782589253531 ], [ 29.777384132139691, 0.108589550607959 ], [ 29.778282382953631, 0.098653437215166 ], [ 29.773796752109256, 0.092329984625365 ], [ 29.780974874837902, 0.090524051888224 ], [ 29.779180918647572, 0.084200843046419 ], [ 29.784564486300805, 0.083297993470828 ], [ 29.78456470257634, 0.080588101222106 ], [ 29.781872808744392, 0.082394477030821 ], [ 29.775592772619536, 0.073361071198631 ], [ 29.79622976572503, 0.070652641639076 ], [ 29.805201831546743, 0.07878310613948 ], [ 29.812380012644333, 0.07878366017057 ], [ 29.807895067751375, 0.057103678465973 ], [ 29.809689406535053, 0.060717057823367 ], [ 29.812381484270865, 0.056200607220898 ], [ 29.81866222923685, 0.059814262986606 ], [ 29.816867919561524, 0.055297527698009 ], [ 29.822251795560856, 0.051684495029105 ], [ 29.822252010435751, 0.047167840848033 ], [ 29.82673848033636, 0.046264712353993 ], [ 29.827635601641333, 0.049878095096247 ], [ 29.833019390473204, 0.048975016084113 ], [ 29.834813710144505, 0.054395152811786 ], [ 29.840197586587205, 0.052588743917714 ], [ 29.842889100631911, 0.059815672872513 ], [ 29.841094284956164, 0.063428958356639 ], [ 29.833915849870959, 0.064331857405604 ], [ 29.836607388288325, 0.06975208636768 ], [ 29.833017355444781, 0.0814952669852 ], [ 29.829428186060895, 0.081494982446945 ], [ 29.831222255388425, 0.087818495777109 ], [ 29.841093307840218, 0.07788251650313 ], [ 29.841991061056056, 0.071559147085388 ], [ 29.851861606404931, 0.068849760363437 ], [ 29.853655663100799, 0.076980105035871 ], [ 29.860834115545114, 0.077884002796399 ], [ 29.854552199430724, 0.086917122333812 ], [ 29.866217622829332, 0.083304622348661 ], [ 29.868908601406627, 0.095048669253393 ], [ 29.876984561058073, 0.095049406119342 ], [ 29.878778811737039, 0.099566470550019 ], [ 29.874290979146949, 0.111309934069978 ], [ 29.881469742161283, 0.110407317402545 ], [ 29.883264130990913, 0.113117659214746 ], [ 29.885059188486707, 0.109504310951559 ], [ 29.881470203574047, 0.10589040485204 ], [ 29.885059555653797, 0.105890768500318 ], [ 29.89044305245379, 0.111311654745271 ], [ 29.890442470368296, 0.116731996277041 ], [ 29.896723900708359, 0.116732695498273 ], [ 29.897619343083417, 0.132993931020894 ], [ 29.899414601578723, 0.128477168420479 ], [ 29.906592780385587, 0.133898470078022 ], [ 29.906593554996199, 0.127574641132303 ], [ 29.910182668746963, 0.130285297362403 ], [ 29.915567179806125, 0.127575726659522 ], [ 29.919156325027867, 0.13028640466754 ], [ 29.921848975934484, 0.125769650273107 ], [ 29.926335630203329, 0.12757702514552 ], [ 29.928129725514733, 0.132997776402242 ], [ 29.920948842482307, 0.147451537661368 ], [ 29.923640202322016, 0.152872424918184 ], [ 29.919152819708636, 0.156485436176953 ], [ 29.925434693327844, 0.154679524404971 ], [ 29.928126164301293, 0.159197029861493 ], [ 29.935306761451059, 0.14835696269178 ], [ 29.935305214000824, 0.159198106308001 ], [ 29.939792409789529, 0.15739191293097 ], [ 29.944278419301973, 0.163716629552619 ], [ 29.944280007561861, 0.15287539459914 ], [ 29.94787033223183, 0.14745527326745 ], [ 29.951459792256674, 0.148359211211885 ], [ 29.951460992128872, 0.139324787846181 ], [ 29.954153186648146, 0.139325138697815 ], [ 29.955049633577609, 0.146552818542883 ], [ 29.959536150944675, 0.15016722933446 ], [ 29.956843563091486, 0.152877192480352 ], [ 29.959535387823415, 0.155587924218816 ], [ 29.957739520185314, 0.162815244533599 ], [ 29.960431733390063, 0.162815653695398 ], [ 29.964916949215354, 0.174561232507617 ], [ 29.967611136370422, 0.161913287089973 ], [ 29.971200788339559, 0.161913827777503 ], [ 29.966716965841925, 0.138423316715559 ], [ 29.967614829432168, 0.134809608508587 ], [ 29.973896382372896, 0.137520779695221 ], [ 29.971204588396958, 0.133906599704362 ], [ 29.974794899471593, 0.128486274347534 ], [ 29.964026171320118, 0.126678081268933 ], [ 29.964026789218, 0.121257363549424 ], [ 29.964924495256636, 0.118547103809015 ], [ 29.974795925662093, 0.11945165430591 ], [ 29.974796785290387, 0.111320496210306 ], [ 29.982873647591255, 0.11041786124607 ], [ 29.987360113037699, 0.11674262748208 ], [ 29.983770317363184, 0.117645709240964 ], [ 29.982871780960416, 0.127583767972292 ], [ 29.979281775766154, 0.130293740849969 ], [ 29.978381555596762, 0.151976792404433 ], [ 29.982868157343578, 0.15559129942226 ], [ 29.983763290862019, 0.17095040999316 ], [ 29.9873529982595, 0.170950977819053 ], [ 29.992738817634599, 0.162820535486744 ], [ 29.998122747642839, 0.16733875140229 ], [ 30.002610079270021, 0.166435957581148 ], [ 30.016073604200301, 0.153789065179747 ], [ 30.024150570195424, 0.154693704422411 ], [ 30.025944588371377, 0.161018489673565 ], [ 30.035815757487175, 0.167344526941899 ], [ 30.032223770074832, 0.180896625339944 ], [ 30.02414733514242, 0.176377777377288 ], [ 29.998120002086019, 0.184504899059572 ], [ 30.002606279620778, 0.189926572415085 ], [ 30.006196516564014, 0.187216734862554 ], [ 30.006195897173075, 0.190830687485975 ], [ 29.999015568854695, 0.195346837850371 ], [ 29.998116151071333, 0.206188453451035 ], [ 29.986448992664137, 0.208896647653972 ], [ 29.992730148945938, 0.213415244930705 ], [ 30.000807094157594, 0.213416833978119 ], [ 30.00080656538557, 0.216127284923606 ], [ 29.987343755727743, 0.22244890742243 ], [ 29.986445398551115, 0.22696608109878 ], [ 29.99093237367202, 0.227870497884783 ], [ 29.986444643967591, 0.230579967727245 ], [ 29.993624114481136, 0.230581497236049 ], [ 29.992726297094233, 0.232388260042065 ], [ 29.993623156767409, 0.235098885457524 ], [ 29.997213295865542, 0.233292702537819 ], [ 29.997214990974129, 0.225161376771364 ], [ 30.006189237494649, 0.226066724607835 ], [ 30.009781197435295, 0.215225576797561 ], [ 30.020551680618684, 0.209806700306078 ], [ 30.021449479259612, 0.207999870949599 ], [ 30.019655069533986, 0.205289031655387 ], [ 30.020553025445672, 0.202578700081256 ], [ 30.030424268519347, 0.207098066888435 ], [ 30.025936097406301, 0.211614741519719 ], [ 30.030421120495291, 0.223361213766311 ], [ 30.023240861828448, 0.226070256928466 ], [ 30.026828643771502, 0.236009554988738 ], [ 30.028624712332498, 0.230588901536898 ], [ 30.03311148464508, 0.233300375616859 ], [ 30.034010445759979, 0.226072477509651 ], [ 30.040292013620761, 0.229687834182158 ], [ 30.043883202459142, 0.223363948371464 ], [ 30.045676504461223, 0.231495998133077 ], [ 30.048370599694145, 0.223364857155202 ], [ 30.051960710440909, 0.222462057367532 ], [ 30.050164283761699, 0.229689890741005 ], [ 30.052856177425902, 0.232401030071242 ], [ 30.061831625861707, 0.229692312392085 ], [ 30.06631854141699, 0.232403853823511 ], [ 30.059135309190935, 0.247762387685676 ], [ 30.064520865476901, 0.245052982800921 ], [ 30.077982394491062, 0.249573683347449 ], [ 30.079778201705903, 0.245959891304214 ], [ 30.079777209969428, 0.250477633439671 ], [ 30.084264158299632, 0.253189296324198 ], [ 30.075289676908277, 0.250476625171483 ], [ 30.065416764131363, 0.252281475077986 ], [ 30.063619917888118, 0.260412884708115 ], [ 30.056442033680213, 0.251375903046494 ], [ 30.05285208097666, 0.251375087204988 ], [ 30.051955599418356, 0.246857254162218 ], [ 30.046569691807647, 0.251373657098064 ], [ 30.049259651811322, 0.262216553224738 ], [ 30.052850017343307, 0.260410352289746 ], [ 30.058232386663043, 0.271253990329092 ], [ 30.062720509014056, 0.268544484977886 ], [ 30.065411693142465, 0.273966356949545 ], [ 30.069002998303354, 0.268546004415302 ], [ 30.073490512398028, 0.268547087742827 ], [ 30.076179499309657, 0.283004464508993 ], [ 30.084257099467568, 0.283006513198379 ], [ 30.085152320866634, 0.292042267669129 ], [ 30.080664282845245, 0.293848192406004 ], [ 30.065408080298539, 0.2884229443739 ], [ 30.063611678976255, 0.293843689311058 ], [ 30.060021926484346, 0.292939205655278 ], [ 30.059122522077342, 0.300167220911029 ], [ 30.045660896804257, 0.297453003234461 ], [ 30.05463309520184, 0.307394227224376 ], [ 30.063608302359576, 0.306493182366929 ], [ 30.062710060810868, 0.309203537822149 ], [ 30.068991825128837, 0.311915906053988 ], [ 30.074377362642458, 0.310110327863071 ], [ 30.075272608646298, 0.318242479825003 ], [ 30.068091524535781, 0.321854581381688 ], [ 30.067192457520186, 0.327275549943352 ], [ 30.060012709290127, 0.326369899816308 ], [ 30.063599509562366, 0.337213378350119 ], [ 30.053725384068926, 0.342631535305299 ], [ 30.047443214863584, 0.341726064668354 ], [ 30.041158850910637, 0.348048734490936 ], [ 30.058210072608091, 0.35166823203784 ], [ 30.063597041568794, 0.345345194574124 ], [ 30.068082326117995, 0.352574900448348 ], [ 30.061796045935875, 0.36431884222557 ], [ 30.065387229818572, 0.360705874832884 ], [ 30.06987418881512, 0.362514412132644 ], [ 30.079747992969246, 0.358903432645675 ], [ 30.054609095851767, 0.38509761834105 ], [ 30.054602417341275, 0.404071699900768 ], [ 30.062679962379999, 0.404074646589242 ], [ 30.074352714586219, 0.389622188476124 ], [ 30.085125118122324, 0.383301082177896 ], [ 30.093201639314902, 0.386918084558498 ], [ 30.117436452759932, 0.383312101234022 ], [ 30.127308334328209, 0.38692978923008 ], [ 30.129101923316874, 0.391448340399542 ], [ 30.113844122069878, 0.389635912243664 ], [ 30.110251762487575, 0.395959681377404 ], [ 30.108457609452064, 0.393248336918738 ], [ 30.094993591113088, 0.395954308692289 ], [ 30.094991370222203, 0.402279231826324 ], [ 30.101274445114516, 0.401377917420353 ], [ 30.102170705626243, 0.404992502748313 ], [ 30.120122287891103, 0.403191787646757 ], [ 30.12012004626861, 0.409516851773375 ], [ 30.128198390674029, 0.408616184678331 ], [ 30.130889464549284, 0.413135099851275 ], [ 30.140765590195731, 0.405006312487048 ], [ 30.140763996940944, 0.409524297569959 ], [ 30.147942009832455, 0.416755696406429 ], [ 30.142554258036732, 0.42307891875538 ], [ 30.13896495754032, 0.420366799104728 ], [ 30.134475787087332, 0.42397950918153 ], [ 30.13626958963912, 0.42759455197953 ], [ 30.13088317366115, 0.43030329344447 ], [ 30.13357451847784, 0.433918678289863 ], [ 30.129085316367878, 0.437531314421202 ], [ 30.131775245278543, 0.444761070432867 ], [ 30.139853735702971, 0.443860632607258 ], [ 30.136259929713333, 0.452895166286187 ], [ 30.142543663173658, 0.451090467957309 ], [ 30.138951227178755, 0.456510619523963 ], [ 30.137156791801814, 0.454702711609578 ], [ 30.133565787996751, 0.456508458660694 ], [ 30.141643240762622, 0.458318893624213 ], [ 30.14164143948889, 0.462836881547687 ], [ 30.14523139614019, 0.463741938855188 ], [ 30.145220210213843, 0.490849950263721 ], [ 30.137140819970199, 0.493557252942359 ], [ 30.12816075916507, 0.503492808863267 ], [ 30.108413928329615, 0.50438758653827 ], [ 30.107511936517778, 0.514326457313847 ], [ 30.113792410071401, 0.51975077446915 ], [ 30.107507829777372, 0.523362159390249 ], [ 30.118277765923747, 0.525174312029471 ], [ 30.118266324428202, 0.549570938843759 ], [ 30.123648721847665, 0.555898635221328 ], [ 30.120053557826381, 0.565836253582487 ], [ 30.115566580779166, 0.564026854223537 ], [ 30.115564794286531, 0.5676411603051 ], [ 30.127233293971369, 0.567647012096006 ], [ 30.1281277357179, 0.573972566988196 ], [ 30.120044956588828, 0.583004275050185 ], [ 30.130816403919095, 0.582106226492401 ], [ 30.129018013434084, 0.588430416385776 ], [ 30.134403543394722, 0.588433206094859 ], [ 30.13260464745499, 0.595660996999723 ], [ 30.137090265125508, 0.600181315614398 ], [ 30.129905738289146, 0.607406226850013 ], [ 30.137085527686104, 0.609217251091501 ], [ 30.142473016032358, 0.605605739989928 ], [ 30.140671114918494, 0.618255135408794 ], [ 30.147847568297045, 0.6263914446111 ], [ 30.147840654611787, 0.639041872281538 ], [ 30.152328212452314, 0.639947986321522 ], [ 30.153219285472193, 0.651695368615299 ], [ 30.156807720923965, 0.655311847577549 ], [ 30.146929834834005, 0.662535001152108 ], [ 30.142443330183443, 0.659821602684891 ], [ 30.14243970110439, 0.666146785819556 ], [ 30.146027012605693, 0.671570484519886 ], [ 30.149619563318424, 0.667958182187608 ], [ 30.160391006062934, 0.667964464263053 ], [ 30.163978386432241, 0.673388240426048 ], [ 30.163972595275382, 0.683328000317187 ], [ 30.159480718353496, 0.689650605677524 ], [ 30.165763594443586, 0.690557994992356 ], [ 30.161271125098775, 0.697784195807402 ], [ 30.168453272879603, 0.695981319735021 ], [ 30.166654207786383, 0.702305549561638 ], [ 30.172936587002543, 0.704116625466423 ], [ 30.171136372376353, 0.712248108826039 ], [ 30.16574832283392, 0.715859238532552 ], [ 30.16036195300887, 0.716759493341566 ], [ 30.154978945432209, 0.712238089466855 ], [ 30.154079650031832, 0.714948350979416 ], [ 30.163045295816023, 0.732122606319409 ], [ 30.170222442228717, 0.738452512458394 ], [ 30.166625524751698, 0.748389988404118 ], [ 30.174699704788011, 0.755624219555523 ], [ 30.174692643768232, 0.766467691038441 ], [ 30.166609601637045, 0.772787628130036 ], [ 30.167513798608109, 0.762848444693329 ], [ 30.153158007896032, 0.752899234129807 ], [ 30.156750891851864, 0.749287160230358 ], [ 30.144191592083761, 0.737532143194692 ], [ 30.142404915181604, 0.723977022919062 ], [ 30.13522397044872, 0.723972457877589 ], [ 30.138817825551648, 0.71855317486721 ], [ 30.136131129299269, 0.708611958716956 ], [ 30.123566842405886, 0.704989785301788 ], [ 30.128057624527926, 0.700474646201954 ], [ 30.12357070947845, 0.698664708235256 ], [ 30.127165491164252, 0.691438238672956 ], [ 30.11908818502129, 0.689626149131846 ], [ 30.112802846072647, 0.693236609346049 ], [ 30.122685039103217, 0.678785355410416 ], [ 30.133458375281933, 0.675177438068612 ], [ 30.128974582140852, 0.66794607528296 ], [ 30.128979276401566, 0.659813793260879 ], [ 30.124493365038738, 0.656196848632661 ], [ 30.125396085832776, 0.64716152754375 ], [ 30.128987986413886, 0.64445281529277 ], [ 30.125399631988952, 0.640836438763385 ], [ 30.125403642082517, 0.633607765655814 ], [ 30.111038249812463, 0.640828299018253 ], [ 30.094881403741507, 0.641722653146404 ], [ 30.082308801484441, 0.653461591162181 ], [ 30.072435162203771, 0.654359345482528 ], [ 30.066143279401508, 0.669715765004575 ], [ 30.061658757310951, 0.664291860740816 ], [ 30.06256527543983, 0.648932330168991 ], [ 30.05358830692807, 0.651637649506382 ], [ 30.050007004352018, 0.636275637938512 ], [ 30.045518329179142, 0.638080089802939 ], [ 30.041032761759951, 0.634463427681304 ], [ 30.044629468973671, 0.622719749786927 ], [ 30.031165168685739, 0.625422651472074 ], [ 30.032967731584005, 0.611871034279156 ], [ 30.029376190896272, 0.614579551836574 ], [ 30.025789143486602, 0.609156518328571 ], [ 30.023093135859753, 0.615479528873399 ], [ 30.012323125390459, 0.615473461282712 ], [ 30.012329110365847, 0.604631553537606 ], [ 30.004255139809281, 0.598302669437605 ], [ 30.007845583100544, 0.597401154579489 ], [ 30.00784850459797, 0.591980222684666 ], [ 29.992592273098243, 0.590164954748574 ], [ 29.995291424996278, 0.577517725477603 ], [ 29.990800706063471, 0.58383965520988 ], [ 29.986314309236061, 0.582030292070413 ], [ 29.986312383371018, 0.585644175075269 ], [ 29.98182455825409, 0.586545209332988 ], [ 29.976441707879623, 0.582928430849304 ], [ 29.971961098704373, 0.570277579012766 ], [ 29.968367951885575, 0.576599865361598 ], [ 29.971943602776872, 0.602802092612431 ], [ 29.954873411401721, 0.635316504582132 ], [ 29.956657040610569, 0.654289928572106 ], [ 29.962035214447212, 0.665134618188813 ], [ 29.962026271424836, 0.679589819274448 ], [ 29.96740881897853, 0.683207046803596 ], [ 29.971888761302335, 0.694954856254844 ], [ 29.968280026186243, 0.723863102350808 ], [ 29.975450816592932, 0.737419849703858 ], [ 29.974544708302506, 0.750067679626999 ], [ 29.971852241335643, 0.750065803473161 ], [ 29.970949756187473, 0.757292835746837 ], [ 29.96376226714942, 0.76812918881827 ], [ 29.962856420238353, 0.779873400984613 ], [ 29.967339313606654, 0.786200839516007 ], [ 29.965541058311974, 0.790716788359118 ], [ 29.969128399494071, 0.794333252792975 ], [ 29.970908049038634, 0.815114089838305 ], [ 29.978974710242721, 0.829575621907267 ], [ 29.982564759643392, 0.82957838168637 ], [ 29.98435359733466, 0.837710973598145 ], [ 29.990636925285855, 0.836812366354395 ], [ 29.986140988290291, 0.847650530462249 ], [ 30.000503502411959, 0.844951318647833 ], [ 30.000499327793289, 0.850372207886385 ], [ 30.006779288042992, 0.853991068047548 ], [ 30.012170100523477, 0.846767359370996 ], [ 30.014855077083187, 0.856707876989658 ], [ 30.027422196243144, 0.85491071130726 ], [ 30.023824272069771, 0.864846418400033 ], [ 30.033701631815582, 0.859433151205986 ], [ 30.032799166463683, 0.865757006201736 ], [ 30.039083531059742, 0.863954927732608 ], [ 30.047154657536851, 0.872996460636849 ], [ 30.050749185721646, 0.867578162051667 ], [ 30.057926336591141, 0.872101437654418 ], [ 30.057933321610712, 0.863066150051998 ], [ 30.061523661084848, 0.863068946214738 ], [ 30.060621197705341, 0.869392964238824 ], [ 30.069587273112749, 0.882049528078905 ], [ 30.071385291076023, 0.878436793078112 ], [ 30.074972870195083, 0.88205379628959 ], [ 30.080361306538581, 0.878443868952314 ], [ 30.088437679196538, 0.881160879129272 ], [ 30.088432746960169, 0.887485753214944 ], [ 30.096514817295997, 0.882974350853376 ], [ 30.096510594890759, 0.888395710538658 ], [ 30.103691581883069, 0.888401388010291 ], [ 30.103688052182356, 0.892919216487033 ], [ 30.109074535127224, 0.89201991699899 ], [ 30.109977087781676, 0.88569563203337 ], [ 30.116259120132653, 0.887507714088056 ], [ 30.114458926227464, 0.893831323920737 ], [ 30.117151132314607, 0.89473703086855 ], [ 30.124334372229718, 0.892031961582207 ], [ 30.125235516098254, 0.887514753405325 ], [ 30.132413892490025, 0.891134723756737 ], [ 30.131519035600231, 0.887519667913402 ], [ 30.136909096746241, 0.882102318300694 ], [ 30.139602053179274, 0.882104404476347 ], [ 30.13959789746848, 0.88752597081806 ], [ 30.143191290984959, 0.883914377493968 ], [ 30.144983837232605, 0.887530162911349 ], [ 30.155757862313344, 0.884827701979388 ], [ 30.153055844506344, 0.896572486356349 ], [ 30.155746052419413, 0.900189023185883 ], [ 30.15933813732185, 0.898384622822972 ], [ 30.159334636571099, 0.902902672399463 ], [ 30.163825113327778, 0.900195362030014 ], [ 30.163817385215104, 0.910135109686261 ], [ 30.171000950656108, 0.907429934051004 ], [ 30.169199937890706, 0.914657460232622 ], [ 30.172794210586865, 0.9101422093165 ], [ 30.173686952101036, 0.916468265963971 ], [ 30.17009193335149, 0.921887119675284 ], [ 30.177273450573207, 0.921892861791465 ], [ 30.170988191695791, 0.923695076165745 ], [ 30.175475926124072, 0.924602295070552 ], [ 30.170986043156081, 0.92640593302291 ], [ 30.177256886409381, 0.942676210009589 ], [ 30.174561606596221, 0.945384874880587 ], [ 30.183539332814568, 0.944488592819881 ], [ 30.180838905107905, 0.953522658863641 ], [ 30.187127236738196, 0.948106048023328 ], [ 30.189818900445022, 0.949915518078076 ], [ 30.186221457326713, 0.95804525128312 ], [ 30.191609927482652, 0.955338797934804 ], [ 30.189807864092415, 0.963470020730152 ], [ 30.194296436891666, 0.963473747052839 ], [ 30.192495061351707, 0.970701341607268 ], [ 30.198782067052999, 0.967092029216681 ], [ 30.197885828545161, 0.965284003340984 ], [ 30.198785027045194, 0.963477467437934 ], [ 30.202372955434651, 0.96709501240146 ], [ 30.201467042999475, 0.977034334412526 ], [ 30.215832225530178, 0.975239047957333 ], [ 30.212236061954137, 0.981561609723611 ], [ 30.215825509875856, 0.983371930102805 ], [ 30.214924015846179, 0.98788943996097 ], [ 30.220312711634833, 0.985183012187024 ], [ 30.221205946381193, 0.990605712507937 ], [ 30.223902187025825, 0.986993347337033 ], [ 30.227491674527233, 0.988803689631102 ], [ 30.224789370661565, 0.999645347723693 ], [ 30.236460170627002, 0.999655261945224 ], [ 30.239156464392945, 0.996042858299398 ], [ 30.249929625921336, 0.996051931114711 ], [ 30.258013290222006, 0.991540283425441 ], [ 30.258936681514694, 0.959912000906237 ], [ 30.266124545292595, 0.952688254605125 ], [ 30.267030111208793, 0.942748349977754 ], [ 30.275111441161293, 0.94094733045188 ], [ 30.278706030184473, 0.936431644964608 ], [ 30.276017582611914, 0.930103639374375 ], [ 30.283208014171628, 0.919264752640912 ], [ 30.279621023239635, 0.913839783243017 ], [ 30.283214815454659, 0.910227699528211 ], [ 30.283229541664713, 0.890346180909729 ], [ 30.287731461330097, 0.872275332459244 ], [ 30.283249740039423, 0.862331309719882 ], [ 30.286840780962624, 0.862333889574153 ], [ 30.29940567261588, 0.867765198609135 ], [ 30.3002963522631, 0.877706745995104 ], [ 30.307474031882869, 0.884038027049162 ], [ 30.309261078217361, 0.895787762732961 ], [ 30.318233030053566, 0.903927976270481 ], [ 30.324516948287052, 0.904836381750267 ], [ 30.332590534359333, 0.913879797083879 ], [ 30.337966656667241, 0.928343760353658 ], [ 30.341557248137342, 0.929250230478785 ], [ 30.343356256093063, 0.92473284079581 ], [ 30.365781630477521, 0.951862683286823 ], [ 30.374757340152353, 0.955484670904408 ], [ 30.384625467281094, 0.96633761877387 ], [ 30.407071462699779, 0.96725874687342 ], [ 30.414251744356733, 0.970879472318205 ], [ 30.420543074198129, 0.962750054556101 ], [ 30.425032501969156, 0.962753472333346 ], [ 30.467193430540565, 1.016111802672064 ], [ 30.486049423387691, 1.017030488603667 ], [ 30.501305475890742, 1.028792638953213 ], [ 30.51208242022064, 1.0269933792727 ], [ 30.529131975168575, 1.042372694938808 ], [ 30.540791628587264, 1.060459686835952 ], [ 30.547080446545547, 1.05684913488107 ], [ 30.547083279818626, 1.053233559975469 ], [ 30.543492006597916, 1.05232681961072 ], [ 30.543501153090432, 1.040576232253958 ], [ 30.537221522819355, 1.032436312430118 ], [ 30.532757663173768, 0.998085208273127 ], [ 30.541743426810914, 0.989956966262442 ], [ 30.541759237007497, 0.96826359373192 ], [ 30.549846162616152, 0.961038316960243 ], [ 30.557939409512151, 0.944773915963625 ], [ 30.557947567530558, 0.933023193353143 ], [ 30.5543569347568, 0.93121288190693 ], [ 30.557953155552564, 0.924888077196213 ], [ 30.561544420073204, 0.925794468638738 ], [ 30.56333478404159, 0.933930861001562 ], [ 30.583084799853079, 0.94207986641936 ], [ 30.578585422275498, 0.955635461203904 ], [ 30.583072216452628, 0.960158238683297 ], [ 30.58395545065401, 0.98094901727073 ], [ 30.574968270091752, 0.990885518524596 ], [ 30.564191677649262, 0.99178146246953 ], [ 30.560593734784145, 0.99991392738283 ], [ 30.550712514464266, 1.004426002934717 ], [ 30.549810477095708, 1.00984870018169 ], [ 30.557880129332748, 1.02612504807261 ], [ 30.557869773279378, 1.039683565788498 ], [ 30.575834020113568, 1.034274024891745 ], [ 30.57763209664871, 1.031563662352219 ], [ 30.573144102736862, 1.02884848250765 ], [ 30.575842890507317, 1.022523151602259 ], [ 30.589311038302306, 1.025245133875366 ], [ 30.604579425066387, 1.022544875174493 ], [ 30.608167507604506, 1.027971182101386 ], [ 30.618043189092685, 1.031594383840274 ], [ 30.620730557248837, 1.040635845545978 ], [ 30.6243227296669, 1.040638572023841 ], [ 30.640499624340745, 1.024379578698158 ], [ 30.648578134206147, 1.029809330667289 ], [ 30.662050371884845, 1.028011368650226 ], [ 30.6620634128756, 1.009931962140366 ], [ 30.653993110726272, 0.992750758957517 ], [ 30.659384596022953, 0.988234760736628 ], [ 30.678244456137389, 0.987344108649631 ], [ 30.688139860504055, 0.962943381845015 ], [ 30.708799104470593, 0.957533421798774 ], [ 30.712403290771164, 0.939455777636688 ], [ 30.707914695164536, 0.936740813600327 ], [ 30.71331301125333, 0.92137629615213 ], [ 30.72319238551432, 0.92047865766223 ], [ 30.726786978930342, 0.916864916444639 ], [ 30.742054368885224, 0.916874645702563 ], [ 30.733082562031882, 0.902404670288487 ], [ 30.733986762314323, 0.892461047938994 ], [ 30.737580724181196, 0.889751217345042 ], [ 30.73758838279069, 0.877094948180751 ], [ 30.733997720521007, 0.87438070854216 ], [ 30.733104509559539, 0.866244014278595 ], [ 30.742987562048306, 0.85901777092391 ], [ 30.752866928428666, 0.85811960510768 ], [ 30.763650698767865, 0.846373501947297 ], [ 30.780716939241888, 0.841863141539702 ], [ 30.791499149684324, 0.832828774954554 ], [ 30.796885223512085, 0.837352092754535 ], [ 30.829217220855121, 0.837370256634514 ], [ 30.824720602322131, 0.848216626520042 ], [ 30.825613648112419, 0.85725787021712 ], [ 30.832797632661499, 0.859070127721236 ], [ 30.833692182075925, 0.865399189106419 ], [ 30.840876214629084, 0.867211479776781 ], [ 30.842668371281444, 0.874445180758264 ], [ 30.861526293604921, 0.879880617608059 ], [ 30.87589058240172, 0.890738124911125 ], [ 30.886670094504463, 0.888032035611288 ], [ 30.887561542140329, 0.89978598487993 ], [ 30.898339618817715, 0.899792253273643 ], [ 30.914514014482133, 0.8871438337013 ], [ 30.927986305696656, 0.888055589071174 ], [ 30.9360660099873, 0.895293249326531 ], [ 30.942357417300379, 0.888063672765411 ], [ 30.983677530891285, 0.883565774242404 ], [ 30.983679477471529, 0.879949113139542 ], [ 30.998952169055535, 0.874532349519101 ], [ 30.999852307460078, 0.870916134268375 ], [ 30.991768288082245, 0.870911805877392 ], [ 30.990871977988462, 0.867294646458374 ], [ 30.982788967791024, 0.865481987054324 ], [ 30.975615089418582, 0.842874109778428 ], [ 30.982807683136453, 0.829315389166427 ], [ 30.99538081365483, 0.832938510311112 ], [ 31.004367966844455, 0.822997153186639 ], [ 31.000779577403069, 0.813953590461405 ], [ 31.016058893446317, 0.794069144408291 ], [ 31.021456713773528, 0.775988012286654 ], [ 31.036727309867818, 0.774186786084651 ], [ 31.047509340756207, 0.766958190517845 ], [ 31.052896676177131, 0.771481681964687 ], [ 31.058286903510897, 0.769675748437506 ], [ 31.066378698454304, 0.752499435358331 ], [ 31.066383443241509, 0.741648901067631 ], [ 31.080749752618743, 0.754314263966031 ], [ 31.08614080522948, 0.750699767167346 ], [ 31.094221500706485, 0.758841356402428 ], [ 31.106797475837965, 0.757942684139026 ], [ 31.112189379584922, 0.752519640440325 ], [ 31.116688732366523, 0.733532600675454 ], [ 31.132857472694429, 0.733539423019554 ], [ 31.137343535011084, 0.746200787910323 ], [ 31.130155839424294, 0.749814697503476 ], [ 31.12835621362678, 0.757047875501276 ], [ 31.121166939229163, 0.764278666999068 ], [ 31.123860565015704, 0.766992577595948 ], [ 31.121162985482997, 0.773321067691406 ], [ 31.137324742253313, 0.789604714170405 ], [ 31.138220601272025, 0.795030612235494 ], [ 31.149895084241628, 0.802269936039005 ], [ 31.154373339448512, 0.831208203024164 ], [ 31.157964860241876, 0.834826927314684 ], [ 31.154367415770619, 0.84386779987265 ], [ 31.17771620525502, 0.859251455566087 ], [ 31.191193563588499, 0.853832250331029 ], [ 31.187603229201063, 0.847500630417276 ], [ 31.195691459555626, 0.8402702085805 ], [ 31.200189235216811, 0.826708093200149 ], [ 31.211872273552927, 0.815861974055314 ], [ 31.212775749727797, 0.804106651801043 ], [ 31.219064018143644, 0.804109418852992 ], [ 31.222655362561312, 0.808632452524638 ], [ 31.237928952733135, 0.804117661565896 ], [ 31.240616917970868, 0.820396234830035 ], [ 31.224435948101547, 0.844804930690976 ], [ 31.215450527674292, 0.849322225232016 ], [ 31.201076822106689, 0.85021979677783 ], [ 31.195683493922761, 0.857451486440942 ], [ 31.208250313241166, 0.878255964877557 ], [ 31.22441960054627, 0.880072318245482 ], [ 31.229804533260417, 0.890926432044149 ], [ 31.236990493381786, 0.892738497512762 ], [ 31.242367548794746, 0.919870112685358 ], [ 31.242365775032262, 0.923487314637654 ], [ 31.23787350982213, 0.924389373833305 ], [ 31.237869479214467, 0.932528058162637 ], [ 31.240564127133013, 0.933433715015254 ], [ 31.259437857765079, 0.917165609672346 ], [ 31.293576717708575, 0.916277835976961 ], [ 31.298964912627788, 0.920802055162288 ], [ 31.306160092775997, 0.903623210182711 ], [ 31.313350553671327, 0.896391900949969 ], [ 31.320538526268077, 0.894586550864197 ], [ 31.32144141772466, 0.884639243043035 ], [ 31.332232129896685, 0.862035551698738 ], [ 31.328642486388141, 0.852990547026815 ], [ 31.338527877918732, 0.845760083888694 ], [ 31.357394572218247, 0.844863813916741 ], [ 31.358290687044207, 0.850290329275972 ], [ 31.375360391537427, 0.850297599623132 ], [ 31.375361900903815, 0.846680146664347 ], [ 31.387940032676553, 0.845781063704797 ], [ 31.387936657476782, 0.853920383624064 ], [ 31.375354674080221, 0.863863047585989 ], [ 31.374450840825865, 0.876523738936434 ], [ 31.383431504656468, 0.884666954652177 ], [ 31.37983427629025, 0.892804662165606 ], [ 31.37892541872354, 0.916317742422042 ], [ 31.388806111891512, 0.920844075729615 ], [ 31.402282641385202, 0.920850182413869 ], [ 31.405878401906769, 0.916329919600065 ], [ 31.419354630440669, 0.917240314172832 ], [ 31.42294682594018, 0.920859446476451 ], [ 31.452595798786419, 0.920872527954914 ], [ 31.470570817473426, 0.907314266819371 ], [ 31.471479024747193, 0.883800117787161 ], [ 31.478667076681656, 0.882898680614478 ], [ 31.475075803117491, 0.876566351823643 ], [ 31.475085189110075, 0.853051776922238 ], [ 31.471495635006473, 0.842197477965539 ], [ 31.496655465590202, 0.834067585288416 ], [ 31.511031179275946, 0.833168665245686 ], [ 31.543384945471736, 0.808761088290838 ], [ 31.554166627082523, 0.808764969353509 ], [ 31.554164377632301, 0.815096046282856 ], [ 31.570333491353107, 0.825050764729244 ], [ 31.570332196949511, 0.82866854849851 ], [ 31.546071207073037, 0.834086276660353 ], [ 31.54067800407401, 0.840415306008711 ], [ 31.545168043480086, 0.846748043754715 ], [ 31.550542039948279, 0.891067531069218 ], [ 31.564914458515798, 0.900117631862231 ], [ 31.58648170755567, 0.891986042684114 ], [ 31.591868608288227, 0.902841572323397 ], [ 31.604447470020915, 0.903750913886232 ], [ 31.604445739401829, 0.908273208546398 ], [ 31.611633553351613, 0.909180457305997 ], [ 31.614322856082776, 0.925461828139562 ], [ 31.624204922443226, 0.929988033480064 ], [ 31.625102051288316, 0.933606252890699 ], [ 31.652958446742939, 0.92909472062062 ], [ 31.66014984755159, 0.920957152488674 ], [ 31.673628025067824, 0.92096222723554 ], [ 31.68620472989074, 0.929107323474092 ], [ 31.691597389884794, 0.925491371476548 ], [ 31.691601344438585, 0.914637472877482 ], [ 31.696095414749049, 0.911021146020231 ], [ 31.692509254921653, 0.888407535352922 ], [ 31.701495051569648, 0.887506229956411 ], [ 31.706887921163901, 0.882985645198932 ], [ 31.715871572353073, 0.888415783349147 ], [ 31.722161774567294, 0.887513475898613 ], [ 31.732948758340704, 0.874854119061791 ], [ 31.740137229031106, 0.874856555799099 ], [ 31.743732972325283, 0.870335217312454 ], [ 31.752718293129703, 0.87124273294979 ], [ 31.755412795422487, 0.874861687862757 ], [ 31.760805673198163, 0.870340903032608 ], [ 31.76799421206837, 0.870343273759863 ], [ 31.777878193549331, 0.871251033082741 ], [ 31.780572745543346, 0.874870004283636 ], [ 31.795848545397423, 0.874874970728155 ], [ 31.803932599556429, 0.884827413228618 ], [ 31.813806805784914, 0.916489295781922 ], [ 31.836271481384621, 0.91740125548204 ], [ 31.847052407208942, 0.924641126455749 ], [ 31.861429880327854, 0.925550346665322 ], [ 31.891076272829412, 0.95088743861145 ], [ 31.901861257240782, 0.94636810059471 ], [ 31.918036647322882, 0.946373217511943 ], [ 31.920733948889861, 0.941851226367515 ], [ 31.925227126473636, 0.941852624037945 ], [ 31.925228508754298, 0.937329780619827 ], [ 31.912649313810672, 0.931898481702986 ], [ 31.912651524397795, 0.924661961944866 ], [ 31.908160315453141, 0.918328628234387 ], [ 31.912657245163366, 0.90566609615177 ], [ 31.912662054126855, 0.889383923851198 ], [ 31.909068903478673, 0.884860035652063 ], [ 31.91716370865235, 0.859534555913185 ], [ 31.917165990940607, 0.85139345572079 ], [ 31.909079004240688, 0.849582032162819 ], [ 31.908181914215763, 0.844154392541283 ], [ 31.92975586903016, 0.817023311050409 ], [ 31.94143944198126, 0.810694407853399 ], [ 31.945935743187718, 0.798031531472385 ], [ 31.966610022236658, 0.772708528171179 ], [ 31.971107158561104, 0.755522550952676 ], [ 31.978297491573478, 0.749192163757813 ], [ 31.987288085136047, 0.72929333701975 ], [ 32.007953084522299, 0.742866870633583 ], [ 32.008849466769028, 0.752817602606758 ], [ 32.017831753607744, 0.770006972476755 ], [ 32.054675276018614, 0.770919962868991 ], [ 32.069951076408714, 0.77544639802873 ], [ 32.071746568706544, 0.783588286546094 ], [ 32.077137616134607, 0.787207931787451 ], [ 32.103198125737784, 0.788118273774349 ], [ 32.105893298466583, 0.791737332191378 ], [ 32.114879807695409, 0.791739273191804 ], [ 32.129259957812621, 0.783600717759413 ], [ 32.129261445221246, 0.776363721700321 ], [ 32.134654462090872, 0.770937080998837 ], [ 32.14184368791728, 0.770938545654526 ], [ 32.147234713696406, 0.775462780299903 ], [ 32.151728895620515, 0.770940539610651 ], [ 32.195763307420094, 0.770949141199161 ], [ 32.195764153619294, 0.766425941158528 ], [ 32.237102813180883, 0.767338203118871 ], [ 32.237102170631736, 0.770956799091158 ], [ 32.262265154115354, 0.77096126265825 ], [ 32.267657857632777, 0.767343578342371 ], [ 32.277542750020231, 0.770963899664723 ], [ 32.281138242416425, 0.76644122188621 ], [ 32.293719084391661, 0.770966631656798 ], [ 32.301808007563423, 0.766444663909498 ], [ 32.307199552532829, 0.77006419792665 ], [ 32.336857641117128, 0.7619269271966 ], [ 32.345845936539654, 0.75288160599615 ], [ 32.345847940725648, 0.739311549000259 ], [ 32.355734966309633, 0.729361608732453 ], [ 32.399770957877998, 0.729367737275459 ], [ 32.400670132882517, 0.725749137532189 ], [ 32.408758645347348, 0.723940846230496 ], [ 32.411455552451791, 0.71760842613711 ], [ 32.395281143715287, 0.701322075859978 ], [ 32.398877624291494, 0.68775234338014 ], [ 32.392588051945445, 0.67780007381049 ], [ 32.391691702784634, 0.658801705476599 ], [ 32.398881169770675, 0.658802583793098 ], [ 32.41415743279115, 0.670565288502032 ], [ 32.41775261472236, 0.666946987814809 ], [ 32.429435159713513, 0.670567104971489 ], [ 32.429430303253504, 0.711277924863761 ], [ 32.438416196603207, 0.720325896483547 ], [ 32.444707003326059, 0.721231359632858 ], [ 32.450997056063535, 0.728469632675132 ], [ 32.468971084447915, 0.729376491679697 ], [ 32.485145982499823, 0.74566285938422 ], [ 32.492335593468084, 0.746568393944751 ], [ 32.502222074476727, 0.741141358905421 ], [ 32.516600548018516, 0.750189936274505 ], [ 32.536372870866082, 0.745668589953055 ], [ 32.538169554687627, 0.752906381950646 ], [ 32.54625702565825, 0.762858950234402 ], [ 32.549851928593355, 0.762859330289709 ], [ 32.549852955965996, 0.752907611923284 ], [ 32.55884208603829, 0.733909776948598 ], [ 32.575019595007902, 0.728483124572855 ], [ 32.583108923694958, 0.71943682705016 ], [ 32.583112358905282, 0.680534473212707 ], [ 32.571429644961455, 0.674200510215547 ], [ 32.570532497835941, 0.656106339340462 ], [ 32.554358583755615, 0.623535618551669 ], [ 32.554359188787707, 0.616297996506332 ], [ 32.560649712695607, 0.62082204025842 ], [ 32.582218200595463, 0.625347330445523 ], [ 32.588508205819629, 0.637109018753322 ], [ 32.607380998233204, 0.638015210066055 ], [ 32.609177866946929, 0.645253020146442 ], [ 32.618164636473168, 0.64977725704999 ], [ 32.629847637167863, 0.653396977086196 ], [ 32.637037545820618, 0.650683369380139 ], [ 32.642428996909494, 0.662445018714594 ], [ 32.653213289313143, 0.666969357567753 ], [ 32.659503506709115, 0.678731082149688 ], [ 32.685566403814597, 0.679637574852448 ], [ 32.692755737995583, 0.686875776471189 ], [ 32.706236579574941, 0.687781347821278 ], [ 32.709831269757935, 0.691400442676588 ], [ 32.729603306021446, 0.691401617602626 ], [ 32.73499613405842, 0.68325944077382 ], [ 32.753869631449213, 0.679641564636083 ], [ 32.753870086353814, 0.670594347593772 ], [ 32.758363901824026, 0.66697568482489 ], [ 32.738592345403113, 0.658832181643502 ], [ 32.736795555050406, 0.646165998259166 ], [ 32.726010944511806, 0.645260704487822 ], [ 32.710733355382402, 0.6334985109152 ], [ 32.700847464085605, 0.63349794590271 ], [ 32.692759279695011, 0.628973883641092 ], [ 32.688265970396365, 0.624450031402759 ], [ 32.683773569806839, 0.604545999291497 ], [ 32.672090392079909, 0.603640586284884 ], [ 32.665800084492545, 0.592783622151691 ], [ 32.655914644506751, 0.587354728816679 ], [ 32.644231195179366, 0.591877556709942 ], [ 32.637940613126347, 0.586448873556017 ], [ 32.637042315417574, 0.580115829900058 ], [ 32.610081655974263, 0.574685768287857 ], [ 32.600196351701221, 0.569256830640571 ], [ 32.612779304026532, 0.551163500922181 ], [ 32.637044223281499, 0.54935561471503 ], [ 32.637943833650986, 0.533975559262489 ], [ 32.64423475600077, 0.533071215957367 ], [ 32.655918456264544, 0.52131059995931 ], [ 32.66220932606646, 0.521310942832287 ], [ 32.662209566056141, 0.516787368857279 ], [ 32.67029787410128, 0.515883081101581 ], [ 32.671196755193463, 0.512264265351192 ], [ 32.681980883438179, 0.516788396278578 ], [ 32.699955716519021, 0.497790195009335 ], [ 32.700854856535344, 0.487838334995564 ], [ 32.705348488174501, 0.48421965989053 ], [ 32.724221164956489, 0.482411018831083 ], [ 32.726018844215076, 0.475173329348527 ], [ 32.73590483474046, 0.466126506088567 ], [ 32.750283797808677, 0.470650644685571 ], [ 32.757473679474217, 0.461603673991649 ], [ 32.758372796731742, 0.448937587035436 ], [ 32.761967719186984, 0.444414090940019 ], [ 32.757474456001376, 0.438080885098767 ], [ 32.758373350150954, 0.431747855097642 ], [ 32.76915798232482, 0.420891510714002 ], [ 32.771854394031344, 0.409130182836773 ], [ 32.780841324737061, 0.408225710768718 ], [ 32.783537517642962, 0.403702162216135 ], [ 32.774550690299314, 0.400987744773974 ], [ 32.77994306780289, 0.391940650305153 ], [ 32.776348478993761, 0.385607486364143 ], [ 32.754780312976521, 0.373845494264125 ], [ 32.757476639048136, 0.363893618474215 ], [ 32.746692602703732, 0.357560265365252 ], [ 32.745794116486778, 0.350322463893426 ], [ 32.726023272771187, 0.344893579224318 ], [ 32.719731995061551, 0.362083077248084 ], [ 32.712542313037787, 0.369320606929538 ], [ 32.711643216009278, 0.381986649841363 ], [ 32.704453503650292, 0.38922415468954 ], [ 32.696364592798318, 0.410032382630356 ], [ 32.70355339425452, 0.428127027715136 ], [ 32.699958467828097, 0.432650478798003 ], [ 32.692768931408018, 0.433554906920521 ], [ 32.687376012691232, 0.452553747360437 ], [ 32.666705724387135, 0.462504690109692 ], [ 32.664907962286151, 0.470647041625617 ], [ 32.642441164892716, 0.462503501328628 ], [ 32.628062243905937, 0.461598045875351 ], [ 32.620872577201105, 0.46521650703609 ], [ 32.611886324427196, 0.454359496542781 ], [ 32.616380114637892, 0.447122054995784 ], [ 32.600204440538917, 0.436264682308122 ], [ 32.599306514955273, 0.421789296796262 ], [ 32.594813364784578, 0.417265522069219 ], [ 32.588522495170643, 0.419979315565241 ], [ 32.570549204421518, 0.416359521048795 ], [ 32.575943093131414, 0.380171575502712 ], [ 32.594815262205103, 0.378363071368881 ], [ 32.596613099787596, 0.36750665475062 ], [ 32.612789610964583, 0.357555563143089 ], [ 32.607397888163781, 0.350317655494669 ], [ 32.59661389146985, 0.34941248594527 ], [ 32.590323712269218, 0.337651011037194 ], [ 32.583134184567356, 0.342174238096367 ], [ 32.571451999999589, 0.331317252958191 ], [ 32.563364143304753, 0.328602783603989 ], [ 32.557972597047389, 0.318650801171072 ], [ 32.55887163807661, 0.309603798938261 ], [ 32.565162486729932, 0.30417583126523 ], [ 32.570554946536078, 0.29151017106502 ], [ 32.577744237075407, 0.291510444761651 ], [ 32.610097071925793, 0.262560897071481 ], [ 32.618184793590459, 0.270703546899049 ], [ 32.626272889090657, 0.267084953376077 ], [ 32.637056771297267, 0.270704130302269 ], [ 32.637955855703773, 0.256228749446678 ], [ 32.637956055993641, 0.248991045372481 ], [ 32.618186090116318, 0.225467998153357 ], [ 32.61728752231565, 0.221849130752289 ], [ 32.623578333363753, 0.2146116005512 ], [ 32.616389392872627, 0.200136047365876 ], [ 32.601112099907255, 0.203754517243286 ], [ 32.595720498836577, 0.189279044518431 ], [ 32.590328493891008, 0.19199304110053 ], [ 32.588530982054642, 0.200135367635087 ], [ 32.574152438465205, 0.20194441037102 ], [ 32.566963317739535, 0.197420692941821 ], [ 32.564267608091313, 0.187468867831012 ], [ 32.576848998274038, 0.177517407640242 ], [ 32.576849351434277, 0.161232691535828 ], [ 32.56336961645686, 0.158518290451211 ], [ 32.554383272469124, 0.150375763934587 ], [ 32.559775177239359, 0.150375874069477 ], [ 32.559775318726665, 0.143138238668731 ], [ 32.570558980775523, 0.151280796040138 ], [ 32.57684963684877, 0.146757388110899 ], [ 32.576849568010353, 0.150376213985542 ], [ 32.580444181465708, 0.150376283833784 ], [ 32.590329540567986, 0.141329392561778 ], [ 32.598417433737268, 0.141329534752716 ], [ 32.5975188701752, 0.135901266030044 ], [ 32.587633747311919, 0.131377559524297 ], [ 32.581343128509062, 0.134091575230858 ], [ 32.569660770713533, 0.126853726244919 ], [ 32.574154225851544, 0.114187914667235 ], [ 32.585836887329272, 0.100617473367331 ], [ 32.581343637626674, 0.099712708606149 ], [ 32.563370373622931, 0.116901866472449 ], [ 32.560674152393531, 0.133186506060188 ], [ 32.55707953478381, 0.134091145398812 ], [ 32.552586366063508, 0.129567545386853 ], [ 32.546295757356908, 0.133186243828276 ], [ 32.545396883628193, 0.144947361560361 ], [ 32.541802269763252, 0.145851990819973 ], [ 32.537308797668857, 0.156708317567355 ], [ 32.545396355554317, 0.16937433260594 ], [ 32.538206892591788, 0.18023058191672 ], [ 32.535510537541782, 0.195610435710087 ], [ 32.522030771561596, 0.196514754228972 ], [ 32.512145485368443, 0.201942655995326 ], [ 32.504057324926386, 0.21279877516565 ], [ 32.496868152732269, 0.212798540799602 ], [ 32.492374774727288, 0.217321870079028 ], [ 32.486083849938304, 0.229082685646636 ], [ 32.468110965788753, 0.2290820253947 ], [ 32.457327723747483, 0.216415953055254 ], [ 32.442050342782316, 0.229985715761739 ], [ 32.432165842094307, 0.21641502578978 ], [ 32.419584591264254, 0.225461391404013 ], [ 32.411497200918674, 0.217318915870781 ], [ 32.401612277352875, 0.216413843341153 ], [ 32.3962206663237, 0.211890224892002 ], [ 32.396221108973805, 0.200129376055722 ], [ 32.408802321165943, 0.189273644075488 ], [ 32.407904104904915, 0.176608056215823 ], [ 32.40341109568017, 0.172084502025725 ], [ 32.408803121464693, 0.16394252577484 ], [ 32.407904622322, 0.159419085727899 ], [ 32.381844902690048, 0.142229427091009 ], [ 32.373757161417331, 0.146752592126778 ], [ 32.364771180127484, 0.137705583678287 ], [ 32.350393277163022, 0.136800520821688 ], [ 32.349494847823422, 0.129563115371984 ], [ 32.335117061982658, 0.125944059638026 ], [ 32.333320008919159, 0.118706656061869 ], [ 32.324334094362641, 0.10875508846799 ], [ 32.314449456463691, 0.104231533377976 ], [ 32.301868912633211, 0.104231255152717 ], [ 32.299173164798155, 0.100612542057307 ], [ 32.279403841047404, 0.099707449208562 ], [ 32.273113784827061, 0.091565387576613 ], [ 32.267722151106973, 0.092469934070407 ], [ 32.26143170386829, 0.103325670930596 ], [ 32.228183570548438, 0.104229523971467 ], [ 32.221893325879549, 0.107847957538714 ], [ 32.217400476860398, 0.103324609697299 ], [ 32.216502252609565, 0.087040956061526 ], [ 32.204820675821608, 0.082517491754416 ], [ 32.197632192570943, 0.070756999877342 ], [ 32.184153332679486, 0.075279958310544 ], [ 32.183254861835465, 0.06894746966605 ], [ 32.162587804406101, 0.048140524419771 ], [ 32.16708084062553, 0.034571052961666 ], [ 32.174269496985623, 0.032761842612658 ], [ 32.175168112467645, 0.028238665134341 ], [ 32.174269555352808, 0.024620111588546 ], [ 32.150007828182019, 0.039094056337747 ], [ 32.158993302641555, 0.061709978519577 ], [ 32.16618182810732, 0.068042536815502 ], [ 32.175167305422264, 0.085230794796675 ], [ 32.167079913727839, 0.092467700428192 ], [ 32.166180844757136, 0.111465011919486 ], [ 32.158093275817407, 0.123225009312205 ], [ 32.162585758366355, 0.135890028453059 ], [ 32.154498182457722, 0.145840698429112 ], [ 32.150005289385504, 0.145840528066708 ], [ 32.149107135206563, 0.134080292496936 ], [ 32.144614405019695, 0.129556985782203 ], [ 32.121251526794431, 0.12865155667913 ], [ 32.121252154970769, 0.108749824109656 ], [ 32.131136539345469, 0.105131605731248 ], [ 32.132933990486741, 0.093371504393424 ], [ 32.125745590463495, 0.08613432262557 ], [ 32.124847305271274, 0.072564925301286 ], [ 32.116760253106449, 0.068946274522574 ], [ 32.113166124986698, 0.060804606965193 ], [ 32.115861910981941, 0.05537691396337 ], [ 32.105079241918389, 0.046330548457423 ], [ 32.095195311730528, 0.01376418137531 ], [ 32.087108284899365, 0.005622608503908 ], [ 32.090702529135982, -0.003423552541907 ], [ 32.071832762938016, -0.016992712226413 ], [ 32.066441259784831, -0.03870333722758 ], [ 32.052064347212038, -0.044130816942464 ], [ 32.018818171655248, -0.039607393843568 ], [ 32.027803052069075, -0.07307770945671 ], [ 32.049368280846011, -0.069459750183682 ], [ 32.05835390464965, -0.064032281188443 ], [ 32.082614428513409, -0.087552703758176 ], [ 32.08171577894695, -0.091171139087869 ], [ 32.073628583529981, -0.097503216601455 ], [ 32.0610487718019, -0.098407474787974 ], [ 32.05116488243155, -0.091170341585742 ], [ 32.037686725721819, -0.087551569922362 ], [ 31.98916540286702, -0.090264053330603 ], [ 31.96760028069858, -0.102023028737127 ], [ 31.94603468828549, -0.128255064584268 ], [ 31.928064148245795, -0.130968028964662 ], [ 31.917281540814436, -0.140013249333642 ], [ 31.912787838885986, -0.162627223303118 ], [ 31.906497685336227, -0.172577100795771 ], [ 31.90739556064344, -0.183431940899377 ], [ 31.913684497154669, -0.194287137204323 ], [ 31.912785568663509, -0.200619050020743 ], [ 31.919075196677905, -0.200619469563179 ], [ 31.918174156853137, -0.235897596242287 ], [ 31.908290300013498, -0.237705950861764 ], [ 31.903795844318221, -0.260319705049836 ], [ 31.910084120307282, -0.275697882407297 ], [ 31.913677877970152, -0.279316482894589 ], [ 31.928953128837527, -0.275699606333859 ], [ 31.930749612043115, -0.282031776817527 ], [ 31.935242090549405, -0.28384133922084 ], [ 31.945126737371204, -0.274796483239869 ], [ 31.945127822674856, -0.26213240797106 ], [ 31.947823491508103, -0.261228058683684 ], [ 31.945129633375391, -0.239517987206078 ], [ 31.934348054189144, -0.229566836903864 ], [ 31.930755183424008, -0.212379686729665 ], [ 31.940640079027183, -0.195193436044098 ], [ 31.961306877205004, -0.18433975467166 ], [ 31.964901361440344, -0.178007886847244 ], [ 31.961307338508178, -0.176198520151629 ], [ 31.963104499152461, -0.174389456664695 ], [ 31.981973047842519, -0.186150131237079 ], [ 31.9900589210847, -0.202433215246836 ], [ 31.981969879039095, -0.234997854928098 ], [ 31.985563237694016, -0.245853179599757 ], [ 32.002634028511032, -0.265755524787185 ], [ 32.017909862021064, -0.25942457538355 ], [ 32.016111758441042, -0.272088791215246 ], [ 32.020604150850865, -0.276612149723721 ], [ 32.028691429734579, -0.272994417748837 ], [ 32.03228528660938, -0.27751771574946 ], [ 32.035877448681369, -0.301942270346086 ], [ 32.023297725911739, -0.301036541092254 ], [ 32.011616195565217, -0.304653863821851 ], [ 31.992745089523012, -0.320934730968959 ], [ 31.982859604192896, -0.335407147055255 ], [ 31.984655659001863, -0.34535780331428 ], [ 31.981959038353157, -0.354403385595471 ], [ 31.97297275559777, -0.36163906445451 ], [ 31.963984869719198, -0.382443424535766 ], [ 31.918152818199594, -0.43128443454844 ], [ 31.86693053925617, -0.470172698584382 ], [ 31.840869216504579, -0.494591089377851 ], [ 31.820195955923737, -0.534387075326818 ], [ 31.81839681770926, -0.545241170159949 ], [ 31.794131276270409, -0.572372191027275 ], [ 31.786041341204019, -0.587747415568651 ], [ 31.784234358475256, -0.632068761679102 ], [ 31.807592780901476, -0.646546742605965 ], [ 31.761756275893944, -0.692666088780227 ], [ 31.752766697362745, -0.70894497260231 ], [ 31.749172342027812, -0.709848509485541 ], [ 31.749170878107901, -0.715275587036541 ], [ 31.725801610263812, -0.74240425726396 ], [ 31.705124261889143, -0.780387094373852 ], [ 31.695229955549109, -0.813850277340996 ], [ 31.694325245531051, -0.8328443377423 ], [ 31.697913382939323, -0.850935419074743 ], [ 31.695215017149494, -0.859074940786598 ], [ 31.699709248570457, -0.854554008555971 ], [ 31.712284606115219, -0.867221264668235 ], [ 31.734753773736273, -0.850947760282411 ], [ 31.741043356203022, -0.851854341438487 ], [ 31.750925726792548, -0.857284657008262 ], [ 31.764398295952109, -0.875379409441398 ], [ 31.773383702666234, -0.876286899702107 ], [ 31.763485773171105, -0.916986895536419 ], [ 31.769768329818088, -0.938697534063967 ], [ 31.780550756305505, -0.940510381314145 ], [ 31.780548551099308, -0.94684203964574 ], [ 31.769761623735828, -0.957692431601154 ], [ 31.767961523128754, -0.965832445986399 ], [ 31.775148974298776, -0.969453144209495 ], [ 31.785024068805104, -0.995687922831373 ], [ 31.580148972958476, -0.998318860471008 ], [ 30.795890628651144, -0.995171659170521 ], [ 30.765363254663114, -0.981590429650022 ], [ 30.750989199976217, -0.987908918828476 ], [ 30.741101412671956, -1.00055846256129 ], [ 30.732117250887345, -1.005072299041925 ], [ 30.718641988054131, -1.010486891010938 ], [ 30.697087200453723, -1.01137556896825 ], [ 30.671027394689002, -1.033052281777015 ], [ 30.666524399461405, -1.050224453115709 ], [ 30.660235872594974, -1.052931627413497 ], [ 30.656638171476619, -1.060160643131314 ], [ 30.631490351026287, -1.062853226382968 ], [ 30.632384263509817, -1.068277623963156 ], [ 30.581203689809392, -1.05829439270453 ], [ 30.56503516940802, -1.063705091521455 ], [ 30.556954510934894, -1.061890858032268 ], [ 30.554257648613369, -1.065504306926562 ], [ 30.547972344264718, -1.064595380672311 ], [ 30.538985892727784, -1.072723169078804 ], [ 30.525515285178631, -1.073616108557899 ], [ 30.507558578076345, -1.069985951582697 ], [ 30.49499720686056, -1.057321629715897 ], [ 30.487815708315658, -1.054604225253702 ], [ 30.470755380317442, -1.053686469519528 ], [ 30.465371373251092, -1.049162873519396 ], [ 30.45908435398055, -1.05096540459939 ], [ 30.447416372632425, -1.044629046806723 ], [ 30.437538499768795, -1.045524768219739 ], [ 30.427648081304241, -1.061785222891862 ], [ 30.400713897748229, -1.058147367230612 ], [ 30.400711636552852, -1.060858740671202 ], [ 30.397121564757686, -1.059048122867599 ], [ 30.389035234364986, -1.065367756541827 ], [ 30.375573062647646, -1.058126049057346 ], [ 30.371076802987968, -1.066256147524443 ], [ 30.369284115898395, -1.062639529282003 ], [ 30.360305401983499, -1.062631814976682 ], [ 30.355820671753975, -1.057205397000357 ], [ 30.347731447365479, -1.067139733575381 ], [ 30.350418039954899, -1.075275861766061 ], [ 30.347716610929751, -1.084311030327575 ], [ 30.342328642087622, -1.085210020376762 ], [ 30.337829806702608, -1.096050985387234 ], [ 30.343187870345229, -1.128590764229813 ], [ 30.33331128217031, -1.128581661192377 ], [ 30.312648806678222, -1.141214684579358 ], [ 30.306363826222757, -1.141208763732622 ], [ 30.296473898410476, -1.155658854960396 ], [ 30.291057296656554, -1.186379817224282 ], [ 30.276682827893215, -1.195402602302399 ], [ 30.27307798667908, -1.20895445257686 ], [ 30.264099532553054, -1.208945356073981 ], [ 30.253318184857545, -1.21616384826146 ], [ 30.252414849475194, -1.221585009038841 ], [ 30.243427259547406, -1.230612480822288 ], [ 30.242521974613283, -1.237840926445666 ], [ 30.220057332771418, -1.255890428362168 ], [ 30.219153761386842, -1.261311392958145 ], [ 30.208367319469406, -1.273047174403504 ], [ 30.197599360810031, -1.267613578280009 ], [ 30.195815364539886, -1.256767984849314 ], [ 30.185044644976937, -1.254045429055705 ], [ 30.181449588854043, -1.257656037555412 ], [ 30.180556637705795, -1.253136938648157 ], [ 30.172473617810489, -1.255839021233614 ], [ 30.175193895035161, -1.230540584858054 ], [ 30.179663672878846, -1.248617846277109 ], [ 30.188639691271156, -1.250434793068585 ], [ 30.193137308290545, -1.242306922085836 ], [ 30.190453432360705, -1.233267716035562 ], [ 30.203923246151799, -1.230571070420604 ], [ 30.203932628500873, -1.221534641809449 ], [ 30.199443635506839, -1.221529933755544 ], [ 30.199448308196224, -1.217011736613268 ], [ 30.208441085302837, -1.202562766995634 ], [ 30.193175852465373, -1.205257907287797 ], [ 30.194081021775798, -1.198029756052704 ], [ 30.186008343847593, -1.190792377012116 ], [ 30.186908867827512, -1.188082410325155 ], [ 30.196776216772371, -1.196225257738283 ], [ 30.205755030851023, -1.195330835747562 ], [ 30.194090187155435, -1.188993401728184 ], [ 30.187817567188741, -1.177239763449033 ], [ 30.187839112115345, -1.1555526258309 ], [ 30.199516319223761, -1.149238759454533 ], [ 30.200428962310927, -1.133877754124904 ], [ 30.198636029375123, -1.131165086591443 ], [ 30.195039742893563, -1.136583412071311 ], [ 30.192349064174415, -1.133869872794554 ], [ 30.176189436899364, -1.133854042212356 ], [ 30.178874785291221, -1.141989302247238 ], [ 30.175281117652506, -1.144696613316001 ], [ 30.167204024200934, -1.141977741278765 ], [ 30.16630981514788, -1.138362393793204 ], [ 30.155531602207471, -1.143773343840153 ], [ 30.141168783284744, -1.142855374196194 ], [ 30.14207541328723, -1.133820324718219 ], [ 30.150155842582969, -1.132924745547021 ], [ 30.152854320207815, -1.127505791367389 ], [ 30.162728523655026, -1.12841911313234 ], [ 30.164531854846025, -1.120288361701951 ], [ 30.170817768330956, -1.118487244743877 ], [ 30.170825534211605, -1.110354684930727 ], [ 30.152872614395115, -1.108530115782742 ], [ 30.143904030379616, -1.099485442054043 ], [ 30.144806032666782, -1.094968320183913 ], [ 30.140317469169336, -1.094964010776583 ], [ 30.143022521773169, -1.082316253379911 ], [ 30.134944862369874, -1.080501397226674 ], [ 30.136765350142586, -1.053395367728591 ], [ 30.132277705359726, -1.052487622586247 ], [ 30.13228264861133, -1.047066096412437 ], [ 30.12689651745897, -1.047061128898464 ], [ 30.122400644443413, -1.055189200585153 ], [ 30.127778438394706, -1.064230055070119 ], [ 30.121496286992958, -1.062416996447532 ], [ 30.116102605410795, -1.070544109475071 ], [ 30.118802392586282, -1.063318044871993 ], [ 30.116117698252779, -1.054279764420614 ], [ 30.108036937809594, -1.056079352701314 ], [ 30.1044412135271, -1.061497377752608 ], [ 30.100858914621053, -1.052458363714471 ], [ 30.095474595872439, -1.050646199556625 ], [ 30.089200967986731, -1.039797670512915 ], [ 30.079328475049969, -1.037981393434568 ], [ 30.085620256340444, -1.028951729107784 ], [ 30.082032130340988, -1.026237780347476 ], [ 30.08293630631891, -1.019010218978137 ], [ 30.073961538361583, -1.017194936135943 ], [ 30.074864047053534, -1.011774505250468 ], [ 30.082949229516299, -1.004553445619745 ], [ 30.089230319783756, -1.007269750341608 ], [ 30.091930444352016, -0.999140171408082 ], [ 30.08834542445469, -0.992812098385056 ], [ 30.100021094035686, -0.985593931710363 ], [ 30.098231260474865, -0.979267430730957 ], [ 30.092846182545468, -0.978359173253123 ], [ 30.090148577190167, -0.983778147653552 ], [ 30.080272223105165, -0.98648009774901 ], [ 30.078486372016155, -0.975635971736816 ], [ 30.073101397372493, -0.974727715831725 ], [ 30.072199075296901, -0.980148168733991 ], [ 30.077583264670629, -0.981959995696021 ], [ 30.079372222383132, -0.989189940949442 ], [ 30.062304519711059, -1.003631282803749 ], [ 30.066810189940352, -0.98375756305854 ], [ 30.061426058547763, -0.981945727452167 ], [ 30.05874029763406, -0.973811582076137 ], [ 30.046178515131199, -0.968379400892076 ], [ 30.045262712721783, -0.989159523235183 ], [ 30.036286700898444, -0.989151460081237 ], [ 30.026418788943872, -0.98281804633583 ], [ 30.016557321322637, -0.969256763181789 ], [ 30.025544092265541, -0.956615692949338 ], [ 30.016575326921185, -0.948476393973812 ], [ 30.016579959829567, -0.943055427623953 ], [ 30.008504948372838, -0.939434492131868 ], [ 30.002220491755246, -0.941236032561311 ], [ 30.004011739506304, -0.945755006518428 ], [ 30.000420730272559, -0.946655363600953 ], [ 30.011186028174915, -0.952989162423973 ], [ 30.002211953275335, -0.951174339821992 ], [ 29.998619374047959, -0.953881634497865 ], [ 30.006691931765719, -0.960213125656862 ], [ 30.004887304590547, -0.971053356912271 ], [ 30.007577619799967, -0.973766219673032 ], [ 29.992314217101509, -0.979173384084903 ], [ 29.9923190392729, -0.973752539640922 ], [ 29.988728013449002, -0.974652781826705 ], [ 29.984245862425301, -0.9683244650453 ], [ 29.986048911457079, -0.959291384321679 ], [ 29.990535871618537, -0.960198836157111 ], [ 29.99143736759169, -0.955682264840438 ], [ 29.995925135797126, -0.955686221942603 ], [ 29.988749427306576, -0.9502590604352 ], [ 29.994137071218404, -0.947553358317536 ], [ 29.988754112202351, -0.944838232922202 ], [ 29.995038510180329, -0.943036760235189 ], [ 29.992348184172673, -0.940323994553066 ], [ 29.994146370782627, -0.936711648987394 ], [ 29.977089965962456, -0.940310717292505 ], [ 29.979793384042729, -0.927664571642705 ], [ 29.970825724215434, -0.918622278968953 ], [ 29.969932756109369, -0.913200778458153 ], [ 29.946601214814539, -0.908663704993092 ], [ 29.950183609385302, -0.917701150410702 ], [ 29.945687597494285, -0.92763507961905 ], [ 29.93851144673663, -0.923111683434763 ], [ 29.939401957511553, -0.93124333008413 ], [ 29.934020856121343, -0.926721489267734 ], [ 29.922351905501365, -0.928518126072548 ], [ 29.913383324139058, -0.921282981999368 ], [ 29.907993782236787, -0.926698696341724 ], [ 29.912477238697473, -0.931219674084583 ], [ 29.909780065998078, -0.93663772420179 ], [ 29.90798985221657, -0.931215711351916 ], [ 29.905296640520913, -0.932116731636972 ], [ 29.907105665122778, -0.915857079628883 ], [ 29.90261832079042, -0.915853175495491 ], [ 29.897239729152201, -0.908621332304514 ], [ 29.883781000131325, -0.904996129561124 ], [ 29.881094046935576, -0.898670138294412 ], [ 29.878400949517847, -0.899571198793064 ], [ 29.87839477750931, -0.906798219871034 ], [ 29.864935535343221, -0.904076401267353 ], [ 29.87302014926702, -0.895049688820319 ], [ 29.873025491389114, -0.888726077585069 ], [ 29.872132606947279, -0.883305078260041 ], [ 29.865847559531701, -0.886913213051542 ], [ 29.866751046834629, -0.879687037587321 ], [ 29.861367251813661, -0.878779115403054 ], [ 29.863165109373764, -0.875167176272853 ], [ 29.859578424923043, -0.871550704063428 ], [ 29.854195422523023, -0.869739463170842 ], [ 29.851500932175131, -0.872447264513082 ], [ 29.851504680722911, -0.867930492445865 ], [ 29.847016884402269, -0.86883007670211 ], [ 29.846123216441224, -0.864312573386732 ], [ 29.844326163778312, -0.867021115734265 ], [ 29.841636196965201, -0.864308816438652 ], [ 29.836250301320277, -0.866110983255808 ], [ 29.835358879143435, -0.858883505850434 ], [ 29.831767813814572, -0.860687183773295 ], [ 29.829963258529602, -0.872429043465401 ], [ 29.823685303499335, -0.867907055607754 ], [ 29.818298724495495, -0.870612471553534 ], [ 29.81381484895897, -0.866995368632193 ], [ 29.812039491733874, -0.843507531520664 ], [ 29.80934885283639, -0.841698673515524 ], [ 29.805754216142255, -0.848018913041813 ], [ 29.802168455751286, -0.843499371300672 ], [ 29.795885456547872, -0.845300776445767 ], [ 29.795882485747025, -0.848913998573005 ], [ 29.789605457458698, -0.843488949231818 ], [ 29.780629003953045, -0.847094647802374 ], [ 29.789600997320679, -0.848908748931266 ], [ 29.791390467638188, -0.855233360481715 ], [ 29.796779099934138, -0.84981805400284 ], [ 29.81113248593007, -0.855249938267914 ], [ 29.802153535860487, -0.861565592865743 ], [ 29.807530944770424, -0.869699984418397 ], [ 29.814710714682942, -0.868802773648186 ], [ 29.823676958205532, -0.877843685623078 ], [ 29.822776510047806, -0.881456234173646 ], [ 29.81829187083936, -0.878742398755471 ], [ 29.817391418873395, -0.882354926205146 ], [ 29.813804189288494, -0.879641866698851 ], [ 29.813801115305075, -0.883255151679255 ], [ 29.809314985348269, -0.882347955850527 ], [ 29.823658420405579, -0.899523603528351 ], [ 29.823652140600444, -0.906750242172005 ], [ 29.819162796917908, -0.909456250280384 ], [ 29.81737432316601, -0.902228061984925 ], [ 29.813784770073326, -0.902224896485224 ], [ 29.814686079302145, -0.897709078528884 ], [ 29.805710683982394, -0.899507819149305 ], [ 29.803911193423581, -0.904926110190273 ], [ 29.799426683907381, -0.902212198952148 ], [ 29.797629562035041, -0.904920528195981 ], [ 29.802111672263351, -0.910344381064231 ], [ 29.797624789996728, -0.910340368921028 ], [ 29.799417145157356, -0.913051899522519 ], [ 29.795821214929635, -0.920275119129788 ], [ 29.792235748827714, -0.915755358778039 ], [ 29.793127475750545, -0.922079286928909 ], [ 29.789540414942586, -0.919366128589195 ], [ 29.78505114707032, -0.922071947384897 ], [ 29.781465738710406, -0.917552217784803 ], [ 29.773387891404177, -0.91935145802707 ], [ 29.774296529592277, -0.906706271526572 ] ], [ [ 29.678532540280337, -0.573338108806172 ], [ 29.679429218955558, -0.574241834513903 ], [ 29.679429740269502, -0.573338633264289 ], [ 29.678532540280337, -0.573338108806172 ] ], [ [ 29.738801654962749, 0.1230374818373 ], [ 29.739698756860584, 0.123940849454838 ], [ 29.738801544774802, 0.12394073813409 ], [ 29.738801654962749, 0.1230374818373 ] ], [ [ 30.079747992969246, 0.358903432645675 ], [ 30.080645797046564, 0.358000172381516 ], [ 30.080645510696982, 0.35890372132694 ], [ 30.079747992969246, 0.358903432645675 ] ], [ [ 31.210080784183088, 0.804105462939928 ], [ 31.200201646853202, 0.798675406948047 ], [ 31.195729612747201, 0.752555239609435 ], [ 31.192137889679934, 0.748936635823967 ], [ 31.191243640940652, 0.738989226476955 ], [ 31.184060193996778, 0.731752094662744 ], [ 31.183165158006581, 0.723613280246497 ], [ 31.191255119544614, 0.710052391322315 ], [ 31.203832303535261, 0.707344481124126 ], [ 31.20923130078473, 0.682930878358756 ], [ 31.221805489615029, 0.688361328322132 ], [ 31.228992597953493, 0.686555431150021 ], [ 31.239776572722345, 0.674803535585942 ], [ 31.246963064405524, 0.674806148623219 ], [ 31.251453015537127, 0.679329306291292 ], [ 31.258641172584717, 0.674810372037062 ], [ 31.26672088197763, 0.689282292927273 ], [ 31.2667159283484, 0.702846992250337 ], [ 31.279288221864391, 0.714607825181604 ], [ 31.279284834737105, 0.723651017374236 ], [ 31.291857860246548, 0.733603380185539 ], [ 31.291856484834675, 0.737220680715385 ], [ 31.284669379328996, 0.738122220650046 ], [ 31.278378189732205, 0.745354323588922 ], [ 31.267597764544856, 0.74625438077389 ], [ 31.256813087126382, 0.75800610046427 ], [ 31.2469310737253, 0.758906387575749 ], [ 31.236146350005754, 0.7706578513455 ], [ 31.229857699573014, 0.771559519853357 ], [ 31.21637139088968, 0.798682504416011 ], [ 31.210080784183088, 0.804105462939928 ] ], [ [ 32.554383272469124, 0.150375763934587 ], [ 32.553484640384724, 0.14947104179976 ], [ 32.554383290757912, 0.149471060174695 ], [ 32.554383272469124, 0.150375763934587 ] ], [ [ 31.925358860156791, -0.277508422192925 ], [ 31.926257304680512, -0.278413075561264 ], [ 31.92625738638003, -0.277508504342582 ], [ 31.925358860156791, -0.277508422192925 ] ], [ [ 30.389036755687673, -1.063560191180451 ], [ 30.389935404623515, -1.062657172713362 ], [ 30.389037515379702, -1.062656408490975 ], [ 30.389036755687673, -1.063560191180451 ] ], [ [ 30.387409708116074, -0.839420709535232 ], [ 30.383811742685083, -0.849359871797009 ], [ 30.41074087460861, -0.858416137055176 ], [ 30.417014822011748, -0.874688888243555 ], [ 30.422404453398055, -0.871077388059217 ], [ 30.436770944740097, -0.870183439609231 ], [ 30.438571550687772, -0.86295411402668 ], [ 30.446657825923342, -0.854825160655869 ], [ 30.473594973311684, -0.853939261195395 ], [ 30.479884941475508, -0.846712628893126 ], [ 30.487967203846974, -0.844910202967683 ], [ 30.478095539206112, -0.836769133045158 ], [ 30.463728740356849, -0.837663641841052 ], [ 30.458336179225565, -0.845794626641863 ], [ 30.453849716684473, -0.841272511823301 ], [ 30.446666715212366, -0.841267784241208 ], [ 30.443968965089518, -0.84759277040346 ], [ 30.438585886896195, -0.841262449834111 ], [ 30.425116766937478, -0.843061141397513 ], [ 30.426906515167783, -0.852100447599092 ], [ 30.432292494914034, -0.853911697746454 ], [ 30.432291293494178, -0.855719327460025 ], [ 30.428700437051045, -0.854813092157729 ], [ 30.423309641631739, -0.8602323057822 ], [ 30.419721837943651, -0.854807026276855 ], [ 30.421521160522378, -0.849385398051156 ], [ 30.412547416333023, -0.84214894764023 ], [ 30.404462600802329, -0.848470101282136 ], [ 30.400872434235779, -0.846660088042963 ], [ 30.402672315423786, -0.840334744270947 ], [ 30.399980585610994, -0.837621564116409 ], [ 30.390995613057672, -0.847557191955867 ], [ 30.387409708116074, -0.839420709535232 ] ], [ [ 30.389205369537681, -0.83942191746755 ], [ 30.394598914329347, -0.829483869306223 ], [ 30.39010916469735, -0.830384674533133 ], [ 30.390112122220781, -0.825865751066356 ], [ 30.384726341112803, -0.824054622968156 ], [ 30.383836132237224, -0.812304886695039 ], [ 30.375760990024514, -0.804165640177553 ], [ 30.370374118985438, -0.804162148332749 ], [ 30.367685305949895, -0.796930251630423 ], [ 30.356912828092689, -0.795115781128271 ], [ 30.355120674525974, -0.789692066687946 ], [ 30.343448236599457, -0.791492071551774 ], [ 30.347045105778051, -0.782456852587397 ], [ 30.338068395006989, -0.780643630520939 ], [ 30.340756602047357, -0.788779086503066 ], [ 30.338056307163246, -0.799622313552683 ], [ 30.356909365463746, -0.800538344993559 ], [ 30.365884497638305, -0.805063000189123 ], [ 30.382931872221327, -0.822245876091687 ], [ 30.383823180450815, -0.832188050389783 ], [ 30.387409708116074, -0.839420709535232 ], [ 30.389205369537681, -0.83942191746755 ] ], [ [ 30.523009928598384, -0.806066075566873 ], [ 30.524806856079611, -0.804259415747289 ], [ 30.522113103279143, -0.804257769522646 ], [ 30.523009928598384, -0.806066075566873 ] ], [ [ 30.524806856079611, -0.804259415747289 ], [ 30.532888147532706, -0.80426434370419 ], [ 30.532878273685988, -0.820534278909424 ], [ 30.538266954764797, -0.8187298436986 ], [ 30.540059499465009, -0.824154294766783 ], [ 30.54365123749746, -0.824156527333906 ], [ 30.543647902199286, -0.829579882784559 ], [ 30.539157106433855, -0.831384852187907 ], [ 30.542742095228313, -0.842233808126826 ], [ 30.550822442302159, -0.844046726075576 ], [ 30.552620027037239, -0.841336168908065 ], [ 30.550832528105083, -0.82777657257243 ], [ 30.55532610477518, -0.821452059114151 ], [ 30.556211251540603, -0.842242337420367 ], [ 30.561600635755063, -0.839534021955953 ], [ 30.566088158006377, -0.843152470232711 ], [ 30.560698746582855, -0.845860786414338 ], [ 30.560696482919468, -0.849476402629468 ], [ 30.549921660025515, -0.848565640214171 ], [ 30.560694778833298, -0.852188114742281 ], [ 30.557097241319948, -0.861224837996345 ], [ 30.564280312524513, -0.862133374645154 ], [ 30.559787062832402, -0.867553899449335 ], [ 30.556195821286902, -0.866647663836419 ], [ 30.555294960731864, -0.871166581708293 ], [ 30.549917088494777, -0.855796814006417 ], [ 30.543630321205239, -0.857600549996749 ], [ 30.545423899742115, -0.861217284846634 ], [ 30.541832702065303, -0.860311062395734 ], [ 30.53644331348988, -0.863019225278556 ], [ 30.543627430850812, -0.862120012033562 ], [ 30.549008709974661, -0.872066365183647 ], [ 30.542716583938255, -0.882005046593869 ], [ 30.542711819030842, -0.889236179873113 ], [ 30.536426781543216, -0.888328073122017 ], [ 30.535527035805398, -0.891039130291409 ], [ 30.540014367895441, -0.894657711610133 ], [ 30.544505925158504, -0.891949062010977 ], [ 30.547197384254542, -0.895566449911423 ], [ 30.554383435074389, -0.891955686081295 ], [ 30.558883865481572, -0.875688440523461 ], [ 30.566966676104453, -0.873885915845596 ], [ 30.571460549377921, -0.867561463565455 ], [ 30.566079094390947, -0.857614993130676 ], [ 30.574172570150726, -0.838637984347539 ], [ 30.566993361428576, -0.831402226909566 ], [ 30.566103648291008, -0.817843052347239 ], [ 30.558921163624039, -0.816030852649333 ], [ 30.555334280981644, -0.807893550569332 ], [ 30.558937774176172, -0.7880098576399 ], [ 30.570611544366113, -0.787112819645011 ], [ 30.576006481634192, -0.774461171614589 ], [ 30.580497758391076, -0.771752002073619 ], [ 30.584987001039348, -0.77265849265465 ], [ 30.588573685750546, -0.781699778747624 ], [ 30.592169108266255, -0.775374375914982 ], [ 30.599350745862171, -0.778994205985559 ], [ 30.602935390249087, -0.791651322703621 ], [ 30.611015053105191, -0.795271772112805 ], [ 30.610114993612495, -0.798886998101081 ], [ 30.604727157096839, -0.798883838459405 ], [ 30.593957818118284, -0.788030378109481 ], [ 30.59395364765539, -0.795261791359169 ], [ 30.588564829081196, -0.797066470890874 ], [ 30.589460152512988, -0.801586618440603 ], [ 30.597540774408664, -0.803399259592231 ], [ 30.592150327206863, -0.807915692365797 ], [ 30.59394412478126, -0.81153247015637 ], [ 30.600230438346635, -0.810632300178467 ], [ 30.59573684442465, -0.816957112136577 ], [ 30.606506050424475, -0.827810809884115 ], [ 30.604706281170447, -0.834137253192348 ], [ 30.610991601463073, -0.835045039202558 ], [ 30.612795686290006, -0.821487052823718 ], [ 30.61459057617725, -0.823296013458727 ], [ 30.617273122465377, -0.842280416947425 ], [ 30.612783735307378, -0.841373710778399 ], [ 30.608291052747422, -0.845890621138028 ], [ 30.612777652583773, -0.851317038930574 ], [ 30.608288276765645, -0.850410300827772 ], [ 30.61097326154789, -0.864874983786661 ], [ 30.607381306240146, -0.864872705053046 ], [ 30.605581350136088, -0.871199102736675 ], [ 30.610065569070702, -0.880241343471868 ], [ 30.619045529168634, -0.880247128505078 ], [ 30.61456012044157, -0.873012719063161 ], [ 30.616358383676626, -0.869398101446253 ], [ 30.628926970242077, -0.874829770375252 ], [ 30.630719565361879, -0.880254616565297 ], [ 30.634312166116604, -0.879352960240042 ], [ 30.633418130393565, -0.873024720297107 ], [ 30.639700796807798, -0.878452438643753 ], [ 30.638800509591096, -0.882067690880742 ], [ 30.644189730238111, -0.880263211004666 ], [ 30.628036860013612, -0.862173914393209 ], [ 30.62804131898973, -0.854942322900719 ], [ 30.62265611030956, -0.850419239804968 ], [ 30.621784533550581, -0.806125380235417 ], [ 30.625374372978488, -0.809743281070943 ], [ 30.625368015454058, -0.820590649641041 ], [ 30.634348999408491, -0.818788101572346 ], [ 30.628956771765765, -0.826016493684037 ], [ 30.63343263490971, -0.84952195625088 ], [ 30.636127190326114, -0.848619662708663 ], [ 30.635236278711428, -0.836867711348574 ], [ 30.642419752533378, -0.837776025067473 ], [ 30.646002514296534, -0.853145533256718 ], [ 30.65497769335078, -0.861286754911607 ], [ 30.657665640700188, -0.871232074325199 ], [ 30.662156871463385, -0.869426940500078 ], [ 30.661257175147679, -0.872138292136134 ], [ 30.666643099880126, -0.875757556249717 ], [ 30.669337747249639, -0.874855268468284 ], [ 30.667548899470983, -0.863102473893159 ], [ 30.670244080823096, -0.861296183987209 ], [ 30.660369109762733, -0.855866269470063 ], [ 30.657677788292606, -0.85134477177346 ], [ 30.666655810828193, -0.854966151947036 ], [ 30.672046681303463, -0.850449557662504 ], [ 30.682823577867886, -0.849552103466079 ], [ 30.690015852999068, -0.835996596889636 ], [ 30.704386051425335, -0.833293087935071 ], [ 30.710677559442392, -0.824256747183692 ], [ 30.72324973029945, -0.825168016233934 ], [ 30.723252294259837, -0.820647963795482 ], [ 30.717865527296901, -0.817932850195397 ], [ 30.725949507512443, -0.815225433937839 ], [ 30.722359330142595, -0.811607349382609 ], [ 30.725055498050111, -0.807992829655283 ], [ 30.713380384711481, -0.808890233419454 ], [ 30.715178491186681, -0.805275230415656 ], [ 30.723261908827091, -0.803471763526569 ], [ 30.722367849784803, -0.796239179171654 ], [ 30.712488877604031, -0.797137674809577 ], [ 30.705302064461698, -0.801653645442155 ], [ 30.709790239850889, -0.805272185291259 ], [ 30.706197071379624, -0.807078150737839 ], [ 30.704393325649651, -0.820637108817331 ], [ 30.700802201190996, -0.818827038562023 ], [ 30.696308392880102, -0.825152396195884 ], [ 30.694514400042355, -0.821535379450354 ], [ 30.699006642727209, -0.817922005649769 ], [ 30.69631408138201, -0.815208468947363 ], [ 30.699908780223087, -0.810690558408361 ], [ 30.696317155122429, -0.809784508405223 ], [ 30.686434192416762, -0.817914726477863 ], [ 30.681048105641388, -0.814295660242521 ], [ 30.681043952671253, -0.821527529120797 ], [ 30.688225046116049, -0.82695565079831 ], [ 30.677450809555761, -0.82333339054311 ], [ 30.681033942149355, -0.838703216563927 ], [ 30.66486465857955, -0.84682929516846 ], [ 30.656790040505253, -0.834168833898956 ], [ 30.661281710970751, -0.831459611619917 ], [ 30.657690720198648, -0.829649530085856 ], [ 30.659488337854604, -0.826938691583664 ], [ 30.65589576005128, -0.827840524285159 ], [ 30.65949150579571, -0.821514873676259 ], [ 30.655006176423772, -0.813376521520871 ], [ 30.650517193654373, -0.811565963770972 ], [ 30.648715407288382, -0.821508502148411 ], [ 30.645132309926176, -0.806139045938696 ], [ 30.640639188364741, -0.811560172972057 ], [ 30.636150258239084, -0.809749623808482 ], [ 30.648731516441181, -0.793485657804447 ], [ 30.648735076597106, -0.787157918182635 ], [ 30.646040580106952, -0.788060348599593 ], [ 30.648737602108447, -0.782638104039143 ], [ 30.644247123162916, -0.783539526560788 ], [ 30.643345068188051, -0.790770692318077 ], [ 30.634361554073518, -0.797093221905298 ], [ 30.633473772823816, -0.77901364578901 ], [ 30.637963204109568, -0.779920138797235 ], [ 30.644251646262095, -0.775403887253678 ], [ 30.633475283890512, -0.776301787166659 ], [ 30.633480282711176, -0.767262258152851 ], [ 30.624502967756055, -0.762737510973317 ], [ 30.623600503182423, -0.770872529528107 ], [ 30.612825320031927, -0.769962520036148 ], [ 30.616419709459002, -0.765444835702352 ], [ 30.610139394460756, -0.75549799931957 ], [ 30.619118585207801, -0.756406907942569 ], [ 30.614635105018824, -0.74465319733143 ], [ 30.622714881335206, -0.748273378028135 ], [ 30.622712439697469, -0.752793107572712 ], [ 30.628101264994129, -0.750988163662119 ], [ 30.626307260526072, -0.747371388645067 ], [ 30.631695117086664, -0.747374317917769 ], [ 30.632587733008791, -0.75731828189067 ], [ 30.637974646021476, -0.759129154104995 ], [ 30.639772084404058, -0.756418270502522 ], [ 30.636185496900438, -0.746472799123253 ], [ 30.620922334324991, -0.741944784227721 ], [ 30.620028690617293, -0.733808800126853 ], [ 30.616436825366446, -0.733806874017599 ], [ 30.620940727583765, -0.706690935472557 ], [ 30.629024702014739, -0.702175346025307 ], [ 30.629026972923345, -0.697655594683338 ], [ 30.620943934152017, -0.700363320968083 ], [ 30.620947111872891, -0.69403570627753 ], [ 30.614661403664613, -0.694032517700983 ], [ 30.618248221220519, -0.703977715637497 ], [ 30.613758426112724, -0.703975403711733 ], [ 30.61195554419562, -0.717533562151596 ], [ 30.60208548969349, -0.703065439938782 ], [ 30.607474576891249, -0.70035641563182 ], [ 30.585928022928197, -0.692209991072667 ], [ 30.585033274253661, -0.685882082834701 ], [ 30.58144108421963, -0.686784174793155 ], [ 30.581438345853222, -0.692207686989823 ], [ 30.575153740645693, -0.690396625158895 ], [ 30.573357424257477, -0.691299615618269 ], [ 30.596693616254562, -0.71119800943035 ], [ 30.58232793879333, -0.708478694761738 ], [ 30.577842924835824, -0.699437170742939 ], [ 30.573351871623601, -0.70214657448503 ], [ 30.571558801198602, -0.696722163169802 ], [ 30.567966629265346, -0.69762420681306 ], [ 30.567963832356121, -0.703047664373587 ], [ 30.577835902454542, -0.712995914012066 ], [ 30.581427176936774, -0.713901734411227 ], [ 30.583224938275119, -0.710287006226044 ], [ 30.595788582427158, -0.7247564612587 ], [ 30.603870153978377, -0.724760774618494 ], [ 30.6011753386111, -0.726567201929713 ], [ 30.605663205006245, -0.730185339498822 ], [ 30.603864889884143, -0.734704043311501 ], [ 30.599377997733466, -0.729278032809471 ], [ 30.595784748252264, -0.731987886404633 ], [ 30.595786190529953, -0.729276102004589 ], [ 30.586807676313899, -0.727463418104818 ], [ 30.590394144971608, -0.737408521118144 ], [ 30.598472788227916, -0.742836498950823 ], [ 30.596674428732864, -0.747355158937064 ], [ 30.58051772127132, -0.735595289348765 ], [ 30.576032870148069, -0.726553686347924 ], [ 30.580523523332793, -0.724748274269316 ], [ 30.579627977023851, -0.720228204301042 ], [ 30.570647667184517, -0.722031215327043 ], [ 30.573345284264715, -0.714801359133934 ], [ 30.566163266490896, -0.71208580538577 ], [ 30.568854675180113, -0.716606787742304 ], [ 30.562567741828577, -0.719315141162539 ], [ 30.542820692827345, -0.705746083852688 ], [ 30.560778081648458, -0.707563413820503 ], [ 30.550904739771322, -0.700326988518914 ], [ 30.551804527175427, -0.696711866326122 ], [ 30.558988795444176, -0.694907813173408 ], [ 30.551807780064976, -0.69038457554653 ], [ 30.551811003271087, -0.684057284582681 ], [ 30.555402200270663, -0.684963029963339 ], [ 30.55540357236433, -0.682251326479735 ], [ 30.549119098916101, -0.680440312044995 ], [ 30.549120919724878, -0.676824724387907 ], [ 30.546427194319335, -0.676823352586331 ], [ 30.550014720444089, -0.684960258958651 ], [ 30.549111252228251, -0.695806558922145 ], [ 30.529350189394261, -0.709354430972407 ], [ 30.525756176523441, -0.713871902353467 ], [ 30.524850953722229, -0.72742961826143 ], [ 30.521257865180011, -0.73013926565581 ], [ 30.525743900105557, -0.736468921632197 ], [ 30.527542195362305, -0.731950515508929 ], [ 30.532031234770454, -0.732856891230666 ], [ 30.537421649508406, -0.72743654531511 ], [ 30.540115385593285, -0.727438025106313 ], [ 30.537416716349124, -0.736475432648649 ], [ 30.546397849241284, -0.732864840849335 ], [ 30.541006385427202, -0.740092994486363 ], [ 30.532924665468329, -0.740992360216004 ], [ 30.540103960707601, -0.74822750766802 ], [ 30.543696136678438, -0.747325641581515 ], [ 30.545495475900093, -0.74099939335366 ], [ 30.552680335873447, -0.738291698917611 ], [ 30.547287316981166, -0.748231558441763 ], [ 30.549080645042451, -0.752752052312745 ], [ 30.555368639213466, -0.748236101436681 ], [ 30.551770874569286, -0.759080865222585 ], [ 30.559856782045436, -0.750950330613414 ], [ 30.563447508083719, -0.752760161189307 ], [ 30.564347943600126, -0.74824113166676 ], [ 30.568834620394011, -0.75366709972479 ], [ 30.581407796011426, -0.750058475112538 ], [ 30.57781302570061, -0.755479970530408 ], [ 30.586790494429565, -0.759100690826851 ], [ 30.576015129425826, -0.759094620990225 ], [ 30.574220752846109, -0.756381865999276 ], [ 30.558954311643216, -0.759084955243043 ], [ 30.565239344670349, -0.759992431691079 ], [ 30.565235784894327, -0.766319784180612 ], [ 30.569724460659025, -0.768130173050244 ], [ 30.56343888730245, -0.768126568249151 ], [ 30.559843538682848, -0.77445183092163 ], [ 30.558949210131956, -0.768123987704213 ], [ 30.552663687470112, -0.768120366979645 ], [ 30.552661624666801, -0.771735962802325 ], [ 30.546375088707972, -0.773540105042438 ], [ 30.549073516552621, -0.765406604232614 ], [ 30.534709854662321, -0.759974990143473 ], [ 30.540092731247768, -0.768113097665536 ], [ 30.536499494976901, -0.770822677745033 ], [ 30.538291684601706, -0.77715094777929 ], [ 30.534697372603731, -0.781668271330776 ], [ 30.549063126785548, -0.783484534125692 ], [ 30.546367756894689, -0.786194629960648 ], [ 30.549058372240857, -0.791619602022949 ], [ 30.542772861449969, -0.791615855462959 ], [ 30.544566585848315, -0.795232500285916 ], [ 30.54276911995856, -0.797943100303558 ], [ 30.536488446693138, -0.789804323630418 ], [ 30.531998303850056, -0.790705525741206 ], [ 30.534688318541168, -0.797034344023733 ], [ 30.529300787490673, -0.797031092391053 ], [ 30.522121215570351, -0.79069959993932 ], [ 30.521220072600777, -0.796122324306733 ], [ 30.526604867176108, -0.800644988113737 ], [ 30.524806856079611, -0.804259415747289 ] ], [ [ 30.555393383920542, -0.702137151241129 ], [ 30.556291771864355, -0.701233722354979 ], [ 30.555393853383084, -0.701233250155361 ], [ 30.555393383920542, -0.702137151241129 ] ], [ [ 30.546427194319335, -0.676823352586331 ], [ 30.545529741414057, -0.675919000504968 ], [ 30.545529287064742, -0.676822894985092 ], [ 30.546427194319335, -0.676823352586331 ] ], [ [ 30.520352967740486, -0.742793045231056 ], [ 30.505090231832252, -0.740072792830995 ], [ 30.503296467796261, -0.736456314124929 ], [ 30.500601287721828, -0.739166383713673 ], [ 30.488037965765479, -0.726505274822706 ], [ 30.48354808744979, -0.727406610239454 ], [ 30.483549587550087, -0.724695055562305 ], [ 30.470982416236701, -0.719264947438249 ], [ 30.465594745385122, -0.720165776372081 ], [ 30.464693372241854, -0.726492141969061 ], [ 30.462003809360706, -0.719259927098415 ], [ 30.455718320755107, -0.720160234354277 ], [ 30.454822469242643, -0.716544403771219 ], [ 30.450333217154682, -0.716541889364763 ], [ 30.443144892975418, -0.726479911792533 ], [ 30.452119309109232, -0.733715656006924 ], [ 30.436855891239535, -0.733706874423351 ], [ 30.435954429288362, -0.740033082110542 ], [ 30.441337857884744, -0.746362967812386 ], [ 30.438642743002671, -0.74907284817605 ], [ 30.443128829929599, -0.754498426883459 ], [ 30.450312187194484, -0.75359884467537 ], [ 30.4539004550907, -0.759023944335901 ], [ 30.458391869114173, -0.755411268943301 ], [ 30.459287625589948, -0.759027135466004 ], [ 30.464676395899854, -0.756318805233539 ], [ 30.466471080767271, -0.758127540354244 ], [ 30.456590323699054, -0.765352368206582 ], [ 30.452999409686857, -0.764446391594111 ], [ 30.448505825181439, -0.77167432125063 ], [ 30.43234392843625, -0.772568341828569 ], [ 30.441323515827005, -0.770766154018258 ], [ 30.445817081112146, -0.763538269411416 ], [ 30.436838561595806, -0.763532887168818 ], [ 30.430556845700615, -0.758106224158887 ], [ 30.420680073320394, -0.759004116742213 ], [ 30.419780626462792, -0.761714996343169 ], [ 30.408111501851259, -0.757188951595171 ], [ 30.394643627827211, -0.758084608735482 ], [ 30.391055060832539, -0.753563502277139 ], [ 30.393750115634923, -0.750853763346378 ], [ 30.389262652776669, -0.748139712164734 ], [ 30.381181299877465, -0.749942418951447 ], [ 30.380287241752228, -0.743615432348467 ], [ 30.374900427457998, -0.743612208967977 ], [ 30.374902559165456, -0.739997112864703 ], [ 30.36681648285111, -0.749933738294799 ], [ 30.359634136822173, -0.74992938020978 ], [ 30.357836382560681, -0.753543334920279 ], [ 30.366808303173443, -0.763490259276485 ], [ 30.376685222592794, -0.761688789826367 ], [ 30.376681378796707, -0.768015216414279 ], [ 30.385659478550814, -0.768020757451696 ], [ 30.386552876872955, -0.775251569451604 ], [ 30.39732891151916, -0.771643093156135 ], [ 30.395528291894031, -0.779776085806419 ], [ 30.398220094524383, -0.782489135744397 ], [ 30.406302211589676, -0.779782786005702 ], [ 30.408094543510263, -0.785206687237001 ], [ 30.413483217236209, -0.782498642654644 ], [ 30.419762528702133, -0.791540603261226 ], [ 30.427845916013062, -0.787026599404843 ], [ 30.433228010173053, -0.79516428446291 ], [ 30.446695319480153, -0.796076522121264 ], [ 30.449392784676977, -0.789751410263707 ], [ 30.460168832053821, -0.787046550916486 ], [ 30.459274234545884, -0.781622994365369 ], [ 30.464661998033229, -0.780722435465388 ], [ 30.465565789192013, -0.770780754394787 ], [ 30.477238158204727, -0.77078773476352 ], [ 30.477240811291061, -0.766268499891167 ], [ 30.488910632712848, -0.770794682992859 ], [ 30.487120654035149, -0.760851223397181 ], [ 30.491608508985092, -0.76356542583023 ], [ 30.495201629714902, -0.760855956449065 ], [ 30.492513155956622, -0.751815803664244 ], [ 30.486230552675984, -0.747292896875183 ], [ 30.488029894936741, -0.74096694931463 ], [ 30.480849421600993, -0.73644359304451 ], [ 30.493419214177827, -0.737354589232377 ], [ 30.505982529710568, -0.750015839228621 ], [ 30.514063602281261, -0.750020469824947 ], [ 30.520346362750782, -0.754543445781126 ], [ 30.520352967740486, -0.742793045231056 ] ], [ [ 30.350800009078796, -0.451684155178147 ], [ 30.361568587598896, -0.463437051160254 ], [ 30.373242624439026, -0.454403683203579 ], [ 30.378632695707754, -0.444464099508633 ], [ 30.379535467726434, -0.430003966260306 ], [ 30.404685088429272, -0.392053158184981 ], [ 30.39571316999865, -0.373070755247749 ], [ 30.395717085832061, -0.359513901217809 ], [ 30.392126826303389, -0.35680150565167 ], [ 30.391234999243437, -0.335110359633704 ], [ 30.400216742445899, -0.318844479364361 ], [ 30.39213875206298, -0.311612118602811 ], [ 30.391243838969306, -0.299862661762513 ], [ 30.383162162362982, -0.307994750776337 ], [ 30.383157387809824, -0.326974157443416 ], [ 30.387645184757574, -0.330590473097161 ], [ 30.383154772935921, -0.336915751097739 ], [ 30.383151831023962, -0.347761125736965 ], [ 30.387639326505955, -0.352281300542733 ], [ 30.387635737314074, -0.364934282707596 ], [ 30.391225968383544, -0.367646693645728 ], [ 30.392114714315738, -0.397471949813965 ], [ 30.38762478461889, -0.401085658104057 ], [ 30.387621884901346, -0.410123501413329 ], [ 30.378639857679929, -0.423677211443789 ], [ 30.354394193926591, -0.442647872910167 ], [ 30.350800009078796, -0.451684155178147 ] ], [ [ 30.033982174807562, -0.337718490661617 ], [ 30.033085243805484, -0.335911194350141 ], [ 30.03308469691768, -0.337718214682795 ], [ 30.033982174807562, -0.337718490661617 ] ], [ [ 30.50169077015352, -0.199559545717154 ], [ 30.503483262847933, -0.219444888904965 ], [ 30.496299479249068, -0.226674573706041 ], [ 30.498992152795452, -0.231194360612159 ], [ 30.491808157534322, -0.239327811902284 ], [ 30.491804924274668, -0.256501125283596 ], [ 30.516942805542428, -0.262833195367487 ], [ 30.516944214728234, -0.255602187501698 ], [ 30.522332259555768, -0.250179957332153 ], [ 30.534004198281018, -0.250182172250119 ], [ 30.538494268020212, -0.245663567479149 ], [ 30.533107190056644, -0.245662566767957 ], [ 30.527722558441763, -0.232103312604281 ], [ 30.521437693759189, -0.232102204532277 ], [ 30.526827006397475, -0.218544912161833 ], [ 30.521441579878339, -0.20860134719433 ], [ 30.50169077015352, -0.199559545717154 ] ], [ [ 30.400246594078034, -0.160680575667558 ], [ 30.387679636805753, -0.148929758707017 ], [ 30.387680966292358, -0.13718055669884 ], [ 30.383192676622901, -0.133564936544921 ], [ 30.367931392662946, -0.132659524406372 ], [ 30.355364355688252, -0.122716801009032 ], [ 30.359851915019924, -0.132658657311426 ], [ 30.365238034977661, -0.134466772562748 ], [ 30.365237032858204, -0.143504456985293 ], [ 30.370623058610686, -0.146216398459376 ], [ 30.366133687385094, -0.152542252037353 ], [ 30.369724471015694, -0.153446466203026 ], [ 30.381392372129888, -0.17333107275783 ], [ 30.376902563667166, -0.181464439222577 ], [ 30.388571931308398, -0.189600208643317 ], [ 30.390366167968637, -0.197734561382809 ], [ 30.379594698562322, -0.1886950633548 ], [ 30.376002944859717, -0.194117175560349 ], [ 30.367025804465811, -0.193212000163147 ], [ 30.365232501943716, -0.178751425430733 ], [ 30.367925414052777, -0.180559355229281 ], [ 30.37241430407304, -0.178752462039448 ], [ 30.361642379123612, -0.173328311383982 ], [ 30.3544607668222, -0.172423541596762 ], [ 30.346380728369567, -0.176941181751552 ], [ 30.329324508084788, -0.176034974110767 ], [ 30.326629965570653, -0.185975725195751 ], [ 30.340095052651609, -0.188689024442687 ], [ 30.33919679331969, -0.19230388323469 ], [ 30.330219922900323, -0.191398728546699 ], [ 30.329321230152978, -0.197724781507326 ], [ 30.33650210153672, -0.202244680143654 ], [ 30.33829661293996, -0.207667468404621 ], [ 30.347273540007404, -0.208572743867395 ], [ 30.346375218086848, -0.212187609572336 ], [ 30.340988810979994, -0.213090428451668 ], [ 30.343680674145109, -0.22032091690776 ], [ 30.349067417750046, -0.217610613803857 ], [ 30.36881662969207, -0.221229181137568 ], [ 30.378690217727495, -0.229364945338552 ], [ 30.391259544993662, -0.223944535126121 ], [ 30.39665120995047, -0.192312808074452 ], [ 30.402037834034658, -0.191409839718763 ], [ 30.404732022293526, -0.18508367121079 ], [ 30.403835554038331, -0.17604557480116 ], [ 30.396653945185207, -0.173333192375116 ], [ 30.407427177060896, -0.171527083140945 ], [ 30.410121273347269, -0.165200843934075 ], [ 30.410121621722915, -0.162489441107228 ], [ 30.400246594078034, -0.160680575667558 ] ], [ [ 30.087882318888266, 0.019169343596453 ], [ 30.088779840619118, 0.018265803096785 ], [ 30.088779825708386, 0.019169358972357 ], [ 30.087882318888266, 0.019169343596453 ] ], [ [ 30.088779942425276, 0.010133800212622 ], [ 30.094165019179176, 0.00742316826989 ], [ 30.108525281054312, 0.009230406641283 ], [ 30.117500451609036, 0.017362690607196 ], [ 30.121988124286741, 0.016459176955527 ], [ 30.124680620362231, 0.022784308866139 ], [ 30.12916827110292, 0.024591575550044 ], [ 30.131860947142364, 0.021880862665428 ], [ 30.133656094519736, 0.018266529915871 ], [ 30.128270964891325, 0.008326980300472 ], [ 30.134553764090221, 0.0065198412764 ], [ 30.1372463545645, 0.011941424802662 ], [ 30.139939003827958, 0.011037856223087 ], [ 30.133656151045706, -0.014262775963813 ], [ 30.142631615152951, -0.014262888411632 ], [ 30.15250457872698, -0.022395472571903 ], [ 30.148914235855813, -0.027817025810137 ], [ 30.156991612840528, -0.047696648804243 ], [ 30.156990730116625, -0.065768854726288 ], [ 30.163273248924227, -0.072998136823058 ], [ 30.184815110298963, -0.072095868637671 ], [ 30.186610109218286, -0.074806880998598 ], [ 30.185712104216861, -0.081132252751488 ], [ 30.182122076002624, -0.076613850904779 ], [ 30.17404381036949, -0.077516938561969 ], [ 30.167760164433179, -0.086552703275602 ], [ 30.169555033342807, -0.090167318970293 ], [ 30.206356605195179, -0.08294099195636 ], [ 30.229694258197011, -0.085653645341918 ], [ 30.237773227729114, -0.080232194357327 ], [ 30.244057022389619, -0.073906876034537 ], [ 30.243160060864255, -0.06215901623052 ], [ 30.275476253655647, -0.033242248964697 ], [ 30.279067228345493, -0.015168258829316 ], [ 30.289839189588886, -0.009746119353327 ], [ 30.297918219359865, 0.002002157992182 ], [ 30.302406531570902, 0.01013566373663 ], [ 30.300610964782287, 0.025498900371827 ], [ 30.305996701680964, 0.037247435330379 ], [ 30.304201078653019, 0.045380890360234 ], [ 30.293429107152896, 0.043573054510304 ], [ 30.279066062363594, 0.055320691636021 ], [ 30.262010735860958, 0.055319901269596 ], [ 30.259317640497631, 0.058934534138539 ], [ 30.257520664143026, 0.086948777974701 ], [ 30.24315782802659, 0.095984496092025 ], [ 30.236873522263728, 0.106828053766501 ], [ 30.237770734751383, 0.111346500382449 ], [ 30.245848873839456, 0.116769337286502 ], [ 30.245845376478076, 0.148398110133331 ], [ 30.253025778227812, 0.153821117857333 ], [ 30.25482250112281, 0.142073431859622 ], [ 30.271879568889137, 0.125808884779531 ], [ 30.29073039899685, 0.125810863611312 ], [ 30.292523410560001, 0.146596486580216 ], [ 30.288034527906042, 0.151114495350831 ], [ 30.287135227342631, 0.16376632953149 ], [ 30.303291012217436, 0.180035533174318 ], [ 30.305982825387005, 0.188169455765516 ], [ 30.317651733791585, 0.194497400547155 ], [ 30.314957506405847, 0.201726819493757 ], [ 30.317649056489152, 0.210764599820268 ], [ 30.3149561454969, 0.209860401054255 ], [ 30.31226182999584, 0.217089769250492 ], [ 30.308671251323823, 0.216185399247828 ], [ 30.313158052729772, 0.22522349931333 ], [ 30.306874093436353, 0.226126056184523 ], [ 30.302383813004322, 0.236066157184117 ], [ 30.283533209627038, 0.23335133696707 ], [ 30.27814563721595, 0.24148362093332 ], [ 30.270964362910885, 0.241482170404512 ], [ 30.270067422854972, 0.237867198685384 ], [ 30.255705903197892, 0.233345895673278 ], [ 30.245830243740233, 0.241477063547505 ], [ 30.254808954723739, 0.229730975390606 ], [ 30.262887946835935, 0.228828844662083 ], [ 30.262889296344536, 0.221599307781926 ], [ 30.266480064224304, 0.220696280898678 ], [ 30.27097010439212, 0.210756430499901 ], [ 30.266484128019325, 0.19720021465351 ], [ 30.261099111323524, 0.191777178030307 ], [ 30.247634494112461, 0.191775002130323 ], [ 30.232372833827075, 0.203520218276245 ], [ 30.215317138252672, 0.208939195122194 ], [ 30.210829085184546, 0.208938393037443 ], [ 30.202752044510795, 0.200804132216615 ], [ 30.150693212948561, 0.195373442586286 ], [ 30.148896691086588, 0.203505570015624 ], [ 30.135433203606869, 0.204406759892281 ], [ 30.113888308442029, 0.225185120564106 ], [ 30.112993362870661, 0.211631313312186 ], [ 30.104018073097901, 0.211629627561759 ], [ 30.080684951363981, 0.198975531203339 ], [ 30.07799459311612, 0.18632539223824 ], [ 30.072610178279589, 0.182710320749881 ], [ 30.084278583615035, 0.177290919518203 ], [ 30.093256500375272, 0.158317593779922 ], [ 30.108516256851768, 0.143862596185638 ], [ 30.107620358976131, 0.130308916776722 ], [ 30.104030674034743, 0.126694228752116 ], [ 30.104931118270812, 0.0968765579271 ], [ 30.116599889302723, 0.085131043626929 ], [ 30.113010645315288, 0.072480718191849 ], [ 30.128269791836704, 0.052602769850878 ], [ 30.105831777333126, 0.047180307847491 ], [ 30.098651435456116, 0.051697825676796 ], [ 30.092368886041111, 0.050793977356539 ], [ 30.090573378422722, 0.060733026433467 ], [ 30.063648177994949, 0.065249236825475 ], [ 30.056469207060516, 0.04717822135955 ], [ 30.038520343561967, 0.029107155054572 ], [ 30.038520432053399, 0.025493095272499 ], [ 30.044802842326934, 0.019168599998921 ], [ 30.051982638847939, 0.019168724687466 ], [ 30.079804397254513, 0.035433080102375 ], [ 30.088779810077867, 0.020072914847821 ], [ 30.089677166712431, 0.027301383738963 ], [ 30.095062084222146, 0.032722880594446 ], [ 30.104934883687829, 0.028205323754152 ], [ 30.107627128010325, 0.039048243704545 ], [ 30.121987666909721, 0.036337992695147 ], [ 30.121090292421286, 0.030916472985166 ], [ 30.105832670006553, 0.013748232594557 ], [ 30.097755041412967, 0.011037444470919 ], [ 30.088779840619118, 0.018265803096785 ], [ 30.088779942425276, 0.010133800212622 ] ], [ [ 30.587593152113644, 0.914965347583424 ], [ 30.586694561112139, 0.915868660577289 ], [ 30.586695165755277, 0.914964739357485 ], [ 30.587593152113644, 0.914965347583424 ] ], [ [ 30.891254408170699, -0.704110116896862 ], [ 30.885861952964664, -0.712244649171579 ], [ 30.875982163986119, -0.713144178960283 ], [ 30.866996777964147, -0.722180985171193 ], [ 30.870587146044524, -0.726703186180577 ], [ 30.871478426754194, -0.741169235436675 ], [ 30.882253379375115, -0.746599084730527 ], [ 30.884046169636111, -0.753832825774983 ], [ 30.895717602002552, -0.762879679016717 ], [ 30.900208327154665, -0.762881888203222 ], [ 30.908296869068351, -0.752036378225629 ], [ 30.912788477608903, -0.750230291951037 ], [ 30.914584352128745, -0.751135281035152 ], [ 30.902002864394881, -0.766499247362572 ], [ 30.886732198276729, -0.771012238964778 ], [ 30.866965512311424, -0.786371992286892 ], [ 30.858873495069403, -0.803545605607796 ], [ 30.84539538694742, -0.815291585767878 ], [ 30.845392492533172, -0.820716099238816 ], [ 30.856170531929678, -0.819817839215257 ], [ 30.863358478670794, -0.814397129069852 ], [ 30.869644491856942, -0.816208680180604 ], [ 30.871436471741319, -0.824346547311768 ], [ 30.879522164175015, -0.819830361195305 ], [ 30.892993948294805, -0.820741636847499 ], [ 30.87054547696124, -0.810784555911872 ], [ 30.882230167165623, -0.793612681105334 ], [ 30.885823199869716, -0.792710422206549 ], [ 30.887616730109603, -0.798136009347698 ], [ 30.8885194634254, -0.78909536175343 ], [ 30.893909252004793, -0.787289883912308 ], [ 30.902885753889766, -0.797239758278533 ], [ 30.904684799265155, -0.791815955408583 ], [ 30.913661370364188, -0.801765901039624 ], [ 30.918152188604061, -0.801768203016141 ], [ 30.912766856108732, -0.79453243762475 ], [ 30.914564987655424, -0.790916845616163 ], [ 30.922649351692698, -0.789112665725113 ], [ 30.92265203453718, -0.783687879336886 ], [ 30.898403603951941, -0.780059229569076 ], [ 30.898405394628401, -0.77644276138217 ], [ 30.905591929227217, -0.773733988291271 ], [ 30.918164336158551, -0.77735673461526 ], [ 30.928944048218966, -0.773745532611124 ], [ 30.927149470882458, -0.770128114309649 ], [ 30.919964180688897, -0.770124589469632 ], [ 30.916374609757774, -0.763793929806984 ], [ 30.921763554062604, -0.763796557369609 ], [ 30.9298435265489, -0.771033568256059 ], [ 30.94780779505983, -0.769234034853882 ], [ 30.931648485415714, -0.752951720647603 ], [ 30.932555067289663, -0.734869410944121 ], [ 30.923573500898588, -0.734865215728947 ], [ 30.92087271023717, -0.748425907081206 ], [ 30.918181641975174, -0.741191590724809 ], [ 30.922674091279266, -0.7375771890779 ], [ 30.916385760945385, -0.740286612418775 ], [ 30.912795269023579, -0.735764283094888 ], [ 30.918189160591186, -0.724917273895445 ], [ 30.928070879999989, -0.720401164759928 ], [ 30.928970663398292, -0.716785036003216 ], [ 30.923583376459089, -0.713166051102462 ], [ 30.904722752880861, -0.712253322978632 ], [ 30.901133863351721, -0.704114606495413 ], [ 30.891254408170699, -0.704110116896862 ] ], [ [ 31.366428300662644, -0.71605886187094 ], [ 31.364631868323645, -0.715153857907708 ], [ 31.364631547983453, -0.716058216870231 ], [ 31.366428300662644, -0.71605886187094 ] ], [ [ 31.361936422002273, -0.716057248041162 ], [ 31.3745215471316, -0.69345266869706 ], [ 31.396083295798558, -0.691651327387804 ], [ 31.402373209366264, -0.688035959055477 ], [ 31.403273692331442, -0.681705627032166 ], [ 31.379916378376247, -0.679889039588599 ], [ 31.370931118263627, -0.684407805739671 ], [ 31.36643710744627, -0.690736786717722 ], [ 31.363735407354635, -0.709727384142419 ], [ 31.360141913382577, -0.709726102738719 ], [ 31.358343569108428, -0.714247241578342 ], [ 31.343071938456873, -0.712433025129692 ], [ 31.341276498982879, -0.708814980985091 ], [ 31.325104711797682, -0.712426484394106 ], [ 31.314325439603536, -0.709709518711475 ], [ 31.312526762634427, -0.715134868817913 ], [ 31.30803895265722, -0.704281209587414 ], [ 31.312532317803218, -0.69976117414908 ], [ 31.309841127584185, -0.688908191988553 ], [ 31.314337270320838, -0.676249091174583 ], [ 31.300862450912408, -0.675340031115604 ], [ 31.298165540840547, -0.680765051829666 ], [ 31.288285430520734, -0.676239911719519 ], [ 31.286487173803632, -0.680760887503722 ], [ 31.28199551323884, -0.68075927826583 ], [ 31.288283202226282, -0.682570177316321 ], [ 31.288281919591334, -0.686187471864752 ], [ 31.274806941948658, -0.686182598034478 ], [ 31.273905021428124, -0.696129756074613 ], [ 31.25683582876065, -0.698836359743604 ], [ 31.262220736506674, -0.712403036951594 ], [ 31.264020756340496, -0.70336059942153 ], [ 31.273903702393728, -0.699747022991031 ], [ 31.278391373857524, -0.710600511083152 ], [ 31.287375410389416, -0.708795227079821 ], [ 31.292761782226172, -0.718744812995338 ], [ 31.314322806482924, -0.716944205088412 ], [ 31.317013874237894, -0.727797247556081 ], [ 31.323301375737273, -0.730512625508359 ], [ 31.324197717810808, -0.73593900485608 ], [ 31.332284327818897, -0.7323246797138 ], [ 31.334977076443895, -0.738656105651302 ], [ 31.344857795516926, -0.742277221788577 ], [ 31.350249039657339, -0.739566192776001 ], [ 31.353847819071209, -0.725097872342166 ], [ 31.343070317713629, -0.716954770730204 ], [ 31.361936422002273, -0.716057248041162 ] ], [ [ 31.312532317803218, -0.69976117414908 ], [ 31.313430343696851, -0.700665834869859 ], [ 31.313430666956922, -0.699761499439485 ], [ 31.312532317803218, -0.69976117414908 ] ], [ [ 30.932579096888674, -0.680621185577746 ], [ 30.942456841502775, -0.685146154422647 ], [ 30.936172080319974, -0.679718595806304 ], [ 30.93707404365329, -0.670677584292504 ], [ 30.941565552307399, -0.668871203526445 ], [ 30.941569666796596, -0.658925637052751 ], [ 30.950550821777401, -0.659833513646035 ], [ 30.950551929891734, -0.657121071010867 ], [ 30.943367078164972, -0.656213953795721 ], [ 30.94696152152612, -0.651694712332788 ], [ 30.946966598616353, -0.639036674617962 ], [ 30.935288886208564, -0.643552656406223 ], [ 30.927202307308765, -0.651686563063238 ], [ 30.92630081733904, -0.659823393980042 ], [ 30.917319052557197, -0.660723744293018 ], [ 30.918210329183445, -0.67699844496286 ], [ 30.911922975360937, -0.677899847903102 ], [ 30.913717696770586, -0.68151713295326 ], [ 30.922698328063387, -0.683329305157622 ], [ 30.925390032592436, -0.68965940907728 ], [ 30.932579096888674, -0.680621185577746 ] ], [ [ 31.241579105404931, -0.658137075501954 ], [ 31.246972095012744, -0.649095946923874 ], [ 31.263145088013196, -0.63915413532704 ], [ 31.26225068953147, -0.62739778158457 ], [ 31.245181627479756, -0.631009258046048 ], [ 31.242488228091908, -0.626486832981422 ], [ 31.233501558460187, -0.637335360084065 ], [ 31.230801981610512, -0.65089886919253 ], [ 31.23978438586277, -0.652710635073342 ], [ 31.241579105404931, -0.658137075501954 ] ], [ [ 31.147305997637574, -0.516134776142961 ], [ 31.14910116143276, -0.520656579926133 ], [ 31.14101596060852, -0.524271189825714 ], [ 31.141911235969729, -0.534218226819573 ], [ 31.13472480166212, -0.536024530395509 ], [ 31.13292612754487, -0.543257955206023 ], [ 31.118554434193264, -0.543253466246763 ], [ 31.126634551790108, -0.55591540753358 ], [ 31.108670555669494, -0.554101172204021 ], [ 31.106873245945366, -0.55681329451736 ], [ 31.110462358739539, -0.56856951328658 ], [ 31.119441104011727, -0.579423345243883 ], [ 31.114949645161357, -0.580326079766958 ], [ 31.110460882601497, -0.573090689325294 ], [ 31.102376854615933, -0.573087998174599 ], [ 31.102370500111519, -0.592076847530583 ], [ 31.092490657421237, -0.590264981903296 ], [ 31.077215304299049, -0.606535602426801 ], [ 31.086194602741664, -0.614676808885335 ], [ 31.079905768330995, -0.618291411841949 ], [ 31.087988132218861, -0.622815465669131 ], [ 31.087987152251948, -0.625528135213486 ], [ 31.081699922595202, -0.624621604724487 ], [ 31.079003945012953, -0.628237487153063 ], [ 31.086186405001264, -0.63728236442174 ], [ 31.084383863971187, -0.653557673500125 ], [ 31.08707614065527, -0.659888265757262 ], [ 31.084380065798545, -0.663504106099401 ], [ 31.087073710457016, -0.666217823669651 ], [ 31.091564522481843, -0.66712380231434 ], [ 31.091567295230007, -0.65989000281358 ], [ 31.103249438471845, -0.646331032972663 ], [ 31.105056077989328, -0.618300511188141 ], [ 31.130217547474999, -0.586660901616167 ], [ 31.132918753013506, -0.566768376168734 ], [ 31.137409949207036, -0.566769832326713 ], [ 31.143703310821007, -0.548686814703624 ], [ 31.141910964045586, -0.535122478485421 ], [ 31.154488754798756, -0.526987977957395 ], [ 31.159884206578326, -0.506191581996537 ], [ 31.150902055108862, -0.505284752785677 ], [ 31.147305997637574, -0.516134776142961 ] ], [ [ 31.941524693789532, -0.353494246881978 ], [ 31.924453962471475, -0.340828284101343 ], [ 31.892107118809939, -0.339920031910232 ], [ 31.880425522531549, -0.347155132935134 ], [ 31.875032447601136, -0.363436487017477 ], [ 31.866945112607727, -0.368862786763512 ], [ 31.867841882816087, -0.382431199401051 ], [ 31.881318379447759, -0.392383109365306 ], [ 31.900187546248489, -0.391481065075175 ], [ 31.931639325493041, -0.366157124785504 ], [ 31.941524693789532, -0.353494246881978 ] ], [ [ 31.795975876164448, 0.257986005074902 ], [ 31.794179162789845, 0.255272245293019 ], [ 31.812148887399211, 0.255273929174748 ], [ 31.824726672513258, 0.267034107246369 ], [ 31.836406691666358, 0.271557942716567 ], [ 31.828319243836049, 0.281507104161407 ], [ 31.829217285621592, 0.286029900000069 ], [ 31.823826124104393, 0.287838423487494 ], [ 31.822927997497317, 0.284220174381559 ], [ 31.817537125670821, 0.283315082771567 ], [ 31.818435892402704, 0.280601562616536 ], [ 31.813044756243873, 0.282410084583649 ], [ 31.813045030195884, 0.279696477452236 ], [ 31.81124786565573, 0.281505364576114 ], [ 31.806755689828705, 0.278791301704907 ], [ 31.804061121658368, 0.269745698858237 ], [ 31.791482942213474, 0.263412747734788 ], [ 31.795975876164448, 0.257986005074902 ] ], [ [ 31.982857938080006, 0.351174950663567 ], [ 31.990045453871421, 0.359317041062721 ], [ 31.991841451986041, 0.369267730965863 ], [ 31.992740309680471, 0.366554062763722 ], [ 31.994537214335121, 0.368363447584926 ], [ 31.995434742948426, 0.377409459526716 ], [ 31.990042997700808, 0.381027188842634 ], [ 31.983753653119972, 0.376503505662216 ], [ 31.982855725986674, 0.371075875400885 ], [ 31.981956863830625, 0.373789532973907 ], [ 31.975667118157798, 0.372884211205513 ], [ 31.972970625280457, 0.380120572237841 ], [ 31.96578224102381, 0.380119708545634 ], [ 31.980157405606814, 0.393690229991709 ], [ 31.982852402021319, 0.399118085969812 ], [ 31.981054847510393, 0.40273620960326 ], [ 31.979258411185398, 0.397308464892916 ], [ 31.969375345937312, 0.389165977245791 ], [ 31.965780931203458, 0.390974699489689 ], [ 31.962187511878348, 0.384642182203727 ], [ 31.960389979573421, 0.388260286100795 ], [ 31.964881826057283, 0.395497499529194 ], [ 31.943318204489465, 0.38373527498164 ], [ 31.930738993214842, 0.381019984182569 ], [ 31.925348444042317, 0.375591884250072 ], [ 31.903783910981193, 0.373780059350029 ], [ 31.880424068572314, 0.359304178405895 ], [ 31.875034048593573, 0.350257957059613 ], [ 31.871439982642062, 0.350257522024414 ], [ 31.85886176036686, 0.342115034935436 ], [ 31.841792210210762, 0.324022076054954 ], [ 31.849879466553762, 0.317691170487013 ], [ 31.84179272027189, 0.319499351081865 ], [ 31.841793223163144, 0.314976626067994 ], [ 31.851677366776183, 0.309550438168738 ], [ 31.846286433050491, 0.30864530258511 ], [ 31.847185516738033, 0.303218120171295 ], [ 31.856171136782415, 0.29779178197545 ], [ 31.857967681394463, 0.30231472053061 ], [ 31.854373272320618, 0.305932535539075 ], [ 31.859764029446399, 0.308646765939678 ], [ 31.859763544235729, 0.313169519657194 ], [ 31.872343176747233, 0.308648116231466 ], [ 31.890313481964956, 0.308650019248756 ], [ 31.893907085566397, 0.313173203099967 ], [ 31.895704595044471, 0.308650584195773 ], [ 31.916370619291587, 0.308652724350377 ], [ 31.910080104871373, 0.316793174035655 ], [ 31.913673635785624, 0.322220958292295 ], [ 31.922659383557246, 0.31769906855681 ], [ 31.921761505002834, 0.311366985479124 ], [ 31.924457180942724, 0.310462692063285 ], [ 31.929847246017232, 0.321318109492522 ], [ 31.942426798538477, 0.320414852420327 ], [ 31.950512210446515, 0.333984363865606 ], [ 31.954106365111151, 0.333984749581503 ], [ 31.953208111998382, 0.331270916114173 ], [ 31.963091958957413, 0.332176544264272 ], [ 31.961294304944502, 0.337603842596143 ], [ 31.972075467457337, 0.350269178722217 ], [ 31.971175922545225, 0.359314921311828 ], [ 31.981958797517027, 0.356602375678063 ], [ 31.977467234091062, 0.3457468425547 ], [ 31.972075859662979, 0.346650840904288 ], [ 31.976569263902306, 0.340319230622804 ], [ 31.98735145677319, 0.343938731515889 ], [ 31.982857938080006, 0.351174950663567 ] ], [ [ 31.983756487165085, 0.351175049056183 ], [ 31.984654938769825, 0.352079735375736 ], [ 31.983756389346627, 0.352079636816811 ], [ 31.983756487165085, 0.351175049056183 ] ], [ [ 30.83730230785369, 0.833758433116058 ], [ 30.833712278169838, 0.829236051637475 ], [ 30.833722485155395, 0.810250401604539 ], [ 30.837316873156883, 0.806636011286848 ], [ 30.832829147376369, 0.801209136892324 ], [ 30.833733860719626, 0.788552513513906 ], [ 30.845412612824934, 0.782230015415185 ], [ 30.837336455155558, 0.768664614230137 ], [ 30.838247090897305, 0.74335078831703 ], [ 30.845435445487041, 0.736121636944439 ], [ 30.845444866629698, 0.71623174499386 ], [ 30.849037290311401, 0.716233444300522 ], [ 30.857125690980268, 0.704484048080962 ], [ 30.866100581178049, 0.718049673999228 ], [ 30.87596671124318, 0.746081534072513 ], [ 30.891232816589405, 0.750609495045357 ], [ 30.892127474309859, 0.757842838952066 ], [ 30.897514140245988, 0.76236605943473 ], [ 30.908291913621454, 0.762371345476902 ], [ 30.908282633551245, 0.781357924734484 ], [ 30.916360211699551, 0.793115626394003 ], [ 30.916354746667864, 0.803965154949375 ], [ 30.907371282551768, 0.807577018008926 ], [ 30.885817457164467, 0.803949347178983 ], [ 30.879527633898416, 0.809370699355296 ], [ 30.877723278017911, 0.824739534173831 ], [ 30.869639498790796, 0.825639285550765 ], [ 30.864253062537998, 0.821115890265313 ], [ 30.852570995828547, 0.832862759393709 ], [ 30.83730230785369, 0.833758433116058 ] ] ], [ [ [ 31.811248048272397, 0.279696294338132 ], [ 31.810349739328394, 0.277887133026428 ], [ 31.810349557752069, 0.279696202677259 ], [ 31.811248048272397, 0.279696294338132 ] ] ], [ [ [ 31.871440198493104, 0.348448413328219 ], [ 31.872338606690562, 0.349353076284815 ], [ 31.87233871439058, 0.348448521654609 ], [ 31.871440198493104, 0.348448413328219 ] ] ], [ [ [ 31.97387105522348, 0.363838151236504 ], [ 31.975667843846512, 0.36655211316197 ], [ 31.97926224395863, 0.364743353400598 ], [ 31.977464321058985, 0.371979835601615 ], [ 31.982855725986674, 0.371075875400885 ], [ 31.98016099650243, 0.36293428251433 ], [ 31.97387105522348, 0.363838151236504 ] ] ], [ [ [ 31.960390419484991, 0.384641961997728 ], [ 31.95410126031728, 0.379213712982487 ], [ 31.954100604229545, 0.384641188277819 ], [ 31.960390419484991, 0.384641961997728 ] ], [ [ 31.954999586542151, 0.381022981196571 ], [ 31.955898021654825, 0.381927670614688 ], [ 31.954999477417491, 0.381927560674058 ], [ 31.954999586542151, 0.381022981196571 ] ] ], [ [ [ 34.409271953483575, 0.892892135982471 ], [ 34.404773277568381, 0.876613668748133 ], [ 34.411962003131208, 0.878419852495928 ], [ 34.411963023283008, 0.881133210509652 ], [ 34.41825187031565, 0.879321904963633 ], [ 34.421848282695557, 0.885651670038327 ], [ 34.423640149978986, 0.872084254380537 ], [ 34.431723563682269, 0.86394116221872 ], [ 34.443403611370158, 0.863032272887117 ], [ 34.442503422775367, 0.858510412694724 ], [ 34.421835437674048, 0.851282614033192 ], [ 34.41733967443465, 0.84223977187965 ], [ 34.413746020249526, 0.84314553814409 ], [ 34.414641915202516, 0.835909595083167 ], [ 34.40475589978454, 0.828677521256384 ], [ 34.408349562453324, 0.827771782183473 ], [ 34.406551617974465, 0.825059059149467 ], [ 34.411940356093638, 0.818725966109855 ], [ 34.409243935050867, 0.816013558749548 ], [ 34.412836011445656, 0.810585573762171 ], [ 34.398457671086959, 0.803354931139736 ], [ 34.390371220050113, 0.803357709316639 ], [ 34.391270635418884, 0.806070784626199 ], [ 34.384081738840422, 0.803359858991053 ], [ 34.383179614627828, 0.792506594772741 ], [ 34.376891929087833, 0.797935504202999 ], [ 34.371498833805219, 0.791606036345184 ], [ 34.372395556133995, 0.786178926840999 ], [ 34.360712125747092, 0.777138047201592 ], [ 34.357118694254254, 0.778948159657756 ], [ 34.353523238876583, 0.774426945527878 ], [ 34.344538468962021, 0.775334303343528 ], [ 34.337348702253365, 0.769909705634882 ], [ 34.317580872212631, 0.768106923789032 ], [ 34.313087187633542, 0.764490353578105 ], [ 34.313085544708684, 0.759063410084922 ], [ 34.3085946004786, 0.764491734331102 ], [ 34.29960913007185, 0.763589986193306 ], [ 34.296911943996008, 0.758163827080171 ], [ 34.302301986412353, 0.754544219900663 ], [ 34.294213974694117, 0.750024162146774 ], [ 34.287924588495684, 0.750930529732888 ], [ 34.281640793681575, 0.770831432670685 ], [ 34.26366539773656, 0.754555690949225 ], [ 34.261865999710714, 0.746415635767291 ], [ 34.236703500005284, 0.73375958313293 ], [ 34.219634448506248, 0.745523107130874 ], [ 34.210649227256653, 0.746430130063851 ], [ 34.207053801251824, 0.7419084860605 ], [ 34.198068054997108, 0.741006413932155 ], [ 34.194475061360649, 0.745530050624766 ], [ 34.163925256942676, 0.750060997013634 ], [ 34.158535296841272, 0.755489698783855 ], [ 34.158540146279485, 0.773580569945486 ], [ 34.162135168210852, 0.776293207592871 ], [ 34.163035974722767, 0.784433837269862 ], [ 34.149564896008762, 0.811573975181963 ], [ 34.125307109425442, 0.826053705089581 ], [ 34.120817202268398, 0.836909645609034 ], [ 34.089369917426417, 0.85048703751866 ], [ 34.074097805790323, 0.865869025372081 ], [ 34.064213247350175, 0.86677640375455 ], [ 34.054331170043945, 0.876729512598055 ], [ 34.054333713621872, 0.885775262740191 ], [ 34.062424207013017, 0.895723236172771 ], [ 34.073207727538659, 0.895720073299941 ], [ 34.076801171852956, 0.892100738676182 ], [ 34.11544008938391, 0.886661812265711 ], [ 34.122626790968788, 0.879423189856681 ], [ 34.139698890586232, 0.874895236194682 ], [ 34.14868213779512, 0.865847015300235 ], [ 34.169351411999031, 0.871267892476833 ], [ 34.186422025730103, 0.863121713039961 ], [ 34.195412101816807, 0.876686846112128 ], [ 34.196313860136485, 0.886636394750837 ], [ 34.20350311079789, 0.888443105925808 ], [ 34.204402867224559, 0.892060922966576 ], [ 34.21518584231795, 0.89205735426186 ], [ 34.230467107451943, 0.908333587934617 ], [ 34.243945747399316, 0.908328942784808 ], [ 34.262820153427434, 0.920985464303387 ], [ 34.262827559051047, 0.941789142498677 ], [ 34.274510662074839, 0.946307380153934 ], [ 34.275412554398287, 0.955352079835201 ], [ 34.267328365221367, 0.963495646308542 ], [ 34.266433478807897, 0.973445551825531 ], [ 34.254756252083112, 0.985208581797702 ], [ 34.253866213626438, 1.007821685548802 ], [ 34.243080303048316, 1.000589732448037 ], [ 34.236785397040215, 0.98792889543903 ], [ 34.201736661023425, 0.978896557114825 ], [ 34.19363911009512, 0.949954468077829 ], [ 34.175670101062394, 0.95900604139707 ], [ 34.174773347349863, 0.964433576142606 ], [ 34.16129909177868, 0.978910899277109 ], [ 34.150515949213734, 0.979819186089524 ], [ 34.148721177020363, 0.987056172028155 ], [ 34.137040562884437, 0.99158295979419 ], [ 34.128958440664896, 1.007867678424584 ], [ 34.105596843089707, 1.016921336046091 ], [ 34.103802945491452, 1.026872109287938 ], [ 34.108299951747533, 1.037725240701487 ], [ 34.103806688809421, 1.037726822137283 ], [ 34.100213953821985, 1.043155445396193 ], [ 34.099318450830317, 1.052201368402749 ], [ 34.104713273463467, 1.060340482128867 ], [ 34.095732434668712, 1.076625806719949 ], [ 34.091251514239531, 1.111000817715385 ], [ 34.092152190573906, 1.116427858316343 ], [ 34.100240298252579, 1.11642482316616 ], [ 34.104741176508966, 1.136323415547582 ], [ 34.114628748853477, 1.141746925966208 ], [ 34.14877841743855, 1.141733395903238 ], [ 34.15237490026032, 1.146254665604431 ], [ 34.182030495859877, 1.145337965532934 ], [ 34.190116938813148, 1.141716471455988 ], [ 34.192814401590645, 1.145333468432687 ], [ 34.207193254959932, 1.1462319343817 ], [ 34.216181677591045, 1.150750719937328 ], [ 34.220678014855395, 1.157984955988154 ], [ 34.237752343011984, 1.157977503634831 ], [ 34.239548064922623, 1.154358655041394 ], [ 34.245838566778346, 1.154355888022517 ], [ 34.245843313601455, 1.165210036064777 ], [ 34.233268182464592, 1.178783356762995 ], [ 34.233270975910543, 1.185114972378571 ], [ 34.236867205599872, 1.188731420067433 ], [ 34.237770311057773, 1.198680678641456 ], [ 34.244960390836226, 1.200486423208018 ], [ 34.252152940021688, 1.20771919793068 ], [ 34.254853074205165, 1.21676303514135 ], [ 34.266537305708304, 1.220375559144128 ], [ 34.266539425404972, 1.224898082692534 ], [ 34.254861072527852, 1.233948701900599 ], [ 34.253975255889713, 1.261084396452203 ], [ 34.245890625734795, 1.268324398488571 ], [ 34.245894967350175, 1.277369514072884 ], [ 34.249491884359237, 1.281890308744088 ], [ 34.242305469637465, 1.288225418395566 ], [ 34.236922566495274, 1.307222862481683 ], [ 34.245914886740884, 1.318072526042396 ], [ 34.241434518408226, 1.344305652196527 ], [ 34.254024292409092, 1.359675820441598 ], [ 34.254028036880499, 1.366911885071591 ], [ 34.2585215934755, 1.366909519198654 ], [ 34.263011841298024, 1.360575610306518 ], [ 34.263004819437427, 1.347008035096694 ], [ 34.267493665090747, 1.337960651779561 ], [ 34.279176228037834, 1.337050049590518 ], [ 34.283674400599843, 1.346092667128838 ], [ 34.294456800566877, 1.342468953862857 ], [ 34.297154297503639, 1.345180994743397 ], [ 34.324115307179923, 1.346070903974369 ], [ 34.325015942346802, 1.349688343880094 ], [ 34.343888160111383, 1.349677921967536 ], [ 34.3582623908231, 1.34152964865304 ], [ 34.358259403713852, 1.336102825706115 ], [ 34.367239546288623, 1.324339735588227 ], [ 34.376224590077257, 1.321621338552892 ], [ 34.358246111692488, 1.311682119399283 ], [ 34.369921737160681, 1.29901318164862 ], [ 34.353745580842165, 1.298117483345667 ], [ 34.353742700234889, 1.292690648306869 ], [ 34.339363792959723, 1.291793844650513 ], [ 34.334864875370556, 1.280942469062419 ], [ 34.336657043096835, 1.270992256891815 ], [ 34.329465999238671, 1.267378064907009 ], [ 34.34203965313904, 1.252899900126336 ], [ 34.346532387222481, 1.251993104143792 ], [ 34.345628695707425, 1.242044333794937 ], [ 34.358204034828432, 1.231184201332538 ], [ 34.349218661852653, 1.232997743123829 ], [ 34.332151402682506, 1.24657361178005 ], [ 34.312384804054744, 1.253819508959146 ], [ 34.31148525302757, 1.252010985362038 ], [ 34.313279859074122, 1.246583153038051 ], [ 34.32855411960881, 1.241148546208551 ], [ 34.349211867901097, 1.219430622821359 ], [ 34.350109143150185, 1.216716746095587 ], [ 34.342918793223511, 1.214006926296876 ], [ 34.353694244600035, 1.197720997298587 ], [ 34.37346059893224, 1.191379836598871 ], [ 34.377950943157522, 1.185950794084122 ], [ 34.38064451759444, 1.181427126524053 ], [ 34.377943387007868, 1.170574903763169 ], [ 34.383333648900482, 1.167858845398998 ], [ 34.384228715692387, 1.160622705532652 ], [ 34.387823529499379, 1.161525392931308 ], [ 34.395008722971873, 1.154286168614693 ], [ 34.402196528258699, 1.152473699967643 ], [ 34.403093785999644, 1.149759890705931 ], [ 34.398599107549721, 1.146144284259164 ], [ 34.385120311642929, 1.146150877957818 ], [ 34.381527689677213, 1.14977047734675 ], [ 34.354571500556851, 1.153401372900521 ], [ 34.350072968834979, 1.141645348442826 ], [ 34.349161045546388, 1.112702561846704 ], [ 34.331196486427871, 1.128991457373885 ], [ 34.318618042113187, 1.133519660995226 ], [ 34.317717391639484, 1.128997637931284 ], [ 34.32759879625646, 1.121757244721882 ], [ 34.327596761872108, 1.117234827692959 ], [ 34.3311907585787, 1.116328708534548 ], [ 34.337476474278127, 1.106376557528035 ], [ 34.335678072098197, 1.103663930956391 ], [ 34.339271638889464, 1.101853345568996 ], [ 34.332977876804591, 1.093715851327776 ], [ 34.339268016473497, 1.09371303257966 ], [ 34.337472038237181, 1.096427279005083 ], [ 34.34286519736515, 1.100042761138756 ], [ 34.342862776942759, 1.094615893819163 ], [ 34.347354911753193, 1.092804912755167 ], [ 34.335671259358755, 1.088287761335201 ], [ 34.315004780520923, 1.091010367262562 ], [ 34.311407650885243, 1.084680519767579 ], [ 34.304220799159388, 1.089206107608149 ], [ 34.304217698331428, 1.081970170429625 ], [ 34.297926725554639, 1.080163896888702 ], [ 34.2979244285075, 1.074736930082365 ], [ 34.302418573790476, 1.077448483416349 ], [ 34.297022786079282, 1.067501355692987 ], [ 34.297918736537156, 1.061169512200354 ], [ 34.290732593146707, 1.067504019923668 ], [ 34.287133699248528, 1.056651555398062 ], [ 34.281746201658486, 1.066603303195644 ], [ 34.283544532886935, 1.069316048251936 ], [ 34.27905039112278, 1.066604432164273 ], [ 34.279053013218459, 1.072935940984671 ], [ 34.273662121405472, 1.074747211448812 ], [ 34.27096929690213, 1.081984374403012 ], [ 34.256594088739334, 1.088321966614873 ], [ 34.247607891229833, 1.088325721618278 ], [ 34.242214311161774, 1.083805391462766 ], [ 34.255688418166635, 1.071136664456318 ], [ 34.261978334889925, 1.070229556281375 ], [ 34.266467323395695, 1.060278129092813 ], [ 34.266459672805318, 1.041283506951775 ], [ 34.273648471924872, 1.041280591574422 ], [ 34.276342813583653, 1.037661484469377 ], [ 34.296111863191861, 1.037653393363174 ], [ 34.297011929000845, 1.041271002709746 ], [ 34.303302425245946, 1.042172884069699 ], [ 34.312295845592388, 1.060258916777145 ], [ 34.313198648178705, 1.070207912342219 ], [ 34.322188059843072, 1.078344397467673 ], [ 34.370713975473969, 1.083749597936231 ], [ 34.375203595739841, 1.076511821522519 ], [ 34.367112824288753, 1.068375261882959 ], [ 34.375199158296525, 1.066562697183162 ], [ 34.375195558324158, 1.058422504047703 ], [ 34.381487520856709, 1.062942007621261 ], [ 34.382390531606326, 1.072890697189832 ], [ 34.38688540790185, 1.077410957186308 ], [ 34.385079367521044, 1.057513614179402 ], [ 34.390471945119565, 1.060224567975976 ], [ 34.393166819001635, 1.058414430077166 ], [ 34.389568968159466, 1.050275909297275 ], [ 34.382378504979776, 1.045756801993585 ], [ 34.383274301254559, 1.039425163012789 ], [ 34.389564198609165, 1.039422383345128 ], [ 34.387764331017657, 1.03309195014691 ], [ 34.390459599801602, 1.032186303596442 ], [ 34.40034684050233, 1.039417588884398 ], [ 34.398545774783926, 1.030373819734623 ], [ 34.403039707096319, 1.033085197202045 ], [ 34.409328742251496, 1.031273489316018 ], [ 34.399442747987159, 1.026755595453294 ], [ 34.40123787875438, 1.022232522595132 ], [ 34.39764212926238, 1.01861626932703 ], [ 34.382366016306719, 1.016813975114899 ], [ 34.382364479879541, 1.013196121375142 ], [ 34.385058214761138, 1.008672650294682 ], [ 34.397640184926239, 1.014093981643927 ], [ 34.404827368515242, 1.011377484889405 ], [ 34.402129418372816, 1.005951923279882 ], [ 34.395840004497025, 1.006859096116201 ], [ 34.395837319810724, 1.0005278879757 ], [ 34.391345748470393, 1.003243189208395 ], [ 34.391343461949582, 0.997816428843578 ], [ 34.385052894038658, 0.99601017567553 ], [ 34.387744761660102, 0.986964419180333 ], [ 34.377861153492859, 0.987873021303253 ], [ 34.37696447365213, 0.992395724456975 ], [ 34.374267339315651, 0.988778986323888 ], [ 34.369775711795619, 0.991494260598963 ], [ 34.365280004534512, 0.984260367963056 ], [ 34.358091231134225, 0.983358849663955 ], [ 34.359885416732908, 0.976122335729486 ], [ 34.353597374977703, 0.980647263039956 ], [ 34.351799543147393, 0.978839043662176 ], [ 34.354492308384337, 0.971602154843709 ], [ 34.365274887538483, 0.971597785835639 ], [ 34.365272353898554, 0.965266494403833 ], [ 34.358083269452564, 0.963460446028684 ], [ 34.360774625746565, 0.952605699762628 ], [ 34.379640729114868, 0.944457963023421 ], [ 34.379638595063206, 0.939031173770134 ], [ 34.368856886804089, 0.940844378934152 ], [ 34.370651146608481, 0.933607922075334 ], [ 34.367056657189366, 0.932704860986629 ], [ 34.370650796473342, 0.932703453726053 ], [ 34.38322498201866, 0.919131545505582 ], [ 34.384121078372388, 0.912799952030462 ], [ 34.400294455250233, 0.91279364879242 ], [ 34.409271953483575, 0.892892135982471 ] ], [ [ 34.311486152740564, 1.253819962219813 ], [ 34.301606351595332, 1.264678831211724 ], [ 34.298011714002882, 1.264680643054894 ], [ 34.305196032638818, 1.254727617059725 ], [ 34.311486152740564, 1.253819962219813 ] ], [ [ 34.298011714002882, 1.264680643054894 ], [ 34.297113503067536, 1.265585588777776 ], [ 34.297113053800011, 1.264681095233304 ], [ 34.298011714002882, 1.264680643054894 ] ], [ [ 34.367112824288753, 1.068375261882959 ], [ 34.366213852315106, 1.067471194934601 ], [ 34.367112424610106, 1.067470792935607 ], [ 34.367112824288753, 1.068375261882959 ] ] ], [ [ [ 34.830856001090524, 1.268878714713593 ], [ 34.819172567081409, 1.263461402090554 ], [ 34.818265370755121, 1.250802277720407 ], [ 34.811975096703065, 1.248998113341552 ], [ 34.805674395237965, 1.231821248829953 ], [ 34.795786186955389, 1.223689453002414 ], [ 34.781412381513064, 1.2255076759022 ], [ 34.768830012338043, 1.219186014910939 ], [ 34.758050983138382, 1.222810317583649 ], [ 34.744572402310375, 1.220106253340885 ], [ 34.737390551131874, 1.229154020662381 ], [ 34.757157250318805, 1.23004530105862 ], [ 34.777836093113358, 1.251734451657475 ], [ 34.768856411994143, 1.258974911714032 ], [ 34.768853369306484, 1.25445344680335 ], [ 34.762564155841993, 1.254457718915588 ], [ 34.754471989433434, 1.245420188735173 ], [ 34.749980870906384, 1.247231799678433 ], [ 34.758975764084838, 1.262598833543671 ], [ 34.731125533818663, 1.266234898081433 ], [ 34.733825188775448, 1.272563254157358 ], [ 34.743712102543448, 1.277982378467225 ], [ 34.724844577382129, 1.278899517002031 ], [ 34.724847602125294, 1.283421087687041 ], [ 34.720355757859004, 1.284328449714818 ], [ 34.720362437181912, 1.294275928171514 ], [ 34.712280225344983, 1.30061167684419 ], [ 34.713180557701293, 1.303324021726778 ], [ 34.728456251585271, 1.305122140992982 ], [ 34.741044513632154, 1.31867799957502 ], [ 34.762618468309093, 1.333131452433831 ], [ 34.7626262190971, 1.343982997810395 ], [ 34.772516806983873, 1.353922993648011 ], [ 34.777908404391781, 1.354823308108019 ], [ 34.78420312271745, 1.362052931653933 ], [ 34.789594044517919, 1.362048908130415 ], [ 34.829087530174604, 1.30866755326335 ], [ 34.830856001090524, 1.268878714713593 ] ] ], [ [ [ 34.681809714193285, 1.414578429048394 ], [ 34.679993906546933, 1.388354041076827 ], [ 34.671002076364722, 1.379317063025931 ], [ 34.671893078698695, 1.368464366959886 ], [ 34.676388939732078, 1.372982892468566 ], [ 34.689867049542734, 1.372973341637938 ], [ 34.697050246774076, 1.365733603164181 ], [ 34.702445254756043, 1.371155710368742 ], [ 34.709633488940526, 1.371150554135419 ], [ 34.709629007085439, 1.364820308889668 ], [ 34.725795965546695, 1.355765550941705 ], [ 34.721296387252821, 1.345821301547073 ], [ 34.726687455823082, 1.345817465878277 ], [ 34.732973193185209, 1.340387117056126 ], [ 34.736578105384773, 1.355757790699649 ], [ 34.745561232937249, 1.353038376061249 ], [ 34.747369959998125, 1.36931452264114 ], [ 34.750962025028635, 1.366598980186065 ], [ 34.75904988007585, 1.368401626765664 ], [ 34.759954997632953, 1.377443928334056 ], [ 34.771634869174825, 1.376530925571108 ], [ 34.787813876379793, 1.384657320291845 ], [ 34.796795403841287, 1.380129091303554 ], [ 34.801289204397733, 1.381934222828078 ], [ 34.801286482122087, 1.378317118738442 ], [ 34.78600477094416, 1.36838157801367 ], [ 34.770729055505257, 1.366584393841401 ], [ 34.765332141859851, 1.358449742678334 ], [ 34.758142198781236, 1.355742125398955 ], [ 34.756335471511271, 1.342178961660705 ], [ 34.747349220722839, 1.340376834406902 ], [ 34.750042148392765, 1.336757690657899 ], [ 34.746444972156766, 1.332238749523545 ], [ 34.723071453739315, 1.31416901234648 ], [ 34.723075180836496, 1.319594900716544 ], [ 34.718583284756626, 1.320502345938589 ], [ 34.724876556959366, 1.325923843852084 ], [ 34.724880950157548, 1.33225404028154 ], [ 34.719491789384158, 1.33497078227281 ], [ 34.713199086422776, 1.330453604893422 ], [ 34.705113713651031, 1.332267890122794 ], [ 34.710508549314078, 1.337690052190025 ], [ 34.711410202899657, 1.34221102215442 ], [ 34.707818648754625, 1.345830838305889 ], [ 34.711418413794092, 1.353967182838471 ], [ 34.706925806635248, 1.353970370945401 ], [ 34.70602475784424, 1.350353717256818 ], [ 34.699736353961974, 1.352166803425518 ], [ 34.696139115701143, 1.347647697494352 ], [ 34.68895214753006, 1.349461386575441 ], [ 34.68715073540691, 1.343132321354795 ], [ 34.68625655791412, 1.349463269023284 ], [ 34.680864126298232, 1.347658356061845 ], [ 34.679973686410094, 1.359415332484277 ], [ 34.676375177767056, 1.353087491614601 ], [ 34.668288951467751, 1.353997443135538 ], [ 34.670080476798496, 1.345857142870859 ], [ 34.66648694107036, 1.34676395856465 ], [ 34.658393375506492, 1.33682171693838 ], [ 34.661997311698663, 1.351288762218094 ], [ 34.653909802134422, 1.350389971012181 ], [ 34.655709344441945, 1.354006123739261 ], [ 34.644929813926446, 1.358535266738667 ], [ 34.657509513247746, 1.358526613578002 ], [ 34.661113011484694, 1.372089280991948 ], [ 34.657518183897253, 1.371187445174412 ], [ 34.656623370525466, 1.376614143958672 ], [ 34.652126865839193, 1.371191196384404 ], [ 34.647639050604738, 1.378429109602402 ], [ 34.638652204415379, 1.376626643019566 ], [ 34.644952728942847, 1.391996246122164 ], [ 34.641357839125611, 1.391094414674208 ], [ 34.642260165449699, 1.396519896640913 ], [ 34.636870001069589, 1.398332390520386 ], [ 34.641366630267548, 1.403755346258069 ], [ 34.633278843648149, 1.402856689913465 ], [ 34.63687754980635, 1.409184641495533 ], [ 34.624299334693902, 1.411906584782838 ], [ 34.622505310295608, 1.416429651186053 ], [ 34.633288931888927, 1.4173263831456 ], [ 34.630595723350197, 1.420945722943849 ], [ 34.641381886289274, 1.425459797064031 ], [ 34.642288185937055, 1.436311371117708 ], [ 34.649478139450537, 1.438114856799394 ], [ 34.642277905497657, 1.421841745688267 ], [ 34.650367019596018, 1.424548984869752 ], [ 34.649464591669108, 1.419123542272116 ], [ 34.653060168231242, 1.420929653100375 ], [ 34.662941213742904, 1.416400801790952 ], [ 34.678226591447419, 1.429954744780795 ], [ 34.679122529845472, 1.426336744898364 ], [ 34.671030890113691, 1.420012300646145 ], [ 34.671028294933599, 1.416394946791412 ], [ 34.673721388492403, 1.412775639849577 ], [ 34.681809714193285, 1.414578429048394 ] ], [ [ 34.661113011484694, 1.372089280991948 ], [ 34.662012186259609, 1.37299299581774 ], [ 34.661113635657244, 1.372993624390986 ], [ 34.661113011484694, 1.372089280991948 ] ] ], [ [ [ 34.465257306741947, 1.432814801828471 ], [ 34.468847911496084, 1.426481500098314 ], [ 34.473342329005526, 1.428287458269174 ], [ 34.472455264363134, 1.446376535894441 ], [ 34.476946808972471, 1.443660328348594 ], [ 34.484138995007626, 1.448177717098777 ], [ 34.483243873543223, 1.453604831321833 ], [ 34.486838506094244, 1.453602452171714 ], [ 34.483250983421705, 1.464457874898214 ], [ 34.494924624632716, 1.450883831461671 ], [ 34.494021235608244, 1.443649101369367 ], [ 34.500298824612415, 1.423747836908132 ], [ 34.504796135842511, 1.430075771082619 ], [ 34.503002981891228, 1.436407842518229 ], [ 34.510192715890589, 1.437307481552728 ], [ 34.512896409162821, 1.44906299107733 ], [ 34.518291892217221, 1.454485794930146 ], [ 34.526380287457791, 1.455384706443867 ], [ 34.53715299738554, 1.439098174933307 ], [ 34.53625013889576, 1.432767996288623 ], [ 34.542539320627156, 1.430954951017656 ], [ 34.544354276640696, 1.457181181962532 ], [ 34.547950048586898, 1.458987485041765 ], [ 34.55154458140651, 1.458984993060206 ], [ 34.558726185019687, 1.448127329866534 ], [ 34.558730520330535, 1.454458049444546 ], [ 34.563225522461401, 1.457168081223684 ], [ 34.574904500195544, 1.452637984333542 ], [ 34.579402632095757, 1.459869863868106 ], [ 34.583893833654372, 1.457153550414379 ], [ 34.587490837788451, 1.460768507445896 ], [ 34.58748135892057, 1.447202868353944 ], [ 34.590175934554196, 1.445392218089323 ], [ 34.583883773997876, 1.44268350954192 ], [ 34.577597225862434, 1.448114190114695 ], [ 34.567707456458294, 1.440886015178585 ], [ 34.56680575239583, 1.436364711848279 ], [ 34.576682488351878, 1.424600918122654 ], [ 34.566797775486123, 1.424607704550902 ], [ 34.566795943980829, 1.421894548843064 ], [ 34.560507479178867, 1.424612000987323 ], [ 34.55870358428713, 1.414664948881903 ], [ 34.553317940271654, 1.423712498995261 ], [ 34.542527907807369, 1.413771432577522 ], [ 34.534439731055045, 1.41287242711072 ], [ 34.536239949608181, 1.417393223972127 ], [ 34.532646050768648, 1.418300020987442 ], [ 34.521861347749578, 1.416498373994969 ], [ 34.522755263793236, 1.40926254632283 ], [ 34.526350350822433, 1.410164581072981 ], [ 34.526348584700642, 1.407451372964577 ], [ 34.519158418321716, 1.405647285687966 ], [ 34.520054706653823, 1.402029075530742 ], [ 34.51376259072768, 1.399319953295974 ], [ 34.511069612539906, 1.403843748680061 ], [ 34.497586129712808, 1.397521573256772 ], [ 34.493094684363335, 1.4002377024313 ], [ 34.491294561545573, 1.395716766566416 ], [ 34.487700026016832, 1.395719057847048 ], [ 34.487702302848497, 1.399336733640199 ], [ 34.478715924506041, 1.399342452462437 ], [ 34.475116853555342, 1.392109337233701 ], [ 34.476018309071158, 1.396630890117022 ], [ 34.470626464065646, 1.39663429195095 ], [ 34.471528488336148, 1.402060279282769 ], [ 34.467035265640078, 1.402063117358962 ], [ 34.461640585651352, 1.39754436364595 ], [ 34.455350612464827, 1.39845272724101 ], [ 34.455343399324768, 1.386695108713286 ], [ 34.449955942094199, 1.39393391404564 ], [ 34.449053981158087, 1.388507862340543 ], [ 34.432878267613908, 1.388517785743704 ], [ 34.435570959954219, 1.383089498516273 ], [ 34.431077159546987, 1.382187787709558 ], [ 34.432871216515856, 1.376760049186016 ], [ 34.430175266291926, 1.376761678346918 ], [ 34.431968797274372, 1.370429500667278 ], [ 34.429270710910224, 1.366813350073637 ], [ 34.418490642671934, 1.373150914535234 ], [ 34.415792022697147, 1.368630282542919 ], [ 34.407712080855561, 1.382201842745823 ], [ 34.392440603292393, 1.392159935532104 ], [ 34.390647511751496, 1.399396664814757 ], [ 34.381662338961306, 1.402115393108497 ], [ 34.382564208298078, 1.407541623649795 ], [ 34.390653393333984, 1.409345698894518 ], [ 34.388860872982818, 1.41748690264545 ], [ 34.399642863819743, 1.413862551637233 ], [ 34.407734214847729, 1.419284335566732 ], [ 34.417615229250359, 1.412042682173823 ], [ 34.417624596595239, 1.4274182814799 ], [ 34.432005029522784, 1.430122639011381 ], [ 34.436496690613737, 1.427406494733186 ], [ 34.43649332876597, 1.421979857694628 ], [ 34.442783977269713, 1.42197590924386 ], [ 34.441887562476609, 1.425594223807605 ], [ 34.452677770113084, 1.43553616456721 ], [ 34.457167656640308, 1.430106700274647 ], [ 34.465257306741947, 1.432814801828471 ] ] ], [ [ [ 34.4823523200604, 1.464458473222717 ], [ 34.483251578301413, 1.465362295147174 ], [ 34.483250983421705, 1.464457874898214 ], [ 34.4823523200604, 1.464458473222717 ] ] ], [ [ [ 31.141425582399034, 2.281612321947695 ], [ 31.140525513896346, 2.282515390867259 ], [ 31.141424420902041, 2.282516559766291 ], [ 31.141425582399034, 2.281612321947695 ] ] ], [ [ [ 31.072182108667402, 2.303221533681392 ], [ 31.073978662595483, 2.304128180939758 ], [ 31.073979877637452, 2.303223978797924 ], [ 31.072182108667402, 2.303221533681392 ] ] ], [ [ [ 30.777157289572692, 2.439298336885389 ], [ 30.769980267884371, 2.43115014297548 ], [ 30.764586030336257, 2.43204519422066 ], [ 30.762794406119653, 2.428426114853558 ], [ 30.754708331367556, 2.426604590963491 ], [ 30.751123660091043, 2.420270487839527 ], [ 30.748391363665274, 2.441962271769782 ], [ 30.74119049835047, 2.44827818678634 ], [ 30.744772018808074, 2.456420358430544 ], [ 30.746516210919996, 2.488063763117634 ], [ 30.750102274364117, 2.4934940080082 ], [ 30.759986297071354, 2.495319004563849 ], [ 30.762665938258383, 2.50526783806898 ], [ 30.757220280112261, 2.535995112158532 ], [ 30.759898141895651, 2.546848018948032 ], [ 30.756288578017379, 2.554977864343339 ], [ 30.758072175732096, 2.563117165931597 ], [ 30.750843138588518, 2.584800757567544 ], [ 30.760715041211782, 2.593858505736184 ], [ 30.772397605414806, 2.59568729786943 ], [ 30.780475152419243, 2.602933840221522 ], [ 30.779563554794382, 2.610164478507428 ], [ 30.791214715818139, 2.630073961267239 ], [ 30.787594981622302, 2.64362805442255 ], [ 30.792985498662315, 2.645445780936657 ], [ 30.798358457082916, 2.657207932610531 ], [ 30.798335971823292, 2.669864484446558 ], [ 30.806415538338946, 2.67620733799622 ], [ 30.807293585038714, 2.687961534368661 ], [ 30.811780504434104, 2.692489878701934 ], [ 30.809057584091761, 2.706949734141844 ], [ 30.822525001797974, 2.716918748168444 ], [ 30.824308460536535, 2.725058494592806 ], [ 30.831500737141422, 2.725071536605346 ], [ 30.85221704508168, 2.703411084744956 ], [ 30.873792417129735, 2.704353357531101 ], [ 30.884566889325182, 2.712509127287023 ], [ 30.907035741410393, 2.717068945571024 ], [ 30.909726742927901, 2.720690060968702 ], [ 30.929506615782799, 2.7207243579341 ], [ 30.929518942759135, 2.713491427239672 ], [ 30.933121429206189, 2.709881137622245 ], [ 30.929529701845595, 2.707162612124844 ], [ 30.928655129430947, 2.692695210479036 ], [ 30.925063443423163, 2.689976717810537 ], [ 30.925164711638345, 2.629401035658495 ], [ 30.917103432854688, 2.611305273313324 ], [ 30.917147889728469, 2.584181944761443 ], [ 30.924342724418914, 2.582385553991455 ], [ 30.925265124872428, 2.567921174690954 ], [ 30.928868319178306, 2.563406448664029 ], [ 30.920802284862067, 2.548023329491953 ], [ 30.920822547272678, 2.535365735243854 ], [ 30.916342229852358, 2.526317353054345 ], [ 30.908260425022561, 2.520879637248666 ], [ 30.908287769314327, 2.503701603642337 ], [ 30.904692076247681, 2.503695828665076 ], [ 30.903804636130531, 2.496461546561169 ], [ 30.897512231363525, 2.496451441507369 ], [ 30.895720156624517, 2.49283214892224 ], [ 30.896626239832269, 2.488313090724591 ], [ 30.920000834398365, 2.486542137061876 ], [ 30.921809979299944, 2.479312062955351 ], [ 30.930811784486817, 2.471189139751666 ], [ 30.94969743347762, 2.465793794199449 ], [ 30.965916381305668, 2.440502818842591 ], [ 30.966830213376305, 2.430558628608565 ], [ 30.977619842891364, 2.428766624477132 ], [ 30.987519947103149, 2.420644091143943 ], [ 30.98752661135341, 2.416123324043515 ], [ 30.975847507274793, 2.411585127090579 ], [ 30.96866703134895, 2.404341207305685 ], [ 30.954290203527197, 2.400703066328233 ], [ 30.948007474276856, 2.394364662297563 ], [ 30.948918432207755, 2.386228827078289 ], [ 30.94174091834801, 2.377176742281725 ], [ 30.941756960414068, 2.366327203962481 ], [ 30.948954435346522, 2.361817256063631 ], [ 30.945361681807842, 2.360003653142666 ], [ 30.941790145029088, 2.343723993325944 ], [ 30.936406385130702, 2.337387131468848 ], [ 30.927422079724625, 2.33466145477165 ], [ 30.924718969666966, 2.339178047978525 ], [ 30.912131451123347, 2.341871605348655 ], [ 30.911247335123875, 2.331925036125584 ], [ 30.904056847873903, 2.33191428410318 ], [ 30.892360243179702, 2.340033634537134 ], [ 30.881573236669499, 2.340921384294917 ], [ 30.873442911721533, 2.368031730478915 ], [ 30.86624964743601, 2.369828783563921 ], [ 30.864440922315364, 2.377058662355495 ], [ 30.855452802483036, 2.377044650148735 ], [ 30.85364679244881, 2.382466300947713 ], [ 30.848252527326657, 2.383361912547765 ], [ 30.846436592663192, 2.395112025957711 ], [ 30.834719227827552, 2.415887002416894 ], [ 30.833803169630816, 2.426734332820209 ], [ 30.807741725733578, 2.423979944478129 ], [ 30.794252287630147, 2.428478122746832 ], [ 30.788849153238658, 2.434797517378629 ], [ 30.782558994983557, 2.433883089387026 ], [ 30.777157289572692, 2.439298336885389 ] ] ] ] } },
{ "type": "Feature", "properties": { "derived_name": "VKWW", "base_ecoregion": "VKWW", "area_km2": 18822.2, "elev_mean_m": 1124.0, "annual_precip_mm": 1326.0, "color": "#2D5F3F", "pct_of_uganda": 7.8 }, "geometry": { "type": "MultiPolygon", "coordinates": [ [ [ [ 32.066441259784831, -0.03870333722758 ], [ 32.071832762938016, -0.016992712226413 ], [ 32.090702529135982, -0.003423552541907 ], [ 32.087108284899365, 0.005622608503908 ], [ 32.095195311730528, 0.01376418137531 ], [ 32.105079241918389, 0.046330548457423 ], [ 32.115861910981941, 0.05537691396337 ], [ 32.113166124986698, 0.060804606965193 ], [ 32.116760253106449, 0.068946274522574 ], [ 32.124847305271274, 0.072564925301286 ], [ 32.125745590463495, 0.08613432262557 ], [ 32.132933990486741, 0.093371504393424 ], [ 32.131136539345469, 0.105131605731248 ], [ 32.121252154970769, 0.108749824109656 ], [ 32.121251526794431, 0.12865155667913 ], [ 32.144614405019695, 0.129556985782203 ], [ 32.149107135206563, 0.134080292496936 ], [ 32.150005289385504, 0.145840528066708 ], [ 32.154498182457722, 0.145840698429112 ], [ 32.162585758366355, 0.135890028453059 ], [ 32.158093275817407, 0.123225009312205 ], [ 32.166180844757136, 0.111465011919486 ], [ 32.167079913727839, 0.092467700428192 ], [ 32.175167305422264, 0.085230794796675 ], [ 32.16618182810732, 0.068042536815502 ], [ 32.158993302641555, 0.061709978519577 ], [ 32.150007828182019, 0.039094056337747 ], [ 32.175168136337795, 0.024620117188077 ], [ 32.174269496985623, 0.032761842612658 ], [ 32.16708084062553, 0.034571052961666 ], [ 32.162587804406101, 0.048140524419771 ], [ 32.183254861835465, 0.06894746966605 ], [ 32.184153332679486, 0.075279958310544 ], [ 32.197632192570943, 0.070756999877342 ], [ 32.204820675821608, 0.082517491754416 ], [ 32.216502252609565, 0.087040956061526 ], [ 32.217400476860398, 0.103324609697299 ], [ 32.221893325879549, 0.107847957538714 ], [ 32.228183570548438, 0.104229523971467 ], [ 32.26143170386829, 0.103325670930596 ], [ 32.266823530522203, 0.093374572172018 ], [ 32.273113784827061, 0.091565387576613 ], [ 32.279403841047404, 0.099707449208562 ], [ 32.299173164798155, 0.100612542057307 ], [ 32.301868912633211, 0.104231255152717 ], [ 32.314449456463691, 0.104231533377976 ], [ 32.324334094362641, 0.10875508846799 ], [ 32.333320008919159, 0.118706656061869 ], [ 32.335117061982658, 0.125944059638026 ], [ 32.349494847823422, 0.129563115371984 ], [ 32.350393277163022, 0.136800520821688 ], [ 32.364771180127484, 0.137705583678287 ], [ 32.373757161417331, 0.146752592126778 ], [ 32.381844902690048, 0.142229427091009 ], [ 32.38903371122246, 0.149467056021061 ], [ 32.403411602986871, 0.154895545536014 ], [ 32.408803174236425, 0.162133160155998 ], [ 32.403411123710271, 0.171179820112737 ], [ 32.407904104904915, 0.176608056215823 ], [ 32.408802321165943, 0.189273644075488 ], [ 32.396221108973805, 0.200129376055722 ], [ 32.3962206663237, 0.211890224892002 ], [ 32.401612277352875, 0.216413843341153 ], [ 32.411497200918674, 0.217318915870781 ], [ 32.419584591264254, 0.225461391404013 ], [ 32.432165842094307, 0.21641502578978 ], [ 32.437557254880318, 0.227271476209216 ], [ 32.442948981899072, 0.229985751097338 ], [ 32.458226364355795, 0.216415985394817 ], [ 32.468110965788753, 0.2290820253947 ], [ 32.486083849938304, 0.229082685646636 ], [ 32.492374774727288, 0.217321870079028 ], [ 32.496868152732269, 0.212798540799602 ], [ 32.504057324926386, 0.21279877516565 ], [ 32.512145485368443, 0.201942655995326 ], [ 32.522030771561596, 0.196514754228972 ], [ 32.535510537541782, 0.195610435710087 ], [ 32.538206892591788, 0.18023058191672 ], [ 32.545396355554317, 0.16937433260594 ], [ 32.537308797668857, 0.156708317567355 ], [ 32.541802269763252, 0.145851990819973 ], [ 32.545396883628193, 0.144947361560361 ], [ 32.546295757356908, 0.133186243828276 ], [ 32.551687716666748, 0.12956752939455 ], [ 32.560674152393531, 0.133186506060188 ], [ 32.563370373622931, 0.116901866472449 ], [ 32.581343637626674, 0.099712708606149 ], [ 32.587634203828891, 0.099712788534666 ], [ 32.579546464151967, 0.088856203698532 ], [ 32.5795463223984, 0.100617392364764 ], [ 32.571458507075555, 0.096998462961539 ], [ 32.554383945575175, 0.112378205424964 ], [ 32.553485183092889, 0.119615820999597 ], [ 32.546296051371215, 0.115996891196473 ], [ 32.546296267499727, 0.10152164671055 ], [ 32.557080177773187, 0.091570051813536 ], [ 32.561573537767941, 0.081618355903738 ], [ 32.560675078267387, 0.061714845267826 ], [ 32.569661591761715, 0.059000802219395 ], [ 32.573256237103756, 0.052667887410147 ], [ 32.582242742718627, 0.052667948699749 ], [ 32.572357648534592, 0.042716115283699 ], [ 32.56337114542049, 0.044525474245048 ], [ 32.557979285211964, 0.039097216339122 ], [ 32.549891447467495, 0.040906579601181 ], [ 32.548992784805293, 0.04362068396172 ], [ 32.558877856501184, 0.05176308226642 ], [ 32.559776437028646, 0.06081013331357 ], [ 32.548992607027621, 0.06714296567893 ], [ 32.548093842308013, 0.078904096639885 ], [ 32.540904750875256, 0.070761698364872 ], [ 32.531918226373314, 0.077094514674322 ], [ 32.526526239233668, 0.087046157427169 ], [ 32.522931683101646, 0.085236712269865 ], [ 32.52293175812855, 0.078903813826385 ], [ 32.530121011473234, 0.069856888939613 ], [ 32.532817060714848, 0.057191100880614 ], [ 32.524729281113778, 0.054476933959989 ], [ 32.524729321521363, 0.049048733801878 ], [ 32.518438775790173, 0.054476883681116 ], [ 32.503161873343679, 0.052667364588574 ], [ 32.504060445194412, 0.060809646954496 ], [ 32.497769744634958, 0.080712908414496 ], [ 32.487884607924073, 0.087950344055987 ], [ 32.484290086949159, 0.08523621086907 ], [ 32.483391624409578, 0.070761089482471 ], [ 32.479797100450789, 0.068046967597957 ], [ 32.481594507303541, 0.054476575916024 ], [ 32.477101362743547, 0.049048376244893 ], [ 32.473506807031242, 0.049953040783409 ], [ 32.469013707464349, 0.038192005127585 ], [ 32.45553419198648, 0.03638253974786 ], [ 32.446547934931189, 0.020098084968666 ], [ 32.43935887537976, 0.021002748049607 ], [ 32.43576432006207, 0.028240232650129 ], [ 32.424980753754568, 0.029144864948609 ], [ 32.418690321687173, 0.034572939371699 ], [ 32.418690273067021, 0.041810415268719 ], [ 32.414197125958488, 0.042715065406983 ], [ 32.411501183752769, 0.049952511219825 ], [ 32.427676483867785, 0.051762026888748 ], [ 32.427676450295195, 0.055380770574174 ], [ 32.442054427205179, 0.067141854833427 ], [ 32.441155863313988, 0.060809028268856 ], [ 32.444750383993913, 0.061713754199654 ], [ 32.450141908404554, 0.084331045879944 ], [ 32.455533663843937, 0.087949883078 ], [ 32.460026674673067, 0.098806239553462 ], [ 32.465418506886522, 0.097901635636798 ], [ 32.460925266299888, 0.101520327328255 ], [ 32.463621083402586, 0.106948521028408 ], [ 32.460924957554639, 0.118709456744665 ], [ 32.446546788784744, 0.118709170804562 ], [ 32.43935824312053, 0.088854329748168 ], [ 32.433067937352206, 0.080712052254521 ], [ 32.421385662463265, 0.086139996061305 ], [ 32.414196773207884, 0.076188364291403 ], [ 32.4025146668831, 0.072569475473699 ], [ 32.39712288763527, 0.074378765320032 ], [ 32.399818550022694, 0.088853704384334 ], [ 32.395325282498781, 0.096995756233285 ], [ 32.385440519953917, 0.090662824324098 ], [ 32.37645424220122, 0.093376701873151 ], [ 32.369265377291782, 0.087043839655343 ], [ 32.362076687002258, 0.068950219947399 ], [ 32.353090525795082, 0.067140751272665 ], [ 32.363873961278173, 0.066236218494918 ], [ 32.364772657718049, 0.059903502432923 ], [ 32.364772580946919, 0.066236230098643 ], [ 32.371961509078886, 0.068950352255058 ], [ 32.380049224217871, 0.058999000524743 ], [ 32.379150771821308, 0.040905432633046 ], [ 32.375556318614095, 0.03638201819563 ], [ 32.38004949795139, 0.023716556697138 ], [ 32.375556435597446, 0.009241699955952 ], [ 32.376455064763014, 0.000194927227531 ], [ 32.3701646884494, 0.018288453747995 ], [ 32.364772956467277, 0.021907136182818 ], [ 32.359381244009185, 0.02190711307439 ], [ 32.352192326221463, 0.015574369897439 ], [ 32.343206152179924, 0.019193028001828 ], [ 32.326132493382289, 0.018288292763157 ], [ 32.320740770117695, 0.029144280635556 ], [ 32.305464402660988, 0.029144186845323 ], [ 32.28659356755302, 0.041809318775161 ], [ 32.280303337872859, 0.041809260981324 ], [ 32.263229808108747, 0.050855662149056 ], [ 32.256939620705992, 0.049950934791281 ], [ 32.253345205349895, 0.051760201824715 ], [ 32.254243713296653, 0.058997446138836 ], [ 32.251547998427313, 0.05266483414859 ], [ 32.244359175783863, 0.056283355428992 ], [ 32.230880249403668, 0.05628317804927 ], [ 32.229083085814672, 0.054473856331771 ], [ 32.233576076990715, 0.052664614282219 ], [ 32.247953618900738, 0.051760137689849 ], [ 32.25424388236344, 0.044522978782452 ], [ 32.258736867479335, 0.045427679535493 ], [ 32.258736911274902, 0.040904403840852 ], [ 32.264128541670161, 0.037285828816611 ], [ 32.26143277020595, 0.033667183314426 ], [ 32.253345343239147, 0.038190391441127 ], [ 32.238967812487516, 0.036380962455238 ], [ 32.229981925931234, 0.02914369280129 ], [ 32.235373526414243, 0.022811177947719 ], [ 32.2614328697613, 0.015574069398891 ], [ 32.265027263077322, 0.017383394910975 ], [ 32.265925796807906, 0.030048591023211 ], [ 32.274911806036243, 0.030953309872247 ], [ 32.2901881469665, 0.016478830337998 ], [ 32.305464482940387, 0.009241568942372 ], [ 32.307261708773204, -0.000709740291946 ], [ 32.295579804519292, -0.007947038778696 ], [ 32.296478396011331, -0.014279679277223 ], [ 32.289289492820878, -0.026944915171578 ], [ 32.265027152634573, -0.035991334540891 ], [ 32.257838412887537, -0.027849381327952 ], [ 32.257838482514799, -0.012470247041545 ], [ 32.247953923016318, -0.002519036786979 ], [ 32.214705965695643, 0.006527441153902 ], [ 32.214705856924589, 0.030952878255948 ], [ 32.220097332563213, 0.039094741192954 ], [ 32.216502977808979, 0.038190061297977 ], [ 32.209314409862735, 0.01466923441485 ], [ 32.213807379684177, -0.003423662121258 ], [ 32.208415804755582, -0.0188026131923 ], [ 32.210212964238536, -0.022421200733888 ], [ 32.215604518674674, -0.018802645857864 ], [ 32.2245903401055, -0.033277053595968 ], [ 32.220097283086133, -0.044132781771369 ], [ 32.21111132003599, -0.049560556541416 ], [ 32.203922480928327, -0.059511547854317 ], [ 32.201226500646513, -0.073081151301451 ], [ 32.191342000062065, -0.075794895158552 ], [ 32.186849157279141, -0.071271612328368 ], [ 32.160790247183691, -0.073985042697941 ], [ 32.143717530635058, -0.060415269663208 ], [ 32.117659065246919, -0.054082486406948 ], [ 32.093398127569756, -0.025134371456061 ], [ 32.086209635717012, -0.026038936550321 ], [ 32.07542684830792, -0.035989597984406 ], [ 32.066441259784831, -0.03870333722758 ] ], [ [ 32.430372358026062, 0.053571424021437 ], [ 32.429473767732127, 0.049047984570114 ], [ 32.432169659051013, 0.049048007651303 ], [ 32.430372358026062, 0.053571424021437 ] ], [ [ 32.253345114797703, 0.058997434006234 ], [ 32.252446504317952, 0.059902075694161 ], [ 32.252446516483666, 0.058997421859026 ], [ 32.253345114797703, 0.058997434006234 ] ], [ [ 32.247953650029999, 0.049046178980151 ], [ 32.247055062992096, 0.048141516092846 ], [ 32.247953660033943, 0.048141526076417 ], [ 32.247953650029999, 0.049046178980151 ] ] ], [ [ [ 32.630766107555154, 0.270703939119519 ], [ 32.628070219687466, 0.267085008261652 ], [ 32.618184793590459, 0.270703546899049 ], [ 32.610097071925793, 0.262560897071481 ], [ 32.577744237075407, 0.291510444761651 ], [ 32.570554946536078, 0.29151017106502 ], [ 32.557972826428582, 0.313222577243837 ], [ 32.563364143304753, 0.328602783603989 ], [ 32.571451999999589, 0.331317252958191 ], [ 32.580438224102863, 0.341269413156616 ], [ 32.584931518226213, 0.342174316548417 ], [ 32.590323712269218, 0.337651011037194 ], [ 32.59661389146985, 0.34941248594527 ], [ 32.607397888163781, 0.350317655494669 ], [ 32.611891053071226, 0.354841394576288 ], [ 32.612789573015675, 0.358460273358462 ], [ 32.596613099787596, 0.36750665475062 ], [ 32.594815262205103, 0.378363071368881 ], [ 32.575943093131414, 0.380171575502712 ], [ 32.570549204421518, 0.416359521048795 ], [ 32.588522495170643, 0.419979315565241 ], [ 32.594813364784578, 0.417265522069219 ], [ 32.599306514955273, 0.421789296796262 ], [ 32.600204440538917, 0.436264682308122 ], [ 32.616380114637892, 0.447122054995784 ], [ 32.611886324427196, 0.454359496542781 ], [ 32.620872577201105, 0.46521650703609 ], [ 32.628062243905937, 0.461598045875351 ], [ 32.642441164892716, 0.462503501328628 ], [ 32.662211850904136, 0.471551625636748 ], [ 32.665806694742336, 0.469742369766909 ], [ 32.666705724387135, 0.462504690109692 ], [ 32.687376012691232, 0.452553747360437 ], [ 32.692768931408018, 0.433554906920521 ], [ 32.699958467828097, 0.432650478798003 ], [ 32.70355339425452, 0.428127027715136 ], [ 32.696364592798318, 0.410032382630356 ], [ 32.704453503650292, 0.38922415468954 ], [ 32.711643216009278, 0.381986649841363 ], [ 32.712542313037787, 0.369320606929538 ], [ 32.719731995061551, 0.362083077248084 ], [ 32.726023272771187, 0.344893579224318 ], [ 32.745794116486778, 0.350322463893426 ], [ 32.746692602703732, 0.357560265365252 ], [ 32.757476639048136, 0.363893618474215 ], [ 32.754780312976521, 0.373845494264125 ], [ 32.776348478993761, 0.385607486364143 ], [ 32.77994306780289, 0.391940650305153 ], [ 32.774550690299314, 0.400987744773974 ], [ 32.783537493693622, 0.40460688663352 ], [ 32.780841324737061, 0.408225710768718 ], [ 32.771854394031344, 0.409130182836773 ], [ 32.76915798232482, 0.420891510714002 ], [ 32.759272099019647, 0.429938438161183 ], [ 32.757474456001376, 0.438080885098767 ], [ 32.761967719186984, 0.444414090940019 ], [ 32.758372796731742, 0.448937587035436 ], [ 32.757473679474217, 0.461603673991649 ], [ 32.750283797808677, 0.470650644685571 ], [ 32.73590483474046, 0.466126506088567 ], [ 32.726018844215076, 0.475173329348527 ], [ 32.724221164956489, 0.482411018831083 ], [ 32.705348488174501, 0.48421965989053 ], [ 32.700854856535344, 0.487838334995564 ], [ 32.699955716519021, 0.497790195009335 ], [ 32.681980883438179, 0.516788396278578 ], [ 32.672994146425836, 0.512264357935517 ], [ 32.67029787410128, 0.515883081101581 ], [ 32.662209566056141, 0.516787368857279 ], [ 32.66220932606646, 0.521310942832287 ], [ 32.655918456264544, 0.52131059995931 ], [ 32.64423475600077, 0.533071215957367 ], [ 32.637943833650986, 0.533975559262489 ], [ 32.637044223281499, 0.54935561471503 ], [ 32.612779304026532, 0.551163500922181 ], [ 32.600196351701221, 0.569256830640571 ], [ 32.610081655974263, 0.574685768287857 ], [ 32.637042315417574, 0.580115829900058 ], [ 32.637940613126347, 0.586448873556017 ], [ 32.644231195179366, 0.591877556709942 ], [ 32.655914644506751, 0.587354728816679 ], [ 32.664901431732488, 0.591878852660673 ], [ 32.672090392079909, 0.603640586284884 ], [ 32.683773569806839, 0.604545999291497 ], [ 32.688265970396365, 0.624450031402759 ], [ 32.692759279695011, 0.628973883641092 ], [ 32.697252649198013, 0.6325930181912 ], [ 32.710733355382402, 0.6334985109152 ], [ 32.726010944511806, 0.645260704487822 ], [ 32.736795555050406, 0.646165998259166 ], [ 32.738592345403113, 0.658832181643502 ], [ 32.758363901824026, 0.66697568482489 ], [ 32.753870086353814, 0.670594347593772 ], [ 32.753869631449213, 0.679641564636083 ], [ 32.73499613405842, 0.68325944077382 ], [ 32.729603306021446, 0.691401617602626 ], [ 32.709831269757935, 0.691400442676588 ], [ 32.706236579574941, 0.687781347821278 ], [ 32.692755737995583, 0.686875776471189 ], [ 32.685566403814597, 0.679637574852448 ], [ 32.659503506709115, 0.678731082149688 ], [ 32.653213289313143, 0.666969357567753 ], [ 32.642428996909494, 0.662445018714594 ], [ 32.637037545820618, 0.650683369380139 ], [ 32.629847637167863, 0.653396977086196 ], [ 32.618164636473168, 0.64977725704999 ], [ 32.609177866946929, 0.645253020146442 ], [ 32.607380998233204, 0.638015210066055 ], [ 32.588508205819629, 0.637109018753322 ], [ 32.582218200595463, 0.625347330445523 ], [ 32.560649712695607, 0.62082204025842 ], [ 32.554359188787707, 0.616297996506332 ], [ 32.554358583755615, 0.623535618551669 ], [ 32.570532497835941, 0.656106339340462 ], [ 32.571429644961455, 0.674200510215547 ], [ 32.583112358905282, 0.680534473212707 ], [ 32.583108923694958, 0.71943682705016 ], [ 32.575019595007902, 0.728483124572855 ], [ 32.55884208603829, 0.733909776948598 ], [ 32.549852955965996, 0.752907611923284 ], [ 32.549851928593355, 0.762859330289709 ], [ 32.54625702565825, 0.762858950234402 ], [ 32.536372870866082, 0.745668589953055 ], [ 32.529183108689843, 0.745667821856924 ], [ 32.522891584451131, 0.750190631293465 ], [ 32.513904491111049, 0.749284938587725 ], [ 32.505816936636791, 0.74114176411713 ], [ 32.492335593468084, 0.746568393944751 ], [ 32.485145982499823, 0.74566285938422 ], [ 32.468971084447915, 0.729376491679697 ], [ 32.450997056063535, 0.728469632675132 ], [ 32.444707003326059, 0.721231359632858 ], [ 32.438416196603207, 0.720325896483547 ], [ 32.429430303253504, 0.711277924863761 ], [ 32.429435159713513, 0.670567104971489 ], [ 32.422245636006728, 0.670566256140275 ], [ 32.419549992044146, 0.666947201519851 ], [ 32.41415743279115, 0.670565288502032 ], [ 32.398881169770675, 0.658802583793098 ], [ 32.391691702784634, 0.658801705476599 ], [ 32.391689815937944, 0.674181245183662 ], [ 32.398877624291494, 0.68775234338014 ], [ 32.395281143715287, 0.701322075859978 ], [ 32.41145520493081, 0.720322471797431 ], [ 32.400670132882517, 0.725749137532189 ], [ 32.399770957877998, 0.729367737275459 ], [ 32.355734966309633, 0.729361608732453 ], [ 32.345847940725648, 0.739311549000259 ], [ 32.345845936539654, 0.75288160599615 ], [ 32.327870015438556, 0.766448860756474 ], [ 32.313490958946467, 0.766446564992221 ], [ 32.307199552532829, 0.77006419792665 ], [ 32.297314572480566, 0.766443924183652 ], [ 32.293719084391661, 0.770966631656798 ], [ 32.284732977489973, 0.766441827710551 ], [ 32.277542750020231, 0.770963899664723 ], [ 32.26945521980555, 0.767343887692122 ], [ 32.262265154115354, 0.77096126265825 ], [ 32.237102170631736, 0.770956799091158 ], [ 32.237102813180883, 0.767338203118871 ], [ 32.195764153619294, 0.766425941158528 ], [ 32.195763307420094, 0.770949141199161 ], [ 32.151728895620515, 0.770940539610651 ], [ 32.147234713696406, 0.775462780299903 ], [ 32.14184368791728, 0.770938545654526 ], [ 32.134654462090872, 0.770937080998837 ], [ 32.129261445221246, 0.776363721700321 ], [ 32.129255220682083, 0.806216328796974 ], [ 32.124760961574268, 0.810738475477373 ], [ 32.132846572347049, 0.821595729814778 ], [ 32.129250940485178, 0.826118064402264 ], [ 32.132844216394624, 0.832451231764285 ], [ 32.125653500375194, 0.838781997437942 ], [ 32.124753220650398, 0.846018780316204 ], [ 32.100489096334286, 0.846917811573918 ], [ 32.099587066916619, 0.861391471641127 ], [ 32.088802038861338, 0.865911962060816 ], [ 32.087002757727745, 0.874053049530398 ], [ 32.050153143682167, 0.892135932430346 ], [ 32.05374615664293, 0.898469099312438 ], [ 32.038463932529062, 0.917461701781175 ], [ 32.037563329372681, 0.92469826276688 ], [ 32.033070015519755, 0.924697033662336 ], [ 32.033965478455841, 0.936457073625137 ], [ 32.038457572858377, 0.940981320569181 ], [ 32.066313726242129, 0.950939625570113 ], [ 32.067210698413454, 0.957272127164589 ], [ 32.074399655761837, 0.959083308075701 ], [ 32.075295407618121, 0.969938874706225 ], [ 32.081584739732492, 0.9753682693994 ], [ 32.091471771554886, 0.96994328471782 ], [ 32.106748088453493, 0.975375086677575 ], [ 32.110341676271169, 0.979899139752228 ], [ 32.127417178325878, 0.978999037370454 ], [ 32.134608865190685, 0.970859289253092 ], [ 32.156177719488539, 0.970864776716446 ], [ 32.167858006659408, 0.982627915982254 ], [ 32.177743614551339, 0.98353501482146 ], [ 32.182236079155672, 0.988059305636413 ], [ 32.194818331374165, 0.987157760210485 ], [ 32.196617713597234, 0.979016445361946 ], [ 32.201111296752018, 0.979017526059876 ], [ 32.217285493257563, 0.990781734461355 ], [ 32.234361072499908, 0.991690397951639 ], [ 32.247840163668904, 0.999835360176832 ], [ 32.254131297242694, 0.999836804804186 ], [ 32.264919116387595, 0.98626944786146 ], [ 32.287390163087863, 0.973609150534873 ], [ 32.283797319029141, 0.963657150060392 ], [ 32.291888312973562, 0.95189828162772 ], [ 32.288295244840178, 0.942850950546479 ], [ 32.293688693704979, 0.93742409756411 ], [ 32.316157585753075, 0.933809930309942 ], [ 32.31705508841204, 0.940142755832965 ], [ 32.333229151636296, 0.956429912739012 ], [ 32.345804694091193, 0.991714455495515 ], [ 32.369172235363351, 0.991719020954011 ], [ 32.371869177922079, 0.988100841357624 ], [ 32.399731408955489, 0.983582632511052 ], [ 32.405126810989749, 0.967299370742001 ], [ 32.415912785559485, 0.961873167568559 ], [ 32.416813977857181, 0.94739841561318 ], [ 32.422207376623994, 0.941971229425571 ], [ 32.436587530378858, 0.941068914491494 ], [ 32.450071901442833, 0.921167965629063 ], [ 32.458160643048508, 0.921169212811222 ], [ 32.458158439522123, 0.935644224905599 ], [ 32.454562867340279, 0.939262414875049 ], [ 32.459055800573331, 0.944691247799322 ], [ 32.458153212222655, 0.969117685729771 ], [ 32.449163391433544, 0.982686526260867 ], [ 32.450061116743434, 0.989019482386283 ], [ 32.455452680241329, 0.995353189864327 ], [ 32.461743917011098, 0.99625891783549 ], [ 32.47522288122984, 1.012545533470617 ], [ 32.484206008908579, 1.041497114657139 ], [ 32.489597995459, 1.046021459329968 ], [ 32.496788875991051, 1.042403855169757 ], [ 32.506674983064272, 1.046024208007249 ], [ 32.530040574549737, 1.065931165994484 ], [ 32.55430818429636, 1.065934797084833 ], [ 32.557904164830994, 1.060507111889444 ], [ 32.558804874831232, 1.046936721556015 ], [ 32.583072670945782, 1.045130655429221 ], [ 32.591163033805692, 1.036084673824645 ], [ 32.592063784091962, 1.020704799353822 ], [ 32.600153375686183, 1.017086996561302 ], [ 32.605547122351936, 1.008945301954512 ], [ 32.62711773880261, 1.012566699216604 ], [ 32.637904185275644, 1.004425536464376 ], [ 32.650486051331598, 1.016188166056501 ], [ 32.645991369179733, 1.02252065128171 ], [ 32.645090261153591, 1.043328903095435 ], [ 32.654077327241247, 1.052377027920764 ], [ 32.658567674888765, 1.085851871553545 ], [ 32.681935090409027, 1.103948717409024 ], [ 32.691820686878081, 1.118425201698658 ], [ 32.687324013522094, 1.141947294396791 ], [ 32.708896616046268, 1.137425994368732 ], [ 32.72148226046432, 1.117523468204622 ], [ 32.734965583990942, 1.108477541694441 ], [ 32.744852819030804, 1.107573696707975 ], [ 32.746651096931529, 1.10033609916818 ], [ 32.75294298666843, 1.099431910694447 ], [ 32.764628707075438, 1.087671495898066 ], [ 32.786200658697503, 1.086768389749897 ], [ 32.79518943775733, 1.079531238166979 ], [ 32.799682921337528, 1.089483487508967 ], [ 32.795187970337253, 1.101244572415242 ], [ 32.799681837772319, 1.105768491953268 ], [ 32.800579455946433, 1.12386300113187 ], [ 32.805073300953715, 1.129291641986089 ], [ 32.800578716051525, 1.134719669017372 ], [ 32.803274881780098, 1.140148189356893 ], [ 32.795184561734075, 1.150099562760588 ], [ 32.799678363805285, 1.156432938628638 ], [ 32.792487029525041, 1.163670192122525 ], [ 32.791587040329283, 1.179050391736983 ], [ 32.796081330003325, 1.179050726671615 ], [ 32.796081000234601, 1.183574335369563 ], [ 32.849113840886389, 1.182673024918512 ], [ 32.851810618154516, 1.179054273270125 ], [ 32.862596949948383, 1.179054830036873 ], [ 32.867092360719901, 1.155532195746088 ], [ 32.874283470533122, 1.149199446651499 ], [ 32.875182752834405, 1.139247504881681 ], [ 32.883272866793099, 1.127486409105817 ], [ 32.883273475166675, 1.112106066942098 ], [ 32.891362979596103, 1.113915830355795 ], [ 32.893160270451773, 1.124772612330094 ], [ 32.91023819553557, 1.129296824937078 ], [ 32.921922893689192, 1.141058614907444 ], [ 32.929113657681356, 1.142868256401811 ], [ 32.933607581773323, 1.157343998058251 ], [ 32.94079839503847, 1.159153612627302 ], [ 32.94259596283451, 1.166391467245702 ], [ 32.953382260512456, 1.167296395160937 ], [ 32.95517980733063, 1.178153151999791 ], [ 32.981246838677116, 1.179058178763162 ], [ 32.983943496985276, 1.167296737898526 ], [ 32.991134382810792, 1.165487314777874 ], [ 32.992033272633257, 1.154630585836385 ], [ 32.999224121192206, 1.153725869280167 ], [ 33.004617192672114, 1.113917842016994 ], [ 33.009111396179179, 1.109394191788353 ], [ 33.000122973577945, 1.072300354764213 ], [ 33.018099469183127, 1.05058682396098 ], [ 33.02888530833053, 1.044253644815841 ], [ 33.033379280615549, 1.030682676470693 ], [ 33.047760170100915, 1.016206841622201 ], [ 33.055849581203418, 1.020730351384676 ], [ 33.066635372119343, 1.02073014465876 ], [ 33.070230556882272, 1.017111156409455 ], [ 33.074724818409614, 1.025253604217468 ], [ 33.078320063952575, 1.024348790122089 ], [ 33.095397071326175, 1.007158506463315 ], [ 33.09629569746167, 1.000825388803249 ], [ 33.116068999023227, 0.986349116206345 ], [ 33.116068655985828, 0.976397121014379 ], [ 33.107978916845077, 0.960112303463002 ], [ 33.113371263458042, 0.946541221687004 ], [ 33.125055528758907, 0.944731363975516 ], [ 33.12954909838485, 0.933874479059499 ], [ 33.139435940572767, 0.937493003314921 ], [ 33.145727257020269, 0.93206438942209 ], [ 33.166398243222694, 0.906731162129627 ], [ 33.161904088634216, 0.901303014390945 ], [ 33.162802669857044, 0.896779346784587 ], [ 33.219425159760064, 0.886824423809499 ], [ 33.229311404375025, 0.882300211081421 ], [ 33.233804596904818, 0.871443269665226 ], [ 33.237399621750711, 0.870538321887701 ], [ 33.238298619399629, 0.874157150370176 ], [ 33.253578080075251, 0.879584465091058 ], [ 33.254477901997916, 0.894964647039188 ], [ 33.260769387537977, 0.895868921978241 ], [ 33.267959253775238, 0.891344803837495 ], [ 33.274250997829242, 0.895867931306212 ], [ 33.276050050790168, 0.915771603052242 ], [ 33.287734234809541, 0.916675395774303 ], [ 33.287735472687743, 0.93205559361097 ], [ 33.295825109231629, 0.939292653549341 ], [ 33.295826258571722, 0.952863404836191 ], [ 33.308410881795979, 0.970956606443827 ], [ 33.317398355433511, 0.966432195193002 ], [ 33.331778951139668, 0.966430812025838 ], [ 33.334474957192519, 0.962811692760103 ], [ 33.339868027033475, 0.966430007065875 ], [ 33.372222502984634, 0.950141820400324 ], [ 33.377615171800421, 0.950141231384374 ], [ 33.384806296377484, 0.958282807624837 ], [ 33.393794083711711, 0.958281779542914 ], [ 33.408173563380338, 0.950137733608032 ], [ 33.403680956671025, 0.960994739884665 ], [ 33.409074703412479, 0.970041149908746 ], [ 33.404581558518174, 0.976374635973247 ], [ 33.408177012784776, 0.97908831543027 ], [ 33.409078680121333, 1.00261054655872 ], [ 33.434248216114099, 1.028843652730979 ], [ 33.445033846118726, 1.029746857892286 ], [ 33.445933773651589, 1.037889038906085 ], [ 33.456719291535052, 1.037887489848668 ], [ 33.459416191559612, 1.041505893195213 ], [ 33.468404117488795, 1.041504561699689 ], [ 33.476493921722486, 1.046026825589106 ], [ 33.500758707376875, 1.029738537743595 ], [ 33.521430714853139, 1.029735201947918 ], [ 33.525026730114114, 1.035162749118507 ], [ 33.525028074538071, 1.04330496038719 ], [ 33.521433531193651, 1.046924324640543 ], [ 33.525030795003467, 1.059589381646869 ], [ 33.533121447732007, 1.068634879329733 ], [ 33.534022597000607, 1.08220505131655 ], [ 33.541213271366495, 1.084013143628883 ], [ 33.542113356881622, 1.091250480434752 ], [ 33.545708540521133, 1.091249826171895 ], [ 33.54571017765943, 1.100296693521666 ], [ 33.534924587953, 1.100298659506477 ], [ 33.516951386714297, 1.116586285099284 ], [ 33.516952496084706, 1.122919120890625 ], [ 33.525043396030668, 1.131964565998679 ], [ 33.529541258654, 1.152771587326071 ], [ 33.516958955783501, 1.159106748631992 ], [ 33.516064269320673, 1.181724179458722 ], [ 33.49719144415733, 1.196202734762587 ], [ 33.509778659565377, 1.215198928430268 ], [ 33.500790422495726, 1.216105312988419 ], [ 33.501687931385774, 1.20886760592384 ], [ 33.498991414465102, 1.208868105958188 ], [ 33.497194890828425, 1.21520128889921 ], [ 33.499891747639452, 1.217010173272941 ], [ 33.496296876421674, 1.219724920741613 ], [ 33.507982165970873, 1.22153210950619 ], [ 33.508883747216089, 1.236006998636555 ], [ 33.516975119243661, 1.245052326628068 ], [ 33.512482451474, 1.253195425204128 ], [ 33.520572472888965, 1.25500319864129 ], [ 33.520573908007179, 1.262240713780854 ], [ 33.55652796497246, 1.262233220732199 ], [ 33.561920085601315, 1.257708637764285 ], [ 33.572708210821865, 1.266753092900141 ], [ 33.590683096022396, 1.257702246173342 ], [ 33.592478949047795, 1.249559731190127 ], [ 33.618546268709323, 1.254077054442013 ], [ 33.635621082701029, 1.241407542740612 ], [ 33.651801082122645, 1.245926919759825 ], [ 33.665278967399523, 1.227830213485547 ], [ 33.678760318767324, 1.224208149616192 ], [ 33.689541954845083, 1.207921476274986 ], [ 33.703024282588373, 1.20882265851932 ], [ 33.721903243463167, 1.22419680924963 ], [ 33.733585754473722, 1.216956396956 ], [ 33.732682828604894, 1.201577544322999 ], [ 33.728186216660177, 1.191627561289845 ], [ 33.707508854010264, 1.171730505546679 ], [ 33.698519802392042, 1.167209476051206 ], [ 33.679644899369229, 1.166309467021235 ], [ 33.669754520788842, 1.150932540108095 ], [ 33.654474602846527, 1.149126773517229 ], [ 33.64908040271942, 1.142795326863868 ], [ 33.649971388250805, 1.107513021185805 ], [ 33.654462736782065, 1.095751334196016 ], [ 33.645474938809315, 1.095753296842692 ], [ 33.648169536366765, 1.087610682785828 ], [ 33.657157305324887, 1.087608726646081 ], [ 33.659854420077124, 1.091226805287683 ], [ 33.677829920428543, 1.091222782707088 ], [ 33.681424199532422, 1.087603310538906 ], [ 33.68861621926105, 1.095743628671474 ], [ 33.694008852176061, 1.09574237619268 ], [ 33.696704331676379, 1.092123103402935 ], [ 33.707489348262463, 1.091215909141753 ], [ 33.713779017491888, 1.083977153930391 ], [ 33.723665199530252, 1.083070136842715 ], [ 33.727259170466766, 1.078545996919206 ], [ 33.740740769486152, 1.079447376591851 ], [ 33.751527853535578, 1.087586561144294 ], [ 33.756920396718492, 1.087585204863295 ], [ 33.774891824550714, 1.073106296440459 ], [ 33.774887533754473, 1.055918042646532 ], [ 33.782973740403897, 1.045964926800003 ], [ 33.798252275713523, 1.045961052756413 ], [ 33.813533799351838, 1.057717378313854 ], [ 33.824318851605646, 1.05861914795413 ], [ 33.827914745376404, 1.062236716644144 ], [ 33.842289120105903, 1.042330947885681 ], [ 33.857565945422508, 1.036899039530178 ], [ 33.863855022439104, 1.029660318813542 ], [ 33.87823420458961, 1.028751742915368 ], [ 33.889915200072295, 1.020606917313427 ], [ 33.89800481370203, 1.025127737519621 ], [ 33.9105866829901, 1.02512416110463 ], [ 33.914180214708566, 1.020600067436277 ], [ 33.922269807743753, 1.025120795607281 ], [ 33.958216297931983, 1.020587165708651 ], [ 33.966307481283664, 1.030535318257068 ], [ 33.967213068433132, 1.053150008501892 ], [ 33.971710494519691, 1.065812963654731 ], [ 33.985193840513865, 1.074854588604736 ], [ 33.995978199897479, 1.074851067745796 ], [ 33.995983217899727, 1.090229106536836 ], [ 34.007669919719191, 1.101080240109039 ], [ 34.009469454778895, 1.107411734506937 ], [ 34.029241129629369, 1.108309472011315 ], [ 34.044520508882016, 1.112826971611116 ], [ 34.052611630192281, 1.120965245629446 ], [ 34.058902474227388, 1.120962962793669 ], [ 34.063394623123969, 1.117343039729793 ], [ 34.085861424993418, 1.116430203513646 ], [ 34.092150192583375, 1.111000483491295 ], [ 34.095732434668712, 1.076625806719949 ], [ 34.104713273463467, 1.060340482128867 ], [ 34.099318450830317, 1.052201368402749 ], [ 34.100213953821985, 1.043155445396193 ], [ 34.103806688809421, 1.037726822137283 ], [ 34.108299951747533, 1.037725240701487 ], [ 34.103802945491452, 1.026872109287938 ], [ 34.104698503718886, 1.01782620495418 ], [ 34.128958440664896, 1.007867678424584 ], [ 34.137040562884437, 0.99158295979419 ], [ 34.148721177020363, 0.987056172028155 ], [ 34.150515949213734, 0.979819186089524 ], [ 34.16129909177868, 0.978910899277109 ], [ 34.174773347349863, 0.964433576142606 ], [ 34.175670101062394, 0.95900604139707 ], [ 34.194537711056384, 0.949954155497466 ], [ 34.201736661023425, 0.978896557114825 ], [ 34.236785397040215, 0.98792889543903 ], [ 34.243080303048316, 1.000589732448037 ], [ 34.253866213626438, 1.007821685548802 ], [ 34.254756252083112, 0.985208581797702 ], [ 34.266433478807897, 0.973445551825531 ], [ 34.267328365221367, 0.963495646308542 ], [ 34.275412554398287, 0.955352079835201 ], [ 34.274510662074839, 0.946307380153934 ], [ 34.262827559051047, 0.941789142498677 ], [ 34.262820153427434, 0.920985464303387 ], [ 34.243945747399316, 0.908328942784808 ], [ 34.230467107451943, 0.908333587934617 ], [ 34.21518584231795, 0.89205735426186 ], [ 34.204402867224559, 0.892060922966576 ], [ 34.20350311079789, 0.888443105925808 ], [ 34.196313860136485, 0.886636394750837 ], [ 34.195412101816807, 0.876686846112128 ], [ 34.186422025730103, 0.863121713039961 ], [ 34.169351411999031, 0.871267892476833 ], [ 34.14868213779512, 0.865847015300235 ], [ 34.139698890586232, 0.874895236194682 ], [ 34.122626790968788, 0.879423189856681 ], [ 34.11544008938391, 0.886661812265711 ], [ 34.076801171852956, 0.892100738676182 ], [ 34.073207727538659, 0.895720073299941 ], [ 34.062424207013017, 0.895723236172771 ], [ 34.054333713621872, 0.885775262740191 ], [ 34.054331170043945, 0.876729512598055 ], [ 34.064213247350175, 0.86677640375455 ], [ 34.074097805790323, 0.865869025372081 ], [ 34.089369917426417, 0.85048703751866 ], [ 34.120817202268398, 0.836909645609034 ], [ 34.125307109425442, 0.826053705089581 ], [ 34.149564896008762, 0.811573975181963 ], [ 34.163035974722767, 0.784433837269862 ], [ 34.162135168210852, 0.776293207592871 ], [ 34.158540146279485, 0.773580569945486 ], [ 34.158535296841272, 0.755489698783855 ], [ 34.163925256942676, 0.750060997013634 ], [ 34.194475061360649, 0.745530050624766 ], [ 34.198068054997108, 0.741006413932155 ], [ 34.207053801251824, 0.7419084860605 ], [ 34.210649227256653, 0.746430130063851 ], [ 34.219634448506248, 0.745523107130874 ], [ 34.236703500005284, 0.73375958313293 ], [ 34.261865999710714, 0.746415635767291 ], [ 34.26366539773656, 0.754555690949225 ], [ 34.283437851418547, 0.770830887810703 ], [ 34.287924588495684, 0.750930529732888 ], [ 34.294213974694117, 0.750024162146774 ], [ 34.303200774043368, 0.75544844322301 ], [ 34.304097679885636, 0.750021208537056 ], [ 34.310387021254869, 0.749114825660339 ], [ 34.306784293857362, 0.719267637690545 ], [ 34.312169239627849, 0.697558293248912 ], [ 34.29779215112287, 0.693944321282758 ], [ 34.293298870842364, 0.691232065963938 ], [ 34.295094910995537, 0.687613583398576 ], [ 34.292399872999084, 0.6894233155358 ], [ 34.28700711956553, 0.683093283631452 ], [ 34.281616534105609, 0.68490373861238 ], [ 34.277123252282912, 0.682191434488474 ], [ 34.279815007250747, 0.667718667177088 ], [ 34.278015897707611, 0.65957860565867 ], [ 34.275320369791828, 0.659579301796238 ], [ 34.27801406182688, 0.652342576837907 ], [ 34.276214782931305, 0.643297993305516 ], [ 34.260040728414253, 0.639683999872251 ], [ 34.25015512426085, 0.63154581256858 ], [ 34.240272315933822, 0.635166263861213 ], [ 34.234879709136138, 0.628835932495327 ], [ 34.231286057675156, 0.630645827134523 ], [ 34.228589861639179, 0.627932905729537 ], [ 34.21960590610788, 0.633362167484455 ], [ 34.216009921114768, 0.625222291355412 ], [ 34.206126965516127, 0.628842700514896 ], [ 34.203430347929547, 0.624320679947602 ], [ 34.203430553748916, 0.625225209333903 ], [ 34.202532025265981, 0.625225416600546 ], [ 34.202532231229583, 0.62612994628353 ], [ 34.201633702295034, 0.626130153695109 ], [ 34.201633908402428, 0.62703468367455 ], [ 34.198040200947055, 0.628844575309849 ], [ 34.196241500973784, 0.621608735999414 ], [ 34.191749252954317, 0.623418825194228 ], [ 34.18995057344091, 0.616182963334679 ], [ 34.184558782521222, 0.613470565916032 ], [ 34.185455928587118, 0.607138617841013 ], [ 34.176471189639116, 0.609854208747298 ], [ 34.173774414051671, 0.60442756586481 ], [ 34.164788668963979, 0.602620429162372 ], [ 34.143219796293884, 0.583629497638549 ], [ 34.136930548786971, 0.586344434498697 ], [ 34.127041253240925, 0.559209818921794 ], [ 34.126138985779846, 0.539309791164396 ], [ 34.116252432628023, 0.524838700374469 ], [ 34.117150173943983, 0.520315751439986 ], [ 34.12254092806549, 0.517601120556368 ], [ 34.11804729138774, 0.512174576171071 ], [ 34.118940951120813, 0.483228594352125 ], [ 34.087488035321222, 0.45700130200307 ], [ 34.091080575425529, 0.4461459653308 ], [ 34.089280637897424, 0.426245776048066 ], [ 34.100061279583812, 0.413580350925644 ], [ 34.108144292522411, 0.385537840469125 ], [ 34.108142231875433, 0.369255749194362 ], [ 34.099155879966773, 0.360211238215906 ], [ 34.098256179149999, 0.350261146610667 ], [ 34.085675873433409, 0.342121514500715 ], [ 34.083878212185979, 0.336694310569449 ], [ 34.080284196602783, 0.33759928134075 ], [ 34.081182131228068, 0.3321717674051 ], [ 34.074892326332353, 0.331267887402844 ], [ 34.072196155152263, 0.325840751852252 ], [ 34.055123835003592, 0.324033413298634 ], [ 34.05961540087322, 0.313178037211799 ], [ 34.048832270549312, 0.305942501025137 ], [ 34.04883123519086, 0.295087558816558 ], [ 34.040744158558724, 0.292374580862416 ], [ 34.040742700991373, 0.276092124874693 ], [ 34.024568402538272, 0.268856854822991 ], [ 34.020973720995592, 0.262525051945961 ], [ 34.021871681971319, 0.2552882874417 ], [ 34.007494254752466, 0.245338935377954 ], [ 34.003899549072131, 0.238102476161734 ], [ 33.995812974338975, 0.242626034855718 ], [ 33.987725918648962, 0.240817439937842 ], [ 33.985929483897614, 0.249863534476849 ], [ 33.989524368190395, 0.258909216006131 ], [ 33.974249561040565, 0.266147203063672 ], [ 33.97514734763017, 0.25619653964209 ], [ 33.97155246578243, 0.2471508120216 ], [ 33.965262394124025, 0.244437467886899 ], [ 33.960769943111494, 0.248960807985306 ], [ 33.958073950587547, 0.244437986133519 ], [ 33.967957799356014, 0.240818867624515 ], [ 33.965261452192635, 0.230868438487406 ], [ 33.954478912820612, 0.232678381011064 ], [ 33.941898683426778, 0.22634697515414 ], [ 33.925724865049659, 0.230871085353437 ], [ 33.923029526399752, 0.236298939960153 ], [ 33.930216992868814, 0.220015455861228 ], [ 33.920332413463456, 0.213683776815944 ], [ 33.926621074255607, 0.191068092551378 ], [ 33.923026730716785, 0.189259061180501 ], [ 33.91044732023456, 0.198305893332145 ], [ 33.90056303319632, 0.19740181892494 ], [ 33.896069902394373, 0.191974344008955 ], [ 33.900562060429067, 0.178404824868613 ], [ 33.896967279670648, 0.167549565510766 ], [ 33.88888024331883, 0.169359179949496 ], [ 33.885285720132281, 0.163931610140196 ], [ 33.875401354246485, 0.16212279765195 ], [ 33.853836646988604, 0.186548738830615 ], [ 33.839459705249098, 0.193786503345448 ], [ 33.838561438864311, 0.200118984144578 ], [ 33.843054352774772, 0.200118752291427 ], [ 33.840359075817339, 0.209165224410954 ], [ 33.83047422635876, 0.201024033940607 ], [ 33.823285813603206, 0.206452223774431 ], [ 33.822386951153341, 0.201024445996386 ], [ 33.830473692763725, 0.19016840689607 ], [ 33.83047290847199, 0.172980330462086 ], [ 33.834965785392008, 0.172075497406043 ], [ 33.834965629723548, 0.16845695910619 ], [ 33.831370888631433, 0.158506124290674 ], [ 33.823283320724244, 0.150364714058111 ], [ 33.8232830239943, 0.142222978507927 ], [ 33.810702795164836, 0.14131878667714 ], [ 33.807108636881686, 0.146746758351399 ], [ 33.813399015241984, 0.153983645169474 ], [ 33.81429788299755, 0.16122072515354 ], [ 33.807109776733185, 0.175695268065967 ], [ 33.815197269848994, 0.180218110050469 ], [ 33.817893319141056, 0.186550457723953 ], [ 33.806212307149849, 0.200120616924222 ], [ 33.817894520688753, 0.210975696146751 ], [ 33.817894711253736, 0.214594249923197 ], [ 33.806213230397148, 0.21821343852799 ], [ 33.80980813969051, 0.228164286996028 ], [ 33.797228244284547, 0.235402138750199 ], [ 33.790040158690083, 0.247162930718766 ], [ 33.784647798390381, 0.23359356549198 ], [ 33.79003854834108, 0.218214302472342 ], [ 33.769370579560736, 0.213692135304146 ], [ 33.776559143884548, 0.209168533196277 ], [ 33.777457391423653, 0.201931309192823 ], [ 33.781950548497925, 0.205549677968116 ], [ 33.785544800189577, 0.20283556343128 ], [ 33.779253840960472, 0.185647576082855 ], [ 33.768471201737491, 0.197408492669896 ], [ 33.759484922805122, 0.191076349578513 ], [ 33.756788548569666, 0.177506691991482 ], [ 33.751396981103632, 0.178411566285726 ], [ 33.746904579702559, 0.192886212603372 ], [ 33.729831090710839, 0.192886958348004 ], [ 33.725337755738522, 0.185649885451377 ], [ 33.719946147534053, 0.186554766656484 ], [ 33.719047430021675, 0.183840824998777 ], [ 33.710960094429048, 0.187459795641392 ], [ 33.710061668847985, 0.191983138979695 ], [ 33.704670115840841, 0.194697350676025 ], [ 33.703771966932159, 0.205553339047467 ], [ 33.708265268268967, 0.210981109030205 ], [ 33.722643158579757, 0.213694419841895 ], [ 33.720846370822976, 0.222741096386275 ], [ 33.726238664557776, 0.235406042704372 ], [ 33.741515638480628, 0.247165747432437 ], [ 33.741515942814836, 0.2525936769485 ], [ 33.737023211279492, 0.25802186925793 ], [ 33.720848271770734, 0.2589274613552 ], [ 33.711862601473833, 0.267069920443467 ], [ 33.700180443774165, 0.264356606488871 ], [ 33.698382860486973, 0.25802406374645 ], [ 33.69209258905849, 0.258929074545028 ], [ 33.692093139047742, 0.268880386557302 ], [ 33.695687663283103, 0.269784844915097 ], [ 33.701978836496302, 0.284259085960202 ], [ 33.713660742886667, 0.282449044129802 ], [ 33.718154439325424, 0.292400021033912 ], [ 33.727140237514, 0.286971491977769 ], [ 33.725343648631245, 0.296922846467681 ], [ 33.729836836596391, 0.298731863240831 ], [ 33.740619944571556, 0.295112516762645 ], [ 33.738823144474168, 0.301445224877558 ], [ 33.74151916371622, 0.304159004922364 ], [ 33.749606412152851, 0.300539829805668 ], [ 33.754998569332464, 0.307776672245907 ], [ 33.765781800400312, 0.306871248539614 ], [ 33.768478142331681, 0.314108247332202 ], [ 33.755897693806389, 0.315013822860162 ], [ 33.749607101770756, 0.310491014567758 ], [ 33.746012913675131, 0.314109886098007 ], [ 33.746911979164565, 0.320442397376595 ], [ 33.740621369218317, 0.315919582172097 ], [ 33.732534359786655, 0.323157412504554 ], [ 33.723547694335849, 0.315920793195921 ], [ 33.710967111885864, 0.316826328430884 ], [ 33.707373320946289, 0.326777854461017 ], [ 33.68041427131152, 0.321351728027595 ], [ 33.673224797498435, 0.314114861823835 ], [ 33.675920500279148, 0.311400683478611 ], [ 33.674122851808725, 0.30506812288971 ], [ 33.661542310843402, 0.308687590538973 ], [ 33.657049792376121, 0.318639254256935 ], [ 33.64356989417157, 0.311402721752038 ], [ 33.637280420571926, 0.326782577189513 ], [ 33.63098992718642, 0.325878301110711 ], [ 33.625597568068919, 0.316831871765389 ], [ 33.609422604525385, 0.324974958359159 ], [ 33.589652377118767, 0.322262091103556 ], [ 33.594145216801337, 0.31592905344922 ], [ 33.603131606208336, 0.315928532232788 ], [ 33.612117407519143, 0.305976532839245 ], [ 33.6130153886157, 0.29421565433036 ], [ 33.618407495915541, 0.299643423226312 ], [ 33.62379874522474, 0.289691666862886 ], [ 33.61840641700315, 0.27974050536147 ], [ 33.61031904743146, 0.286073687953703 ], [ 33.622000524109708, 0.271598216710632 ], [ 33.620202852073241, 0.263456209395889 ], [ 33.622898434252782, 0.257123332517923 ], [ 33.617506477189679, 0.253504883042051 ], [ 33.617506222825384, 0.248076813257431 ], [ 33.622897346450479, 0.233601720715308 ], [ 33.62289680390564, 0.220936237102478 ], [ 33.604924033791114, 0.216413582335679 ], [ 33.602227689819998, 0.204652838188341 ], [ 33.589646782920262, 0.202843942701685 ], [ 33.57796471122311, 0.207367791533221 ], [ 33.566282166165415, 0.199226035662064 ], [ 33.563586105710193, 0.194702692721539 ], [ 33.565383170197272, 0.188369823680707 ], [ 33.575267977086298, 0.182941385808311 ], [ 33.575267834820337, 0.178417958957204 ], [ 33.568977369262257, 0.177513469506983 ], [ 33.568977232779133, 0.172990037636443 ], [ 33.54471418906801, 0.1775142050327 ], [ 33.543815934016536, 0.190179895155921 ], [ 33.551005215617884, 0.195607800519309 ], [ 33.539323173936189, 0.203750400745456 ], [ 33.525842533775126, 0.169372518609917 ], [ 33.520450616315671, 0.166658583981509 ], [ 33.515957527977619, 0.171182174787027 ], [ 33.524944220555277, 0.181133552866224 ], [ 33.527640750908056, 0.201036712272732 ], [ 33.519552968675384, 0.20103697335821 ], [ 33.514160831457708, 0.191990199286559 ], [ 33.499782521918171, 0.191990628478142 ], [ 33.497086744293767, 0.197418889513114 ], [ 33.500681747148455, 0.210989228111232 ], [ 33.49798613165548, 0.220940980431216 ], [ 33.484505688279683, 0.197419263353855 ], [ 33.488998373212063, 0.177515772737949 ], [ 33.483606471070388, 0.176611216645569 ], [ 33.475518929701792, 0.187467825632751 ], [ 33.474620712327145, 0.202847750415267 ], [ 33.462039740322759, 0.207371625142473 ], [ 33.463837311515327, 0.216418586218882 ], [ 33.44945900789012, 0.220942538060319 ], [ 33.437776371330173, 0.216419365964131 ], [ 33.426094295375115, 0.231799703620062 ], [ 33.425195969635105, 0.242656204410517 ], [ 33.431486600685524, 0.243560709272743 ], [ 33.435081113309927, 0.239941773148025 ], [ 33.436878541737549, 0.243560534409054 ], [ 33.451257032035443, 0.243560057490207 ], [ 33.453054493768668, 0.24808351042776 ], [ 33.436878748290468, 0.249893467472765 ], [ 33.428791099741446, 0.258036086914478 ], [ 33.430588631993253, 0.264368964021354 ], [ 33.41710883053257, 0.267083548351277 ], [ 33.421602381571383, 0.274321046081908 ], [ 33.401832163836012, 0.284273527150966 ], [ 33.407224238506636, 0.286987461412831 ], [ 33.419805380834362, 0.283368176750657 ], [ 33.435082211944668, 0.27251115053087 ], [ 33.437778253289956, 0.274320461351908 ], [ 33.43598106774612, 0.27793934656704 ], [ 33.44496789264344, 0.284271934957068 ], [ 33.444968067157745, 0.288795453332289 ], [ 33.435082710926601, 0.286081723929147 ], [ 33.431488138679242, 0.287891271200424 ], [ 33.444968137734918, 0.290604860672257 ], [ 33.447663832736758, 0.283367126713934 ], [ 33.443170472540153, 0.281557892830203 ], [ 33.441372820652923, 0.272510920147951 ], [ 33.444967029582322, 0.260749638843406 ], [ 33.451257819147997, 0.266177631000385 ], [ 33.449460704779341, 0.271605915942401 ], [ 33.45395419265401, 0.277033962325264 ], [ 33.461143373655503, 0.275224279543745 ], [ 33.460244477908326, 0.268891402034077 ], [ 33.461143031927008, 0.266177262881702 ], [ 33.468332615976841, 0.275223997541454 ], [ 33.472825888665135, 0.275223819074929 ], [ 33.472826032098098, 0.278842619646692 ], [ 33.478217957092617, 0.278842400392187 ], [ 33.484508347439771, 0.274318648492776 ], [ 33.486305187902872, 0.262557496388347 ], [ 33.51056918427242, 0.273412862690087 ], [ 33.51596138899869, 0.280650184450206 ], [ 33.504279139436392, 0.285174176720792 ], [ 33.503380766740143, 0.291507088229402 ], [ 33.507874391978859, 0.299649143234045 ], [ 33.499786361147102, 0.296030731806754 ], [ 33.48630660308978, 0.296936033494761 ], [ 33.486307168316316, 0.309601809793572 ], [ 33.4988884992948, 0.313220007664311 ], [ 33.49888867139083, 0.316838793933948 ], [ 33.493496916731708, 0.32045784310752 ], [ 33.478219636264043, 0.317744474473988 ], [ 33.476422699838771, 0.325886854425992 ], [ 33.472828109474428, 0.326791724994406 ], [ 33.473726145389101, 0.31322118306553 ], [ 33.46833408032532, 0.310507325007558 ], [ 33.465638186280778, 0.312316846937952 ], [ 33.467435990235529, 0.323173175974298 ], [ 33.453956501892733, 0.332220816288903 ], [ 33.454855540067982, 0.340363095880073 ], [ 33.462943279191052, 0.335839201861802 ], [ 33.459349238435941, 0.348505197424127 ], [ 33.463842503770628, 0.347600274566167 ], [ 33.468336215784049, 0.355742356712771 ], [ 33.473728138025038, 0.354837379746047 ], [ 33.47552569211522, 0.35936078515464 ], [ 33.481816222722308, 0.357551055693805 ], [ 33.488106936600808, 0.359360117108947 ], [ 33.463843549322021, 0.368408401425572 ], [ 33.462045944441279, 0.362980287131744 ], [ 33.464741704211967, 0.35845664283208 ], [ 33.458450974429397, 0.356647558315576 ], [ 33.458451245033508, 0.362075769446004 ], [ 33.451261754470458, 0.358457321507736 ], [ 33.447667451908018, 0.365695124756217 ], [ 33.441376880551644, 0.367504846301261 ], [ 33.444970972108365, 0.355743520740807 ], [ 33.426098419349003, 0.343078535617717 ], [ 33.430591387069789, 0.334935985144185 ], [ 33.429692333897172, 0.32588897031273 ], [ 33.418908323968118, 0.324984720871482 ], [ 33.413516041485281, 0.317747285638912 ], [ 33.402732628428879, 0.332223051735372 ], [ 33.383860802343499, 0.337652071645549 ], [ 33.378468746003179, 0.336747573276577 ], [ 33.377569868366621, 0.331319340654337 ], [ 33.370380371479591, 0.327700765680605 ], [ 33.359596319526915, 0.327701161235677 ], [ 33.359596847073078, 0.342176571162027 ], [ 33.373077428050564, 0.354842017114023 ], [ 33.362293850636718, 0.367508427791648 ], [ 33.333536071381197, 0.36389069313717 ], [ 33.325447746246873, 0.35755797631542 ], [ 33.320954016772106, 0.347606251471705 ], [ 33.315562043862705, 0.350320586057673 ], [ 33.328144202930034, 0.369319188567395 ], [ 33.320056190952542, 0.372033635791717 ], [ 33.310170369344817, 0.362082097031954 ], [ 33.30657574295153, 0.364796374015073 ], [ 33.308373351399197, 0.372034054605936 ], [ 33.317360380405539, 0.378366752877827 ], [ 33.319158075462042, 0.387413854833894 ], [ 33.322752765132641, 0.386509001257842 ], [ 33.323651073956974, 0.376557086044507 ], [ 33.32814433628532, 0.372938052769495 ], [ 33.335333798548596, 0.373842495386594 ], [ 33.337131610489074, 0.385603723745245 ], [ 33.342523648712117, 0.38469879238159 ], [ 33.345219432056524, 0.378365681972886 ], [ 33.34701726200818, 0.390126895110233 ], [ 33.358699701110147, 0.381079270828505 ], [ 33.366787788400622, 0.381078927961481 ], [ 33.362295062957266, 0.396459236007382 ], [ 33.358700311207059, 0.395554680475003 ], [ 33.35061262584464, 0.40550688102442 ], [ 33.344321900796139, 0.406411867308862 ], [ 33.343423450660985, 0.411840193094157 ], [ 33.350613421639814, 0.423601157831399 ], [ 33.356005267220993, 0.418172630573476 ], [ 33.36049871275079, 0.419077136995113 ], [ 33.359600660826608, 0.432647872507934 ], [ 33.366790423357344, 0.438980511327574 ], [ 33.366790689463194, 0.444408784324056 ], [ 33.374879434106447, 0.456169622624515 ], [ 33.379373089397959, 0.460692939679198 ], [ 33.384765141886, 0.459787938381226 ], [ 33.383866750356106, 0.465216249094093 ], [ 33.388360417036544, 0.469739550784607 ], [ 33.403638134474903, 0.471548095597353 ], [ 33.400044083245859, 0.483309515471774 ], [ 33.383868104979705, 0.489643427106319 ], [ 33.364097016212185, 0.490549249669188 ], [ 33.361400658608474, 0.485121121239458 ], [ 33.36679240272256, 0.477883132657989 ], [ 33.365893477207557, 0.473359620049939 ], [ 33.361399902132987, 0.470645719343904 ], [ 33.354210679709901, 0.476074370685305 ], [ 33.35061556310621, 0.468836846050771 ], [ 33.361399578381196, 0.464312730823427 ], [ 33.364993862514872, 0.455265421890482 ], [ 33.356905344665861, 0.448028124406917 ], [ 33.346120913268486, 0.443505074234866 ], [ 33.335336728048816, 0.444410289213034 ], [ 33.320957391584933, 0.436268483376707 ], [ 33.318261142852911, 0.431745014675556 ], [ 33.323653030188702, 0.42631648756908 ], [ 33.318260807500366, 0.423602563369449 ], [ 33.317361939238246, 0.419079015941621 ], [ 33.310172565812664, 0.421793458452482 ], [ 33.311071577850193, 0.429935879338487 ], [ 33.296692829554772, 0.436269485909498 ], [ 33.284111700324772, 0.449840769157667 ], [ 33.283213219669285, 0.455269122377692 ], [ 33.290403191965424, 0.466125463488353 ], [ 33.286808827575705, 0.476077524568804 ], [ 33.276024384094704, 0.473363807113557 ], [ 33.272429255008625, 0.464316745558386 ], [ 33.249063035517175, 0.459794002201342 ], [ 33.247264975593069, 0.439890173883932 ], [ 33.234683076354635, 0.43355752046421 ], [ 33.226594261439033, 0.413653845986947 ], [ 33.222999649729374, 0.419082292441369 ], [ 33.214911225950814, 0.411844724162271 ], [ 33.212215247485048, 0.415463695475594 ], [ 33.208620408050194, 0.412749617274426 ], [ 33.198734838869001, 0.41455932296287 ], [ 33.196039192093075, 0.431749175925741 ], [ 33.192444435266282, 0.432653994089935 ], [ 33.195140246481351, 0.421797217787073 ], [ 33.189747781306544, 0.409131189451062 ], [ 33.191545059640212, 0.404607517350475 ], [ 33.207721347154056, 0.398274042095521 ], [ 33.209518796565341, 0.400988170811803 ], [ 33.226593833336317, 0.39827354154756 ], [ 33.227492277336637, 0.389226279016639 ], [ 33.236479334502889, 0.395559092468174 ], [ 33.260743673288502, 0.388320588610964 ], [ 33.273325039002032, 0.381082423753825 ], [ 33.270628679579055, 0.371130580450678 ], [ 33.258047027306723, 0.368416793705662 ], [ 33.238275540515147, 0.352132331620203 ], [ 33.217605632114477, 0.344895044680367 ], [ 33.202327727144024, 0.332229228732822 ], [ 33.188847442681052, 0.331324771237301 ], [ 33.186151337731552, 0.328610643816579 ], [ 33.190644608015326, 0.320468024182574 ], [ 33.188847191011597, 0.317753879278059 ], [ 33.16008930807044, 0.318659095722079 ], [ 33.143912775047781, 0.304183684353999 ], [ 33.14121661703016, 0.296041165023947 ], [ 33.152000491347437, 0.270708639109256 ], [ 33.151101754273661, 0.266185010401977 ], [ 33.154696467683443, 0.26528023768132 ], [ 33.154696379035322, 0.258042414799422 ], [ 33.152000221502959, 0.248090439656687 ], [ 33.144810722445193, 0.242662151068696 ], [ 33.129533238391176, 0.250804866880863 ], [ 33.130431857473823, 0.244471756017854 ], [ 33.139418605815486, 0.239043294043466 ], [ 33.137621140442398, 0.228186569201427 ], [ 33.129532923598688, 0.216425169037469 ], [ 33.123242178470385, 0.217329950939338 ], [ 33.117850068739905, 0.212806347685916 ], [ 33.113356673392907, 0.212806381585796 ], [ 33.113356700032519, 0.216425299423883 ], [ 33.107065937565302, 0.215520615789241 ], [ 33.112458130837034, 0.230900977784807 ], [ 33.124141059959292, 0.240852899774847 ], [ 33.124141092945877, 0.244471816049698 ], [ 33.117850326911324, 0.24447187311466 ], [ 33.117850287840511, 0.239948226712141 ], [ 33.112458181278718, 0.237234084029382 ], [ 33.107066131904197, 0.241757775190421 ], [ 33.108863523127539, 0.245376679048891 ], [ 33.114255602815945, 0.244471904391139 ], [ 33.110660953698044, 0.253519229690581 ], [ 33.088193882322848, 0.250805213018872 ], [ 33.082801846406433, 0.259852550857311 ], [ 33.063030793839729, 0.255329012563955 ], [ 33.063030750563506, 0.246281706120412 ], [ 33.069321522675693, 0.245376944143116 ], [ 33.072916208297499, 0.237234350667746 ], [ 33.058537314688188, 0.240853342368472 ], [ 33.055841246274838, 0.235424969076449 ], [ 33.041462308689127, 0.226377709747172 ], [ 33.065726633621907, 0.21009246797552 ], [ 33.100775145275918, 0.21009227998455 ], [ 33.08729486076809, 0.192902487854629 ], [ 33.085497446294127, 0.181141003677723 ], [ 33.05494230083422, 0.15399919667643 ], [ 33.045955518805513, 0.151285025051369 ], [ 33.045955509431629, 0.14676136997559 ], [ 33.054942271872967, 0.142237695105359 ], [ 33.049550190423403, 0.133190397628858 ], [ 33.041462095502204, 0.131380950496969 ], [ 33.043259458737261, 0.136809333790665 ], [ 33.036070047561374, 0.140428270298597 ], [ 33.027083275637459, 0.141333013732173 ], [ 33.024387240698559, 0.138618823040805 ], [ 33.02798194456355, 0.134095162991915 ], [ 33.038766066264259, 0.132285685967359 ], [ 33.027083248926871, 0.116000539519577 ], [ 33.011805745741633, 0.110572162198822 ], [ 33.009109717945144, 0.115095819769105 ], [ 33.011805753059114, 0.127762057105832 ], [ 33.004616337513689, 0.12866679073992 ], [ 32.996528245195364, 0.123238402978461 ], [ 32.997426923087687, 0.11147689578419 ], [ 33.006413687121132, 0.109667432534109 ], [ 33.002818981081447, 0.104239045071211 ], [ 32.97136533110374, 0.083430213770845 ], [ 32.955189165555439, 0.088858584995124 ], [ 32.951594468057237, 0.085239656335251 ], [ 32.953391823176894, 0.081620734371403 ], [ 32.939911705674923, 0.073478138702384 ], [ 32.93362098244549, 0.072573398995279 ], [ 32.933620975646186, 0.077097052709475 ], [ 32.924634226955341, 0.077097037650722 ], [ 32.909356764222125, 0.074382817026869 ], [ 32.907559426400951, 0.068954432254208 ], [ 32.911154128405776, 0.066240248358717 ], [ 32.90216737774147, 0.07076388146318 ], [ 32.899471361233893, 0.068049685797568 ], [ 32.895876661540399, 0.069859137826182 ], [ 32.893180608694507, 0.082525348522213 ], [ 32.896775226955853, 0.108762524188792 ], [ 32.888687133590402, 0.114190872948527 ], [ 32.876105688921314, 0.114190821133744 ], [ 32.873409637356694, 0.120523913067887 ], [ 32.882396352121113, 0.127761788889635 ], [ 32.894079141373631, 0.125047650740707 ], [ 32.898572493447034, 0.131380777883717 ], [ 32.898572471107329, 0.136809157239727 ], [ 32.88239630066559, 0.138618541711184 ], [ 32.880598907826759, 0.14676109667607 ], [ 32.893180274716144, 0.165760484824555 ], [ 32.903065700065433, 0.170284185958819 ], [ 32.903065672521294, 0.175712565858324 ], [ 32.892281456112059, 0.190188181071298 ], [ 32.874307840127173, 0.198330620390033 ], [ 32.868915780246319, 0.19742584940702 ], [ 32.868915902508867, 0.181140729447668 ], [ 32.872510647518688, 0.175712381104435 ], [ 32.86801734412731, 0.163950874340068 ], [ 32.855435837021851, 0.170283885622686 ], [ 32.851841026318375, 0.183854781711655 ], [ 32.844651647879061, 0.180235808477338 ], [ 32.848246614994935, 0.144951443032185 ], [ 32.854537348436146, 0.143142027834841 ], [ 32.859929363264108, 0.148570433160746 ], [ 32.855436083224845, 0.133190020962751 ], [ 32.840158520921378, 0.148570298080366 ], [ 32.828475773167924, 0.146760755433346 ], [ 32.827577153612545, 0.139522930968966 ], [ 32.820387795651129, 0.135903969456372 ], [ 32.81769174291577, 0.140427582652945 ], [ 32.810502354229698, 0.14133225142854 ], [ 32.811400966904763, 0.148570069807914 ], [ 32.807806219982616, 0.154903121895134 ], [ 32.804211528660581, 0.154903088768677 ], [ 32.800617004777564, 0.135903813310156 ], [ 32.791630241969905, 0.141332088708234 ], [ 32.788035572734515, 0.139522605799389 ], [ 32.787137088331562, 0.116904471677273 ], [ 32.783542393320388, 0.118713893675801 ], [ 32.777251745591023, 0.113285496687444 ], [ 32.766467661572896, 0.119618477578 ], [ 32.762873038216426, 0.113285381825272 ], [ 32.752088851457707, 0.131379747004411 ], [ 32.739507733766629, 0.106047404472769 ], [ 32.734115709887959, 0.108761522912139 ], [ 32.73501430287736, 0.116904025208113 ], [ 32.726027601219059, 0.120522822057251 ], [ 32.72602772111879, 0.107856729169986 ], [ 32.722433089926149, 0.104237813779218 ], [ 32.71883843600731, 0.103333061304309 ], [ 32.711649048215087, 0.110570754856194 ], [ 32.699067816377969, 0.103332878958057 ], [ 32.701763865137316, 0.096999871533279 ], [ 32.699966620873354, 0.087047948102535 ], [ 32.696371967951698, 0.08704791913883 ], [ 32.689182571310432, 0.097904475502963 ], [ 32.675702638922544, 0.097904346977928 ], [ 32.668513457549018, 0.086142966869785 ], [ 32.659526902134779, 0.080714595493084 ], [ 32.657729503106459, 0.089761731283393 ], [ 32.665817375529656, 0.09699953340838 ], [ 32.671209200756557, 0.110570331721203 ], [ 32.671209170533878, 0.113284480735476 ], [ 32.663121122033814, 0.121426827503249 ], [ 32.660425139049366, 0.121426793547328 ], [ 32.660425127719613, 0.122331508879084 ], [ 32.659526466862722, 0.12233149741552 ], [ 32.659526455418664, 0.123236212661883 ], [ 32.680195665876973, 0.124141187691215 ], [ 32.685587486610373, 0.136807299306308 ], [ 32.700864835271062, 0.132283901406052 ], [ 32.711648797146985, 0.134093469485244 ], [ 32.717040740061329, 0.138617133878775 ], [ 32.723331217721338, 0.153997460458912 ], [ 32.73052059311982, 0.151283389482619 ], [ 32.725128517649338, 0.156711646331009 ], [ 32.74130442077734, 0.166663795874044 ], [ 32.746696294574868, 0.177520535063381 ], [ 32.729621237776435, 0.199233598781445 ], [ 32.715242478356842, 0.201947514958909 ], [ 32.706256159456593, 0.18023409081464 ], [ 32.703560201491364, 0.177519889570908 ], [ 32.694573521026086, 0.178424460684311 ], [ 32.695472332263996, 0.169377291473327 ], [ 32.69097910225809, 0.163044193553904 ], [ 32.684688433567821, 0.163948812868574 ], [ 32.677499203826272, 0.158520396379501 ], [ 32.676600395683188, 0.167567550140229 ], [ 32.672107060809189, 0.168472191323671 ], [ 32.66851248168431, 0.163948549847024 ], [ 32.670309866915751, 0.160329714849875 ], [ 32.664917888768386, 0.160329626728872 ], [ 32.655032431575272, 0.170281324097435 ], [ 32.65503235010447, 0.17480489798922 ], [ 32.658626850380116, 0.182947400148533 ], [ 32.680194438311098, 0.201946858835539 ], [ 32.68648460740517, 0.226374357587445 ], [ 32.674801866928973, 0.22908824824251 ], [ 32.657727575342818, 0.212802978216783 ], [ 32.643348759492767, 0.220945072637392 ], [ 32.641551188087789, 0.23089687653771 ], [ 32.650537791111994, 0.232706530331607 ], [ 32.649638875104749, 0.242658363916442 ], [ 32.664017472242122, 0.245372877746441 ], [ 32.668510697841221, 0.249896570367694 ], [ 32.66491593373474, 0.253515341025145 ], [ 32.67480074653588, 0.274324074385647 ], [ 32.673901877667376, 0.281561780994788 ], [ 32.664016213032667, 0.29151336873429 ], [ 32.662218653370871, 0.298751037007287 ], [ 32.663117569164221, 0.290608626314373 ], [ 32.639752276406398, 0.286989047943954 ], [ 32.637056771297267, 0.270704130302269 ], [ 32.630766107555154, 0.270703939119519 ] ], [ [ 34.080283898305886, 0.334885573845567 ], [ 34.079385468063251, 0.335790242936812 ], [ 34.079385368980908, 0.334885673500852 ], [ 34.080283898305886, 0.334885573845567 ] ], [ [ 33.613015290173216, 0.292406296330243 ], [ 33.611218069679623, 0.293311074290403 ], [ 33.611217971828466, 0.291501715676873 ], [ 33.613015290173216, 0.292406296330243 ] ], [ [ 33.858378176986129, 0.639767468773267 ], [ 33.84849309810761, 0.638864493550125 ], [ 33.843099698775667, 0.628914438863764 ], [ 33.843996886614761, 0.619867977932965 ], [ 33.851186055132082, 0.620771449418458 ], [ 33.855678464622692, 0.616247575727883 ], [ 33.854778407603959, 0.607201431213199 ], [ 33.848487050922429, 0.60087001534569 ], [ 33.848486079101257, 0.594537601781029 ], [ 33.852979055778583, 0.593632275384615 ], [ 33.858372333678268, 0.603582345307111 ], [ 33.864663117307622, 0.606295222120604 ], [ 33.866461517641739, 0.61353194241703 ], [ 33.872752310438614, 0.616244787172894 ], [ 33.86017408708183, 0.63162551729686 ], [ 33.858378176986129, 0.639767468773267 ] ], [ [ 33.632918002720174, 1.213363373166195 ], [ 33.623932086792273, 1.22331688024704 ], [ 33.618537278109081, 1.215176069155591 ], [ 33.606852568496883, 1.21517873637704 ], [ 33.605052913070516, 1.206132376921301 ], [ 33.614038905488741, 1.196178925153599 ], [ 33.631114964620267, 1.189842320721658 ], [ 33.634710419702685, 1.190746162193987 ], [ 33.632914658682957, 1.198888624787949 ], [ 33.649994686909615, 1.209740623237382 ], [ 33.643704684959062, 1.216979491226074 ], [ 33.632918002720174, 1.213363373166195 ] ] ], [ [ [ 34.18815291042965, 0.61346976367735 ], [ 34.187254578419811, 0.61437449925263 ], [ 34.18815311010701, 0.614374298169163 ], [ 34.18815291042965, 0.61346976367735 ] ] ], [ [ [ 34.200734967406888, 0.62522583066967 ], [ 34.201633702295034, 0.626130153695109 ], [ 34.201633496485229, 0.625225623712468 ], [ 34.200734967406888, 0.62522583066967 ] ] ], [ [ [ 33.574369173287003, 0.177513301705099 ], [ 33.575267778911247, 0.176608588210445 ], [ 33.574369145447243, 0.176608616187956 ], [ 33.574369173287003, 0.177513301705099 ] ] ], [ [ [ 32.65772915682183, 0.121426759320759 ], [ 32.659526466862722, 0.12233149741552 ], [ 32.659526478222453, 0.121426782168543 ], [ 32.65772915682183, 0.121426759320759 ] ] ], [ [ [ 32.656830507613243, 0.120522032859858 ], [ 32.65772915682183, 0.121426759320759 ], [ 32.657729168156756, 0.120522044243406 ], [ 32.656830507613243, 0.120522032859858 ] ] ], [ [ [ 32.656830507613243, 0.120522032859858 ], [ 32.653235922421743, 0.115998413778959 ], [ 32.648742578118544, 0.119617214851427 ], [ 32.656830507613243, 0.120522032859858 ] ] ], [ [ [ 33.294890274088822, 0.272515426737289 ], [ 33.299383417873159, 0.263468127790006 ], [ 33.302978237105322, 0.268896350948474 ], [ 33.311965045143381, 0.272514993754956 ], [ 33.311965209948319, 0.278848017361427 ], [ 33.321850522940679, 0.27613359910878 ], [ 33.324546341427478, 0.268895792906309 ], [ 33.317356931747938, 0.26708654878457 ], [ 33.320951382722811, 0.258039285930152 ], [ 33.312863157256039, 0.249897030251504 ], [ 33.318255152658672, 0.248992182709367 ], [ 33.32005238286623, 0.244468553953871 ], [ 33.320951181897435, 0.249896833822211 ], [ 33.3281405994436, 0.252610803781917 ], [ 33.330836380168023, 0.243563574814496 ], [ 33.334431028201578, 0.24265876981237 ], [ 33.331735296141566, 0.253515427828994 ], [ 33.335329992106011, 0.254420050208528 ], [ 33.351505669298049, 0.24175361995921 ], [ 33.358695184638911, 0.248991137520928 ], [ 33.339823596801914, 0.264371798654985 ], [ 33.347012940838127, 0.264371598485189 ], [ 33.35869587715252, 0.273418397477679 ], [ 33.364986518008905, 0.272513493935414 ], [ 33.351506858808058, 0.284275179704818 ], [ 33.364986822990673, 0.282465333371191 ], [ 33.37307456861496, 0.2743226682058 ], [ 33.375770565615873, 0.274322583284918 ], [ 33.376669489453796, 0.282464958095468 ], [ 33.365885984254142, 0.297845418526761 ], [ 33.347912655978007, 0.299655433105796 ], [ 33.346115458273985, 0.304179062913142 ], [ 33.37487313229262, 0.311415788766595 ], [ 33.380264981148095, 0.306892039114163 ], [ 33.383859270782345, 0.296035381735038 ], [ 33.378466968865879, 0.286988455683621 ], [ 33.391047924882166, 0.27613151040961 ], [ 33.387452979830663, 0.267084525499657 ], [ 33.396439440511806, 0.261655980760687 ], [ 33.394641892490959, 0.254418361168355 ], [ 33.386553876065008, 0.252609186728113 ], [ 33.378465574347828, 0.240848179097558 ], [ 33.380262302604812, 0.218230349639642 ], [ 33.373073031516569, 0.219135242800011 ], [ 33.371275640721855, 0.216421151406588 ], [ 33.368579899654407, 0.226373053864414 ], [ 33.35689733975606, 0.229087488724514 ], [ 33.353302485836267, 0.220945153182829 ], [ 33.355099583106572, 0.210993258823226 ], [ 33.352403695283897, 0.21551689061122 ], [ 33.340721036502174, 0.214612443068941 ], [ 33.340720898446911, 0.20827943708217 ], [ 33.337126219974664, 0.207374799416795 ], [ 33.338025021249273, 0.213707787895041 ], [ 33.334430478589951, 0.219136161451462 ], [ 33.328139914916278, 0.223659882984269 ], [ 33.322747893434482, 0.222755286564397 ], [ 33.32005166314395, 0.211898741413063 ], [ 33.325443495531324, 0.203756179312679 ], [ 33.316456711859047, 0.197423337981418 ], [ 33.322747287484468, 0.192899632189146 ], [ 33.319152525313129, 0.18747139760468 ], [ 33.320949572541103, 0.171186458704521 ], [ 33.329936245054718, 0.172995737538953 ], [ 33.322746886384756, 0.170281711497742 ], [ 33.326341395030319, 0.161234485382724 ], [ 33.333530745866014, 0.163948515688251 ], [ 33.341618590257944, 0.156710657544738 ], [ 33.338023842080922, 0.150377708076623 ], [ 33.323645224895031, 0.149473210674814 ], [ 33.320050519075167, 0.14585439531119 ], [ 33.324543710172208, 0.136807163510713 ], [ 33.32184761620416, 0.12866474751131 ], [ 33.32544217736455, 0.121426968539152 ], [ 33.318252795382016, 0.114189316461414 ], [ 33.319151334897299, 0.102427982744459 ], [ 33.326340558888383, 0.095190177311617 ], [ 33.336225855026186, 0.097904228695204 ], [ 33.340719120525982, 0.094285322074727 ], [ 33.337124405059164, 0.086142917078437 ], [ 33.330833774553277, 0.085238256414968 ], [ 33.329036394256065, 0.078000541260957 ], [ 33.325441750956522, 0.078000569399057 ], [ 33.323644464377651, 0.082524167455837 ], [ 33.326340525519342, 0.091571311026346 ], [ 33.313759237390762, 0.088857271033766 ], [ 33.311063265543318, 0.090666729833457 ], [ 33.311962035229776, 0.10242805400648 ], [ 33.305671385427367, 0.101523396650097 ], [ 33.311063492319185, 0.114189395679898 ], [ 33.30657037118015, 0.131379091773279 ], [ 33.312861220837512, 0.146759214806758 ], [ 33.308367898901835, 0.146759277622585 ], [ 33.300279753018209, 0.134093325113469 ], [ 33.294887524283858, 0.112380128762822 ], [ 33.282306214391582, 0.112380253898661 ], [ 33.28500224617914, 0.115999107804044 ], [ 33.282306314155946, 0.122332176927728 ], [ 33.284103734106779, 0.130474638984021 ], [ 33.271522567844812, 0.144950316271488 ], [ 33.270623977171084, 0.151283375142469 ], [ 33.266130659644418, 0.153092874049992 ], [ 33.263434839803885, 0.167568454301876 ], [ 33.25354958403112, 0.175711086940986 ], [ 33.243664221009219, 0.176615942415468 ], [ 33.240968072788014, 0.165759299000966 ], [ 33.232879943232632, 0.157616882447881 ], [ 33.227488029632553, 0.167568907730094 ], [ 33.222994661528773, 0.166664235345897 ], [ 33.224792153815656, 0.179330354651409 ], [ 33.21940014149245, 0.181139869714712 ], [ 33.219400185445139, 0.184758768111302 ], [ 33.216704155982008, 0.183854076659251 ], [ 33.204122901371576, 0.198329833733145 ], [ 33.208616318256297, 0.201948678218484 ], [ 33.216704313937399, 0.196520223225638 ], [ 33.222995088019161, 0.201043761685023 ], [ 33.221197645476934, 0.193805990504072 ], [ 33.226589554350703, 0.183853953121438 ], [ 33.237373641555315, 0.185663258985972 ], [ 33.241867061411043, 0.190186813463449 ], [ 33.245461684233312, 0.185663147810314 ], [ 33.252651038563798, 0.184758323441353 ], [ 33.268827195801471, 0.191091133189615 ], [ 33.264333987723255, 0.200138419090408 ], [ 33.265232883627128, 0.213709226863376 ], [ 33.25175306671111, 0.22908973673589 ], [ 33.231083807286254, 0.243565668219089 ], [ 33.207718353332169, 0.251708578060445 ], [ 33.205921084437826, 0.257136958602195 ], [ 33.200528974001401, 0.254422868182179 ], [ 33.207718619301474, 0.267993631606939 ], [ 33.205022674513387, 0.273422029346176 ], [ 33.222996520712798, 0.287897294866417 ], [ 33.225692702064023, 0.2951350340103 ], [ 33.266133575551251, 0.309609674576888 ], [ 33.286803176630869, 0.310513851696644 ], [ 33.292195111229901, 0.305990106739708 ], [ 33.294891312762175, 0.312323065766034 ], [ 33.320952858707052, 0.311417580334597 ], [ 33.314661902285863, 0.303275314912332 ], [ 33.292194941671234, 0.299657071838458 ], [ 33.295789497613171, 0.294228660793451 ], [ 33.295789216991942, 0.283372032777106 ], [ 33.286802258279728, 0.274325062833613 ], [ 33.28949819252319, 0.270706119328999 ], [ 33.294890274088822, 0.272515426737289 ] ] ], [ [ [ 33.165479434678488, 0.149474983806057 ], [ 33.167276838717193, 0.156712789481684 ], [ 33.154695408787298, 0.158522342784374 ], [ 33.150202114844348, 0.169379114070307 ], [ 33.154695521101772, 0.172997990363215 ], [ 33.165479601258262, 0.170283716304481 ], [ 33.169972913316251, 0.163045858669665 ], [ 33.176263713839546, 0.1720930740342 ], [ 33.191541155885666, 0.170283473359853 ], [ 33.191541085973462, 0.163045663735062 ], [ 33.171770083630371, 0.140427662997925 ], [ 33.174466044934135, 0.132285099038745 ], [ 33.171769937404726, 0.118714209480425 ], [ 33.17716193303005, 0.112381086382679 ], [ 33.175364557062053, 0.106952734880631 ], [ 33.163681856179259, 0.114190620791523 ], [ 33.161884536232122, 0.118714269519765 ], [ 33.165479266793156, 0.125047340806546 ], [ 33.159188581795014, 0.12957101901397 ], [ 33.160985994029879, 0.139523012546526 ], [ 33.15110060886709, 0.144046719281673 ], [ 33.151999319917785, 0.149475081894515 ], [ 33.165479434678488, 0.149474983806057 ] ] ], [ [ [ 33.551003627618663, 0.138612382587571 ], [ 33.566280433288163, 0.139516706631336 ], [ 33.562686144144038, 0.149468354726952 ], [ 33.564483577292705, 0.155801118004817 ], [ 33.570774012878061, 0.155800947396716 ], [ 33.576165640779266, 0.149468002887875 ], [ 33.580658944366576, 0.154895990949566 ], [ 33.586949336903821, 0.153991132988134 ], [ 33.585151567999588, 0.134088138867607 ], [ 33.587847150107905, 0.120517823058551 ], [ 33.579759228531856, 0.107852411704537 ], [ 33.577063354938907, 0.108757148422479 ], [ 33.579759463185688, 0.119613312870394 ], [ 33.571671938235355, 0.126850971599585 ], [ 33.56268569138313, 0.13046991948468 ], [ 33.558192463261157, 0.127755955943847 ], [ 33.552800795237239, 0.134088895796622 ], [ 33.5438143782591, 0.131375027533443 ], [ 33.542017265531001, 0.138612591357676 ], [ 33.547409189960355, 0.143135915229786 ], [ 33.551003627618663, 0.138612382587571 ] ] ], [ [ [ 33.771164327326623, 0.12684576090743 ], [ 33.791831826216196, 0.122321910840142 ], [ 33.796324883948159, 0.125940350423884 ], [ 33.794527988250564, 0.134986843128086 ], [ 33.802615352163016, 0.136795859667417 ], [ 33.805310853528802, 0.128653996553574 ], [ 33.817890651558301, 0.115084015758094 ], [ 33.825079320069641, 0.115083807326413 ], [ 33.823281881199684, 0.105132849203201 ], [ 33.829571956207438, 0.105132681593189 ], [ 33.834963639915934, 0.112369613895941 ], [ 33.838557883427271, 0.109655608884643 ], [ 33.834064766405895, 0.101514021754041 ], [ 33.835861813032608, 0.096990802935226 ], [ 33.843050606265258, 0.1033230526481 ], [ 33.860123278843503, 0.092467047373101 ], [ 33.866413426871574, 0.097894656631679 ], [ 33.874500595253537, 0.098799070532869 ], [ 33.879891922111291, 0.095180431462133 ], [ 33.879891876696171, 0.093371183575823 ], [ 33.871804744591458, 0.09337138641057 ], [ 33.870906085960243, 0.08975290432436 ], [ 33.878993240910283, 0.090657333714735 ], [ 33.876297467449064, 0.087943525031747 ], [ 33.878094504022236, 0.083420360583512 ], [ 33.889775971486905, 0.087038582492838 ], [ 33.891573191164497, 0.0906570240657 ], [ 33.896964541130032, 0.088847650537941 ], [ 33.884384405820484, 0.079801727369674 ], [ 33.873601614579975, 0.081611210302163 ], [ 33.869108683454876, 0.077992802024664 ], [ 33.866413063167975, 0.08251599405498 ], [ 33.861021606530613, 0.081611483395889 ], [ 33.861920238654946, 0.084325348893979 ], [ 33.85023888868362, 0.089753393903823 ], [ 33.842151554334592, 0.083421151540629 ], [ 33.833165783348818, 0.084325979169154 ], [ 33.832267363467459, 0.091563080583703 ], [ 33.831368661595327, 0.086135288784697 ], [ 33.825977155394625, 0.085230770104104 ], [ 33.823281297700071, 0.079803004267213 ], [ 33.824179775466796, 0.074375163423872 ], [ 33.808903904081639, 0.077089369693415 ], [ 33.806208198924175, 0.079803344718701 ], [ 33.80890412334508, 0.087945056646968 ], [ 33.804411251630135, 0.090659079145484 ], [ 33.794526634407276, 0.083422148661288 ], [ 33.795425151939597, 0.079803556065857 ], [ 33.769366109646164, 0.085231950491616 ], [ 33.764873190776306, 0.087945991156952 ], [ 33.7675691294084, 0.095183132362679 ], [ 33.758583191788759, 0.096087984043607 ], [ 33.758583252494411, 0.098801938585995 ], [ 33.771164327326623, 0.12684576090743 ] ] ], [ [ [ 33.127734933082046, 0.118714449555293 ], [ 33.126836337928978, 0.134999577398002 ], [ 33.143911146724562, 0.133190024808504 ], [ 33.144809774952002, 0.125047463780307 ], [ 33.149303129284554, 0.122333253736048 ], [ 33.148404421660231, 0.116000160829724 ], [ 33.153796457417663, 0.11509540379505 ], [ 33.153796415348545, 0.106952851308044 ], [ 33.14211366256319, 0.106952908002324 ], [ 33.14031636273404, 0.116904930966264 ], [ 33.127734933082046, 0.118714449555293 ] ] ], [ [ [ 33.092686566174088, 0.105143638034892 ], [ 33.103470674386543, 0.107857793489244 ], [ 33.107065389758382, 0.112381429701808 ], [ 33.113356099612012, 0.10876248759504 ], [ 33.120545499032012, 0.109667188871361 ], [ 33.126836189538139, 0.102429329848811 ], [ 33.125038831169299, 0.099715149441931 ], [ 33.119646796842638, 0.102429357680857 ], [ 33.108862672332293, 0.092477369693198 ], [ 33.105267983096368, 0.095191570031899 ], [ 33.103470610897396, 0.087049006755724 ], [ 33.095382530036396, 0.082525377785376 ], [ 33.08729446940081, 0.087049047944542 ], [ 33.090889190946534, 0.096096341398837 ], [ 33.072017027729686, 0.102429501059588 ], [ 33.079206449261839, 0.109667327728989 ], [ 33.092686566174088, 0.105143638034892 ] ] ], [ [ [ 33.240967146361108, 0.045431102737937 ], [ 33.246359212514143, 0.061716097386537 ], [ 33.251751244159536, 0.068049129929153 ], [ 33.260737893225297, 0.065334916094769 ], [ 33.280508565281984, 0.07166785197825 ], [ 33.285001871000496, 0.06895366379123 ], [ 33.28949510026699, 0.051763961568849 ], [ 33.294887064256848, 0.048145059361693 ], [ 33.30297504995368, 0.052668616805656 ], [ 33.30746834429857, 0.049049721663238 ], [ 33.308366975633973, 0.041811972122345 ], [ 33.300279005595442, 0.039097847114072 ], [ 33.294887045737084, 0.043621462860167 ], [ 33.290393726246933, 0.042716760784812 ], [ 33.287697716875883, 0.037288451696783 ], [ 33.275116400183521, 0.03005072525254 ], [ 33.267028388601531, 0.013765758882162 ], [ 33.255345736087932, 0.011051604791795 ], [ 33.258041738994713, 0.016479935237458 ], [ 33.252649750640103, 0.021003554762932 ], [ 33.25534576023837, 0.027336606611558 ], [ 33.240967146361108, 0.045431102737937 ] ] ], [ [ [ 32.763772106983339, -0.040517626016957 ], [ 32.753886823942459, -0.014280630425045 ], [ 32.750292160520864, -0.01247118108441 ], [ 32.748494834044159, 0.00200438214742 ], [ 32.751190832270609, 0.002909105343531 ], [ 32.752089498403727, -0.003423954361736 ], [ 32.760177497188167, -0.004328679823509 ], [ 32.761974827550212, -0.010661744961614 ], [ 32.773657502961051, -0.010661753830662 ], [ 32.774556174439049, 0.00200438596769 ], [ 32.766468165993331, 0.005623280041909 ], [ 32.764670827659131, 0.011956345122196 ], [ 32.779049507687112, 0.013765806343405 ], [ 32.775454820217291, 0.025527219822681 ], [ 32.781745492011545, 0.028241405003834 ], [ 32.782644145171091, 0.035479205201614 ], [ 32.791630831976413, 0.035479226015184 ], [ 32.796124191553567, 0.028241431288135 ], [ 32.800617537854222, 0.028241439134771 ], [ 32.802414852728376, 0.040002879580406 ], [ 32.799718835003901, 0.043621776201156 ], [ 32.80600952026294, 0.044526518934536 ], [ 32.807806882924204, 0.034574535023412 ], [ 32.816793588530253, 0.031860372777932 ], [ 32.816793597300872, 0.026432012512385 ], [ 32.822185615394723, 0.02914620134561 ], [ 32.82398296298485, 0.024622568840034 ], [ 32.805110907649315, 0.0065280204172 ], [ 32.804212239221791, -0.002519240451896 ], [ 32.807806916886229, -0.005233419726334 ], [ 32.797022879711712, -0.013375947191057 ], [ 32.795225524657468, -0.026946828956671 ], [ 32.778150827757152, -0.02332790069741 ], [ 32.776353452132959, -0.041422386389436 ], [ 32.770062765953185, -0.045041264385365 ], [ 32.763772106983339, -0.040517626016957 ] ] ], [ [ [ 32.930026338883984, 0.000194938702926 ], [ 32.921938272824505, -0.002519252905584 ], [ 32.92193827231366, -0.007042905526474 ], [ 32.918343576786413, -0.007042904906447 ], [ 32.91924225121263, -0.001614522275349 ], [ 32.916546229763149, -0.000709791762323 ], [ 32.898572758273708, -0.001614521343107 ], [ 32.903964798452911, 0.004718589024254 ], [ 32.900370102543299, 0.012861158446485 ], [ 32.910255510040869, 0.01648008314501 ], [ 32.919242248929208, 0.013765895624363 ], [ 32.921938268548452, 0.019194279669091 ], [ 32.947101144763089, 0.023717944268424 ], [ 32.943506449577342, 0.016480095432577 ], [ 32.951594520512344, 0.010146980268207 ], [ 32.943506450676779, 0.01195644080116 ], [ 32.939013079997238, 0.007432785566613 ], [ 32.933621034639827, 0.008337515542076 ], [ 32.929127664657805, 0.003813861390236 ], [ 32.930026338883984, 0.000194938702926 ] ] ], [ [ [ 33.669620308520038, -0.010661104546996 ], [ 33.672316209011086, -0.026945134572884 ], [ 33.661532812486094, -0.019707828737198 ], [ 33.656141122525177, -0.019707850207257 ], [ 33.655242531092547, -0.025135884612529 ], [ 33.640864655299033, -0.024231282047863 ], [ 33.637270149420779, -0.016089223847672 ], [ 33.646256317541472, -0.011565828238338 ], [ 33.6480535412338, -0.005233112354806 ], [ 33.655242469086602, -0.002519089410266 ], [ 33.656141084808255, 0.002908940916488 ], [ 33.669620297127615, 0.001099594612805 ], [ 33.67770781020743, 0.005622931048432 ], [ 33.67860641835108, 0.000194925084441 ], [ 33.672316136351441, -0.00342374931904 ], [ 33.669620308520038, -0.010661104546996 ] ] ], [ [ [ 32.763772042878429, -0.058612098442069 ], [ 32.770062693857874, -0.064040468944562 ], [ 32.769163987123491, -0.072182980560176 ], [ 32.779049331009269, -0.073992479156275 ], [ 32.769163943755785, -0.080325496212654 ], [ 32.768265238419964, -0.086658558396252 ], [ 32.779049278468271, -0.08394444953381 ], [ 32.788035908785197, -0.094801200986349 ], [ 32.794326644528013, -0.086658709870867 ], [ 32.793428012174381, -0.079420901502116 ], [ 32.790731998635444, -0.080325613125853 ], [ 32.788934664161147, -0.079420878648898 ], [ 32.80061744167282, -0.063135871913566 ], [ 32.805110794719788, -0.062231162974784 ], [ 32.817692150221752, -0.070373748979094 ], [ 32.815894681695312, -0.097515541306898 ], [ 32.800617213534778, -0.107467437785997 ], [ 32.795225120017754, -0.117419382566655 ], [ 32.781745041804754, -0.120133454063119 ], [ 32.771859611620606, -0.127371165630416 ], [ 32.767366271476185, -0.12646640137673 ], [ 32.766467641735865, -0.121942774447452 ], [ 32.761075627221508, -0.121942726813994 ], [ 32.740406159192212, -0.131894475886842 ], [ 32.749392969445772, -0.118323729410113 ], [ 32.761974372670778, -0.112895500111606 ], [ 32.763771745920096, -0.108371896896178 ], [ 32.741305048255136, -0.108371712123853 ], [ 32.731419622091231, -0.118323560105695 ], [ 32.729622216584019, -0.125561312025971 ], [ 32.725128873824289, -0.126465985700549 ], [ 32.70985169564068, -0.11289502354537 ], [ 32.699067749810432, -0.110180756886282 ], [ 32.688283749909253, -0.113799516687618 ], [ 32.6846891175175, -0.111990042273244 ], [ 32.685587827537567, -0.107466463878961 ], [ 32.673006528216369, -0.110180480412816 ], [ 32.664918654687028, -0.102942663848757 ], [ 32.668513334949367, -0.099323837280442 ], [ 32.680195898785804, -0.102942821774097 ], [ 32.680195959931368, -0.096609801697464 ], [ 32.683790633017516, -0.093895683145203 ], [ 32.681094694608724, -0.088467355064804 ], [ 32.68468936501116, -0.085753233321904 ], [ 32.694574592498604, -0.092991061258009 ], [ 32.695473191180902, -0.100228816903574 ], [ 32.699966508823543, -0.100228858652423 ], [ 32.699966594882554, -0.090276951233492 ], [ 32.704459934676173, -0.08756283058577 ], [ 32.706257188294579, -0.09661003856721 ], [ 32.719737180274365, -0.093895991846744 ], [ 32.721534572297209, -0.085753520995562 ], [ 32.728723943829372, -0.07851580382918 ], [ 32.715244027419082, -0.069468512534725 ], [ 32.714345441079089, -0.054992986451669 ], [ 32.726926721405242, -0.059516650806586 ], [ 32.728724013951862, -0.066754428931714 ], [ 32.73591331800948, -0.070373355054619 ], [ 32.739508033096925, -0.060421434015597 ], [ 32.736812093653974, -0.046850594651094 ], [ 32.743102753790438, -0.046850618154488 ], [ 32.754785345826235, -0.064040397662741 ], [ 32.756582750197417, -0.046850666604388 ], [ 32.745798796055794, -0.032375069638704 ], [ 32.744900147884159, -0.024232566310376 ], [ 32.752988134256768, -0.028756195916472 ], [ 32.761974767127356, -0.042327067731475 ], [ 32.763772042878429, -0.058612098442069 ] ] ], [ [ [ 32.608303235789457, -0.100227884180715 ], [ 32.605607334461574, -0.094799593020584 ], [ 32.598418069557887, -0.097513636752801 ], [ 32.586735642674654, -0.092085248501758 ], [ 32.584938408856708, -0.085752275341337 ], [ 32.60650610457629, -0.083943084904224 ], [ 32.612796660456773, -0.086657279769286 ], [ 32.613695258913424, -0.092085552876619 ], [ 32.63346567109258, -0.094799901164019 ], [ 32.636161605399757, -0.098418781704423 ], [ 32.635262887028517, -0.103847049139822 ], [ 32.631668297353727, -0.100228157099481 ], [ 32.619087059885722, -0.103846857077377 ], [ 32.608303235789457, -0.100227884180715 ] ] ], [ [ [ 33.689391457798784, -0.12826756554945 ], [ 33.675013605006917, -0.126458615165509 ], [ 33.672317904471214, -0.131886697306202 ], [ 33.663331820438557, -0.134600950878706 ], [ 33.66333167674663, -0.129172929193127 ], [ 33.666926164657788, -0.130077504101136 ], [ 33.66602743229307, -0.12555417905947 ], [ 33.670520440693778, -0.122840056574348 ], [ 33.669621737015611, -0.119221402756949 ], [ 33.664230088328821, -0.121030874480726 ], [ 33.665128512535027, -0.112888822669845 ], [ 33.683100789809373, -0.112888403221803 ], [ 33.691188087575533, -0.103841560200448 ], [ 33.706464439268345, -0.103841220221349 ], [ 33.709159909506191, -0.086652589466013 ], [ 33.716348807448618, -0.089366433779625 ], [ 33.718146321210384, -0.103840955223726 ], [ 33.727132694114822, -0.117410618251658 ], [ 33.732524360947764, -0.119219790344803 ], [ 33.731625929690921, -0.125552413899989 ], [ 33.722639964606849, -0.128266642139355 ], [ 33.717248511843174, -0.134599414521254 ], [ 33.720843126026935, -0.140931922464972 ], [ 33.716350409268827, -0.150883323363611 ], [ 33.718148023824391, -0.16264384054065 ], [ 33.70736441749893, -0.15359760504421 ], [ 33.706465662062719, -0.149074324621812 ], [ 33.701074062477801, -0.150883824347568 ], [ 33.701073919862843, -0.146360508726305 ], [ 33.68939197607277, -0.146360873280075 ], [ 33.690290425299381, -0.140932854196998 ], [ 33.686695872148256, -0.13731429756119 ], [ 33.689391457798784, -0.12826756554945 ] ] ], [ [ [ 32.285691621398207, -0.180737187844345 ], [ 32.265022900586516, -0.198829484321956 ], [ 32.254240003287947, -0.190687110495813 ], [ 32.255138722255559, -0.187973186753523 ], [ 32.262327476701969, -0.189782805518536 ], [ 32.265023405256258, -0.187068952052683 ], [ 32.265922341384339, -0.178927081222732 ], [ 32.26142970626632, -0.168975687936691 ], [ 32.273111699798541, -0.165357499540931 ], [ 32.295576364562699, -0.179832914065553 ], [ 32.285691621398207, -0.180737187844345 ] ] ], [ [ [ 32.305460146473102, -0.203354568465099 ], [ 32.298271843529136, -0.188879648239566 ], [ 32.320737398706314, -0.183452543210117 ], [ 32.324331621428819, -0.189785355802738 ], [ 32.329723254910711, -0.191594904880894 ], [ 32.332418602772648, -0.204260382947585 ], [ 32.339607373487738, -0.20878403571985 ], [ 32.340505803648504, -0.213307428242527 ], [ 32.332418103534735, -0.216021085436051 ], [ 32.330621402419538, -0.20335563859104 ], [ 32.322533879086116, -0.20245063134089 ], [ 32.32073686809774, -0.197022552135821 ], [ 32.305460146473102, -0.203354568465099 ] ] ], [ [ [ 32.296468770279496, -0.301057729834264 ], [ 32.298265658248937, -0.306485823235973 ], [ 32.307251805384041, -0.307391076689517 ], [ 32.308149955717461, -0.314628452937691 ], [ 32.311744505298144, -0.313724026887709 ], [ 32.310844975538508, -0.327293945340832 ], [ 32.32522321969342, -0.323676257894858 ], [ 32.332411695995106, -0.331818760073809 ], [ 32.332411513329859, -0.334532767781833 ], [ 32.318033289627188, -0.337245772038516 ], [ 32.311743413734078, -0.330008003531715 ], [ 32.306351671094667, -0.330007626493677 ], [ 32.296465918821838, -0.3426722011203 ], [ 32.288378456434444, -0.340862278140226 ], [ 32.282986330376971, -0.346289833871382 ], [ 32.273998724750726, -0.364382303339265 ], [ 32.277590964590779, -0.391522351549933 ], [ 32.288373611936542, -0.401474547440817 ], [ 32.288372499721213, -0.414139796639822 ], [ 32.282980077172425, -0.421376584003337 ], [ 32.280282411088947, -0.440374172680794 ], [ 32.286572651268933, -0.442184101875979 ], [ 32.287471626147337, -0.438565547149438 ], [ 32.290167434464379, -0.439470465953597 ], [ 32.29286255725232, -0.447612676481962 ], [ 32.288368513199089, -0.456658844455449 ], [ 32.298253049556088, -0.461183135114114 ], [ 32.2982520644942, -0.471134422097575 ], [ 32.289265976694352, -0.468419523077691 ], [ 32.283873336362497, -0.476560906972832 ], [ 32.27668574922869, -0.462085619885677 ], [ 32.273091315764852, -0.461180593051704 ], [ 32.273989021145297, -0.470227261867086 ], [ 32.267698600278756, -0.470226600437166 ], [ 32.265900768549969, -0.475654346358275 ], [ 32.26769716589272, -0.483796445631224 ], [ 32.258710156477136, -0.490128044658132 ], [ 32.252420831292127, -0.480176155720212 ], [ 32.255117689307326, -0.47112991424768 ], [ 32.239841130033803, -0.470223602672906 ], [ 32.240740338342199, -0.464795796362264 ], [ 32.253321480848193, -0.461178532913914 ], [ 32.253321856434617, -0.457559919144056 ], [ 32.239843517462383, -0.447607337025947 ], [ 32.233553165510465, -0.44760667793061 ], [ 32.233552312593332, -0.455748521740739 ], [ 32.226363245714744, -0.456652395781553 ], [ 32.217377632537762, -0.451223541547317 ], [ 32.209289784218093, -0.453936593352984 ], [ 32.211984645958147, -0.462983336039969 ], [ 32.206592636952337, -0.465696661052013 ], [ 32.194012826982359, -0.458458098913306 ], [ 32.192215192638066, -0.462076456075828 ], [ 32.205692893777055, -0.475647634719972 ], [ 32.196706086771655, -0.48107443496351 ], [ 32.196705555340102, -0.485597640996564 ], [ 32.207488242070923, -0.491931427387094 ], [ 32.206589192107351, -0.495549893357095 ], [ 32.195805530973949, -0.497357866229299 ], [ 32.193108677242762, -0.505499298182052 ], [ 32.184123608400704, -0.496451784540532 ], [ 32.170643817086983, -0.500973272671735 ], [ 32.174237362588364, -0.508210818251854 ], [ 32.16524872942928, -0.527206968675939 ], [ 32.171538570239363, -0.530826355969171 ], [ 32.171537965739539, -0.535349532817942 ], [ 32.163449414393739, -0.542585495290773 ], [ 32.159854942670783, -0.542584993867449 ], [ 32.159855811096925, -0.536252565340571 ], [ 32.153565251171131, -0.538060955343688 ], [ 32.152667627630208, -0.53082378193719 ], [ 32.144580109009397, -0.530822661039345 ], [ 32.142782385018123, -0.534440925092818 ], [ 32.140985160784147, -0.534440672321661 ], [ 32.144580973941572, -0.524490257419162 ], [ 32.139189556596861, -0.522680257591841 ], [ 32.13919016977033, -0.518157118460922 ], [ 32.142784850827802, -0.516348351728635 ], [ 32.148175786882959, -0.521776861091646 ], [ 32.150871986087395, -0.51906333617732 ], [ 32.14278545401077, -0.511825208222825 ], [ 32.141887562568286, -0.50639731623964 ], [ 32.1373945244816, -0.506396715905243 ], [ 32.14009129352371, -0.499160051752619 ], [ 32.142787231713271, -0.498255777319114 ], [ 32.143685370178304, -0.501874410780287 ], [ 32.150874473479305, -0.500066092981012 ], [ 32.155366120539455, -0.510922256871387 ], [ 32.158960687490307, -0.510018099040673 ], [ 32.166152218354647, -0.489212453553302 ], [ 32.15357190425388, -0.487401605180268 ], [ 32.152673746572461, -0.483782966955224 ], [ 32.160761666722195, -0.480165446734216 ], [ 32.162559975631069, -0.471119334051621 ], [ 32.169748418629055, -0.474738740639423 ], [ 32.175140405449696, -0.472025481170665 ], [ 32.174242955606012, -0.462074375909251 ], [ 32.1670542939084, -0.46026426196177 ], [ 32.167054607825037, -0.457550358341951 ], [ 32.17604017565732, -0.462074585985085 ], [ 32.182331374913595, -0.453933575285386 ], [ 32.181433371035268, -0.448505645820443 ], [ 32.170650675701545, -0.443076611302782 ], [ 32.173347292193917, -0.435839826316997 ], [ 32.181434855753828, -0.434936077663584 ], [ 32.176942978856026, -0.424079943139834 ], [ 32.191320792294285, -0.423176828600258 ], [ 32.211990110389195, -0.410513943556477 ], [ 32.220078579572352, -0.400563629939137 ], [ 32.217383506695832, -0.392421557503359 ], [ 32.222775344523392, -0.390612769286169 ], [ 32.229065386861102, -0.393327298065034 ], [ 32.236254631485053, -0.389709363372321 ], [ 32.242544453052354, -0.395137843294441 ], [ 32.24434102737402, -0.402375221782954 ], [ 32.249732656483815, -0.403280375588572 ], [ 32.252431668300346, -0.367094488062637 ], [ 32.247040050819123, -0.366189380305505 ], [ 32.243445211330155, -0.370712333589923 ], [ 32.235357842666382, -0.36890233447855 ], [ 32.239852696606157, -0.347191101481044 ], [ 32.234461678035665, -0.339048815845353 ], [ 32.229968632277505, -0.339048457146072 ], [ 32.230867736083376, -0.332715986105993 ], [ 32.226375046941769, -0.328192392253579 ], [ 32.220084662638477, -0.330001193841913 ], [ 32.212896246020094, -0.324572753027013 ], [ 32.205707422624002, -0.324572187216755 ], [ 32.202112730489013, -0.328190473420021 ], [ 32.199417354343296, -0.322762403581223 ], [ 32.195822953538162, -0.322762118097867 ], [ 32.19132966961304, -0.326380320883044 ], [ 32.188632988774515, -0.337235779191772 ], [ 32.185038592377857, -0.337235476898041 ], [ 32.176951813640272, -0.329997695147074 ], [ 32.16347266584684, -0.332710465169992 ], [ 32.156284458272559, -0.326377422703555 ], [ 32.139211722095993, -0.320948196503726 ], [ 32.124834363025784, -0.320946968165431 ], [ 32.117646089114665, -0.316423230944508 ], [ 32.107761555441471, -0.318231621145658 ], [ 32.105964937992574, -0.311899123001387 ], [ 32.117647717664283, -0.296521522609623 ], [ 32.104169907579049, -0.285664995120168 ], [ 32.104171066421728, -0.27028645804443 ], [ 32.088895805260371, -0.263953001899764 ], [ 32.085301059517747, -0.27028504201382 ], [ 32.073619745028054, -0.269379538518865 ], [ 32.065533467291431, -0.258523596407911 ], [ 32.058345033135453, -0.257618453575092 ], [ 32.054751314426746, -0.250381327717954 ], [ 32.072722816469181, -0.246764172114254 ], [ 32.076317385615361, -0.24224135963044 ], [ 32.066434658089406, -0.219625419770126 ], [ 32.078115973356311, -0.219626149732472 ], [ 32.090695279493715, -0.229577707377962 ], [ 32.108666961251288, -0.225055741543885 ], [ 32.116753621053697, -0.233197843847019 ], [ 32.128435275833972, -0.230484699356612 ], [ 32.13472580489038, -0.222343439198658 ], [ 32.142813018304466, -0.222343914144343 ], [ 32.147305174799342, -0.23500900111481 ], [ 32.157189371771317, -0.238628135766291 ], [ 32.17426267776834, -0.235915268310629 ], [ 32.183249290233078, -0.223250860684849 ], [ 32.186843246278507, -0.230488177237353 ], [ 32.197626502041345, -0.227774867206903 ], [ 32.197626300332843, -0.231393434855604 ], [ 32.186842882202733, -0.236820653669399 ], [ 32.185044884890594, -0.250390133477468 ], [ 32.175160102556575, -0.25491269518857 ], [ 32.1715652162571, -0.263054186691922 ], [ 32.163477978406583, -0.262149009440558 ], [ 32.158984428704706, -0.271195036977057 ], [ 32.163476800437358, -0.279337057175262 ], [ 32.15628669468893, -0.298333819923433 ], [ 32.167068660050454, -0.312808804894251 ], [ 32.177851643112987, -0.314618935618421 ], [ 32.18504082767484, -0.309191669607981 ], [ 32.19582406489306, -0.308287856006416 ], [ 32.201215183114776, -0.314620762676978 ], [ 32.201215592331693, -0.3091929071609 ], [ 32.205708861287334, -0.305574672176931 ], [ 32.218289156475528, -0.307384893888351 ], [ 32.220985292874524, -0.302861857581523 ], [ 32.247943361624763, -0.304673079755106 ], [ 32.256031100802332, -0.301055027681343 ], [ 32.255133094730859, -0.292008424341555 ], [ 32.260524757401981, -0.29200878269486 ], [ 32.261423130869161, -0.295627463994179 ], [ 32.256929772847741, -0.300150434847099 ], [ 32.263219376806795, -0.310102077144503 ], [ 32.259624673301133, -0.313720444897515 ], [ 32.265914648493521, -0.318244172756374 ], [ 32.275799416380046, -0.318244876196034 ], [ 32.288380369177602, -0.313722453481552 ], [ 32.293772502741255, -0.307390187849359 ], [ 32.291975502256683, -0.303771421770178 ], [ 32.286583736676207, -0.304675725286052 ], [ 32.287482939452147, -0.295629178229894 ], [ 32.296469509306043, -0.289297117782281 ], [ 32.301861164632662, -0.290202116558331 ], [ 32.296468770279496, -0.301057729834264 ] ] ], [ [ [ 32.370158916931537, -0.246781697899911 ], [ 32.377348115883436, -0.243163328951364 ], [ 32.382739433647203, -0.253115039999733 ], [ 32.379144019893424, -0.271208421384801 ], [ 32.369259541692841, -0.262161147044646 ], [ 32.355779980811434, -0.264874476995983 ], [ 32.345895875244857, -0.249494534591768 ], [ 32.348591969187602, -0.244971307565742 ], [ 32.345896569299818, -0.235019784941637 ], [ 32.339606124833843, -0.2368288283849 ], [ 32.336909775907309, -0.24678007114309 ], [ 32.333315287440307, -0.246779890266869 ], [ 32.327923695155562, -0.244065611492108 ], [ 32.327924005398614, -0.237732931652226 ], [ 32.322532548735033, -0.232304661117388 ], [ 32.313546584831514, -0.227780895255609 ], [ 32.323431589537051, -0.223258027210011 ], [ 32.342302492364432, -0.225972902867898 ], [ 32.346795441923533, -0.229591795102489 ], [ 32.351288761419653, -0.225068636808041 ], [ 32.356679809377816, -0.240448331940965 ], [ 32.370158916931537, -0.246781697899911 ] ] ], [ [ [ 32.614588768088829, -0.31102553748648 ], [ 32.615487069683589, -0.32097738689165 ], [ 32.610993487309173, -0.327310186430656 ], [ 32.615486692269648, -0.330929203104289 ], [ 32.610993169704805, -0.33545257708521 ], [ 32.595715732944626, -0.337261370473037 ], [ 32.594817361359397, -0.330023666563343 ], [ 32.591222768066729, -0.328214102722834 ], [ 32.584931955943894, -0.331832670576807 ], [ 32.582235534746523, -0.341784331617663 ], [ 32.581337062775248, -0.337260758550799 ], [ 32.572350407341801, -0.33726036524152 ], [ 32.566958617715557, -0.332736600025076 ], [ 32.566958852452828, -0.327308369703786 ], [ 32.575047017145451, -0.322785187852315 ], [ 32.576844714099963, -0.31373820080944 ], [ 32.572351507813572, -0.311023899713207 ], [ 32.58493272507679, -0.312833819754171 ], [ 32.596615019386348, -0.32188136358601 ], [ 32.609196461799343, -0.319167727050588 ], [ 32.614588768088829, -0.31102553748648 ] ] ], [ [ [ 32.524720506791219, -0.3535427359089 ], [ 32.522923820627952, -0.340876850655504 ], [ 32.510343449935299, -0.323686956685352 ], [ 32.515735430719666, -0.322782518775596 ], [ 32.522924475115659, -0.32730635835981 ], [ 32.523822744362164, -0.335448697845317 ], [ 32.534606615688467, -0.336353921128779 ], [ 32.535504125141479, -0.359876192907912 ], [ 32.513037060881878, -0.369826692503172 ], [ 32.502253242094625, -0.368016697080731 ], [ 32.509442567604765, -0.367112400413593 ], [ 32.516632377916949, -0.357161110019851 ], [ 32.524720506791219, -0.3535427359089 ] ] ], [ [ [ 32.36475940428997, -0.376149981650575 ], [ 32.355773748397418, -0.366197910938176 ], [ 32.357571781669066, -0.355341955723985 ], [ 32.364760743239671, -0.357151806281702 ], [ 32.372847667756652, -0.368913159161211 ], [ 32.389922386041697, -0.360772239831352 ], [ 32.389922744835282, -0.355344163540319 ], [ 32.383632383724461, -0.353534386536025 ], [ 32.385430075439999, -0.347201756031379 ], [ 32.373748367587396, -0.338154217921713 ], [ 32.378241722783109, -0.335440476403025 ], [ 32.38093830493878, -0.324584513623946 ], [ 32.388126904524214, -0.332727066264035 ], [ 32.395316070080177, -0.331822832139604 ], [ 32.395315569668384, -0.339964955138815 ], [ 32.406099261376895, -0.339965628919654 ], [ 32.401605489592917, -0.349012163319152 ], [ 32.409692932294739, -0.354440773943759 ], [ 32.410591113998038, -0.361678294129953 ], [ 32.429462852687422, -0.358965450558173 ], [ 32.425867923079402, -0.36439333575816 ], [ 32.406996002133219, -0.369820198359916 ], [ 32.391719121893303, -0.368914478014409 ], [ 32.378239315827827, -0.371627572169373 ], [ 32.373745795965895, -0.376150635502453 ], [ 32.36475940428997, -0.376149981650575 ] ] ], [ [ [ 32.441145170868197, -0.360775552159511 ], [ 32.438450304641847, -0.342681639432622 ], [ 32.443842398326488, -0.339063203547417 ], [ 32.449234236178299, -0.339968202818578 ], [ 32.446537874333288, -0.347205556019041 ], [ 32.451030963562822, -0.349919887416987 ], [ 32.463612279475221, -0.346301855596612 ], [ 32.470801892161134, -0.339064724831527 ], [ 32.476193658833687, -0.341779098978933 ], [ 32.490572262950892, -0.339065792412875 ], [ 32.495963814684153, -0.346303642925637 ], [ 32.4896727352833, -0.355350253093864 ], [ 32.486078112158381, -0.355350052481414 ], [ 32.488774375418352, -0.349922034457929 ], [ 32.483382445379583, -0.349921737096225 ], [ 32.477990115777047, -0.357158982388177 ], [ 32.460016838721522, -0.360776699323694 ], [ 32.463610966712395, -0.368919133155566 ], [ 32.481583907573324, -0.371634286706562 ], [ 32.480684931827923, -0.377062394978942 ], [ 32.461813331239803, -0.374347168739417 ], [ 32.455522532993307, -0.377965537215511 ], [ 32.457319614236738, -0.38158441091957 ], [ 32.429461287423372, -0.383391967996022 ], [ 32.428562816898292, -0.380677850667746 ], [ 32.446536347646514, -0.372536834476887 ], [ 32.446536516360581, -0.369822768996338 ], [ 32.430360644652076, -0.372535796721385 ], [ 32.441145170868197, -0.360775552159511 ] ] ], [ [ [ 32.295565730409415, -0.363479364901009 ], [ 32.307248135801274, -0.359861616892929 ], [ 32.309044418893926, -0.372527060876944 ], [ 32.314436605393951, -0.367099490091495 ], [ 32.321625500616946, -0.368909376350621 ], [ 32.322523717019337, -0.374337449169744 ], [ 32.317131228467083, -0.383383690992127 ], [ 32.319826325242758, -0.393335241514162 ], [ 32.332407547531098, -0.388812918591861 ], [ 32.325216633917286, -0.411429037247966 ], [ 32.317128771337444, -0.413237676948717 ], [ 32.31443200759184, -0.423188765711864 ], [ 32.309040523452005, -0.419569625507794 ], [ 32.310838957720868, -0.4059998099197 ], [ 32.305447324535812, -0.404190017466596 ], [ 32.300055155294686, -0.408712866207178 ], [ 32.297360425858912, -0.395142692733638 ], [ 32.286577210313759, -0.391523126172666 ], [ 32.290172465561547, -0.38247682273146 ], [ 32.28837573273313, -0.376144047864476 ], [ 32.295565730409415, -0.363479364901009 ] ] ], [ [ [ 32.490562743349209, -0.488340449009333 ], [ 32.484271700226188, -0.492863435149099 ], [ 32.469892835346975, -0.494671682142465 ], [ 32.46090651229629, -0.490147501433091 ], [ 32.458210072187789, -0.495575422283377 ], [ 32.448324885113117, -0.493765223968947 ], [ 32.444730670216892, -0.48833679513258 ], [ 32.457312921032589, -0.476576861177584 ], [ 32.460008775621617, -0.47838645505044 ], [ 32.477084326897412, -0.46662677966855 ], [ 32.477084857135175, -0.459389236924414 ], [ 32.484274122475028, -0.460294456792523 ], [ 32.490565303460002, -0.453057353630455 ], [ 32.488768159563129, -0.450343142548487 ], [ 32.484274574242825, -0.453961599535007 ], [ 32.479781566871196, -0.449437809215001 ], [ 32.482477815893709, -0.445819227377213 ], [ 32.479782263133401, -0.439486183136081 ], [ 32.484275645334371, -0.438581802875748 ], [ 32.483377289680448, -0.434058271401958 ], [ 32.48876945519477, -0.431344556481444 ], [ 32.486972488565932, -0.425916268630363 ], [ 32.462708567866642, -0.426819295107418 ], [ 32.466303518039837, -0.422296090276518 ], [ 32.455520109853516, -0.41505781933938 ], [ 32.461810775500375, -0.414153562074817 ], [ 32.461810591847815, -0.416867634205243 ], [ 32.470797062106207, -0.418677631412257 ], [ 32.489669299234848, -0.413250722271217 ], [ 32.492364939224942, -0.41867906702445 ], [ 32.500452797222557, -0.420488982509833 ], [ 32.504047908616677, -0.413251639101735 ], [ 32.496858826620176, -0.409632400831473 ], [ 32.514832960040437, -0.395158344272736 ], [ 32.514833427523691, -0.387016059644786 ], [ 32.509441763252646, -0.381587561976703 ], [ 32.510340830023672, -0.374350031818713 ], [ 32.516631507830866, -0.37344568459657 ], [ 32.526516450025952, -0.37977912536039 ], [ 32.535503425787269, -0.37344670890355 ], [ 32.542692458775164, -0.378875300184971 ], [ 32.546287401816805, -0.373447275910542 ], [ 32.544490302773234, -0.368923671313707 ], [ 32.551679623700437, -0.368924038892383 ], [ 32.550781228401505, -0.363495775241934 ], [ 32.558869260919103, -0.362591472597892 ], [ 32.561565039897509, -0.367115126109556 ], [ 32.555274286836145, -0.36892422048903 ], [ 32.553476405929899, -0.379780569738243 ], [ 32.547185834358629, -0.37797083523217 ], [ 32.541793554338817, -0.38339876159621 ], [ 32.544489263388648, -0.388827119449701 ], [ 32.550779885289948, -0.389732161726028 ], [ 32.548083542750945, -0.396064934817355 ], [ 32.543590204458667, -0.396064686952817 ], [ 32.539097411788468, -0.386112720394918 ], [ 32.528313777202364, -0.379779224285641 ], [ 32.528313230703304, -0.389730925330156 ], [ 32.516630024435358, -0.399681942346716 ], [ 32.516629811927395, -0.403300736389107 ], [ 32.524717481834791, -0.408729413323379 ], [ 32.534602974345326, -0.406015893516678 ], [ 32.536399893315142, -0.41325360618233 ], [ 32.527412345128447, -0.427728271432103 ], [ 32.518425606048211, -0.42863240774814 ], [ 32.522019768533951, -0.436774926863631 ], [ 32.50853926983963, -0.444011630276178 ], [ 32.508539029917564, -0.44763041952625 ], [ 32.513930865150527, -0.450344875406364 ], [ 32.514828930836352, -0.45939191709862 ], [ 32.512132733739442, -0.462105825602665 ], [ 32.495058134517606, -0.460295233639638 ], [ 32.491463269011227, -0.463009061226176 ], [ 32.490564145719013, -0.469341859636664 ], [ 32.49595596678234, -0.472056339440484 ], [ 32.49236069211625, -0.480198331148758 ], [ 32.493258690353706, -0.489245349233304 ], [ 32.490562538468026, -0.491054533118046 ], [ 32.490562743349209, -0.488340449009333 ] ] ], [ [ [ 32.490562538468026, -0.491054533118046 ], [ 32.489663798087939, -0.491959158686106 ], [ 32.489663866754945, -0.491054464115266 ], [ 32.490562538468026, -0.491054533118046 ] ] ], [ [ [ 32.405196449376277, -0.402388624872913 ], [ 32.408790583158002, -0.40872166489757 ], [ 32.393512810838132, -0.418671996742109 ], [ 32.390816867816248, -0.418671786343345 ], [ 32.389020128585834, -0.41143421270314 ], [ 32.384526898836853, -0.411433865044175 ], [ 32.380932247977647, -0.4123382628174 ], [ 32.380033109368213, -0.418670935417868 ], [ 32.374641094755397, -0.420479857617861 ], [ 32.377337948875045, -0.408719272134663 ], [ 32.365655589462911, -0.408718351817669 ], [ 32.367452302605791, -0.415955897659781 ], [ 32.364755937049097, -0.421383729087613 ], [ 32.371046152455456, -0.425002946907443 ], [ 32.362059113446172, -0.432239600210902 ], [ 32.346783178308314, -0.420477561132973 ], [ 32.349480276458486, -0.406003032681326 ], [ 32.367453642844836, -0.398767064983778 ], [ 32.373744610085225, -0.392434813462351 ], [ 32.396210569153588, -0.394245837081111 ], [ 32.394412213224761, -0.408720586446653 ], [ 32.40250017505624, -0.406911833496565 ], [ 32.405196449376277, -0.402388624872913 ] ] ], [ [ [ 32.405196514822933, -0.401483943030356 ], [ 32.406095228014358, -0.400579326799816 ], [ 32.406095162813671, -0.401484008792583 ], [ 32.405196514822933, -0.401483943030356 ] ] ], [ [ [ 32.347678685696202, -0.456664509030459 ], [ 32.333299468207741, -0.466614541326348 ], [ 32.334199036939765, -0.456663264877548 ], [ 32.315327419660207, -0.458470811839475 ], [ 32.309037039317857, -0.457565538947986 ], [ 32.309037384146464, -0.453946880695144 ], [ 32.320721008363925, -0.439473326023238 ], [ 32.327909788405421, -0.443092653370692 ], [ 32.347680518577349, -0.435857057914618 ], [ 32.358464156872238, -0.436762664148534 ], [ 32.357564893385202, -0.443999975496837 ], [ 32.349476780142602, -0.447617952016739 ], [ 32.347678685696202, -0.456664509030459 ] ] ], [ [ [ 32.304539283391875, -0.5027982836249 ], [ 32.299146947137771, -0.507321015800203 ], [ 32.29465422662107, -0.502797216065525 ], [ 32.302743325468278, -0.490132805231486 ], [ 32.301845244069114, -0.48470473242184 ], [ 32.305440170835354, -0.481086449289481 ], [ 32.309034548847848, -0.482896145667901 ], [ 32.31442702616993, -0.47656403652498 ], [ 32.318920143674816, -0.477469151637723 ], [ 32.320715985528977, -0.491943997967223 ], [ 32.327905052883381, -0.492849398846745 ], [ 32.329701981210789, -0.496468254627572 ], [ 32.321613707697367, -0.500990758449829 ], [ 32.322511698721939, -0.507323520998893 ], [ 32.318018845838907, -0.50370438125888 ], [ 32.317119632744514, -0.509132282340445 ], [ 32.30993018297, -0.511845505550333 ], [ 32.313522705902201, -0.530843864000562 ], [ 32.305434270956766, -0.536270936780798 ], [ 32.297347067349577, -0.53084203502079 ], [ 32.298247023503897, -0.519081527970521 ], [ 32.28926129961615, -0.512747893782649 ], [ 32.291957619214379, -0.509129550103268 ], [ 32.300943841879054, -0.510939862963077 ], [ 32.304539283391875, -0.5027982836249 ] ] ] ] } }
]
}
