{
"type": "FeatureCollection",
"name": "lakes",
"crs": { "type": "name", "properties": { "name": "urn:ogc:def:crs:OGC:1.3:CRS84" } },
"features": [
{ "type": "Feature", "properties": { "derived_name": "Lakes", "base_ecoregion": "Lake", "area_km2": 36463.3, "elev_mean_m": 1076.0, "annual_precip_mm": 1447.0, "pct_of_uganda": 15.1, "color": "#1DCEF7" }, "geometry": { "type": "MultiPolygon", "coordinates": [ [ [ [ 29.922840651936045, -1.318794085788372 ], [ 29.921941934576548, -1.319696380364497 ], [ 29.92194304587494, -1.318792967846405 ], [ 29.922840651936045, -1.318794085788372 ] ] ], [ [ [ 29.891505808248581, -1.25190415493558 ], [ 29.907651314697389, -1.260957406422294 ], [ 29.91035042128102, -1.255540208927389 ], [ 29.911239480600951, -1.262768507639404 ], [ 29.908544615022553, -1.264572086147076 ], [ 29.91302285515755, -1.272708113605338 ], [ 29.923789600787082, -1.276334734663886 ], [ 29.924681813019621, -1.280852891715869 ], [ 29.930970363365734, -1.276343376325757 ], [ 29.931862594194715, -1.280861561447495 ], [ 29.937244987757953, -1.283578327941308 ], [ 29.939931346485896, -1.289002143474409 ], [ 29.938118748656134, -1.303454793311253 ], [ 29.940811593765027, -1.303458089768418 ], [ 29.945272205959522, -1.3260493874743 ], [ 29.952432104408736, -1.343223630883732 ], [ 29.963190391122936, -1.354078504957573 ], [ 29.96228597045317, -1.359498050881699 ], [ 29.956002407519946, -1.35949008006867 ], [ 29.949726807172915, -1.353158041888755 ], [ 29.935397231239602, -1.326940518473899 ], [ 29.935414940601159, -1.3124857347593 ], [ 29.930929079180117, -1.310673350792184 ], [ 29.930933476525425, -1.307059669772215 ], [ 29.923750425697559, -1.308857648360163 ], [ 29.920147836037987, -1.318790730988074 ], [ 29.920153384326394, -1.31427367594911 ], [ 29.916562980242777, -1.314269213676558 ], [ 29.920157809239054, -1.31066003178303 ], [ 29.915669812464625, -1.310654468476988 ], [ 29.917473829806433, -1.303429424484464 ], [ 29.909396595041031, -1.302516049421713 ], [ 29.908467850652777, -1.327810169403441 ], [ 29.912946848838118, -1.335043056617181 ], [ 29.914721644128345, -1.351306637569808 ], [ 29.9102347392299, -1.350397489386806 ], [ 29.910223282269953, -1.359431511760617 ], [ 29.917403043519965, -1.360344164876769 ], [ 29.917394991485516, -1.366668023043347 ], [ 29.908423455931473, -1.36304279979666 ], [ 29.904816781657445, -1.375685719295373 ], [ 29.911093092534216, -1.38111433750819 ], [ 29.921863415455086, -1.3820318256629 ], [ 29.917354170602593, -1.398287308112733 ], [ 29.91286838574063, -1.396474559191028 ], [ 29.912880145984136, -1.387440516966222 ], [ 29.901224005209464, -1.377487814028844 ], [ 29.902132094696849, -1.369358433249665 ], [ 29.907525846006305, -1.363041638944839 ], [ 29.908446367812399, -1.344974785669018 ], [ 29.904858236197917, -1.343163406425214 ], [ 29.910248386654338, -1.339556661521614 ], [ 29.907572499502699, -1.32600223823576 ], [ 29.903086774921054, -1.324189794198807 ], [ 29.905786267236465, -1.318772789351505 ], [ 29.899505378903505, -1.316958127130825 ], [ 29.905797396215149, -1.309738802033064 ], [ 29.903109067499894, -1.306121865945244 ], [ 29.896823770362886, -1.307920841292717 ], [ 29.893236787463, -1.305206203026613 ], [ 29.898625579496947, -1.302502720679133 ], [ 29.895937262518689, -1.298885819843326 ], [ 29.903120098842805, -1.297087900697361 ], [ 29.903124489923723, -1.293474314390572 ], [ 29.907610212096262, -1.295286627983756 ], [ 29.906720284094042, -1.288961726747529 ], [ 29.915700489899812, -1.285359063390929 ], [ 29.911215812763711, -1.282643388784705 ], [ 29.91391289457809, -1.279033037392296 ], [ 29.90852414960057, -1.281736712315757 ], [ 29.907638454292737, -1.271798214367233 ], [ 29.904945726783833, -1.271794963134584 ], [ 29.90225084831761, -1.273598501061141 ], [ 29.906732240379586, -1.279024329493992 ], [ 29.899550549552821, -1.279918995056842 ], [ 29.895951541530188, -1.287141744367895 ], [ 29.888772082929684, -1.286229546095412 ], [ 29.892373252976082, -1.277200078320826 ], [ 29.883400897789059, -1.274478991030999 ], [ 29.884310362352082, -1.264542898896861 ], [ 29.878037191653856, -1.256404918092848 ], [ 29.874468350904035, -1.238333150402842 ], [ 29.861008568309312, -1.235607043226437 ], [ 29.858328689708504, -1.224763537614065 ], [ 29.855631915381526, -1.228373780577965 ], [ 29.852945699590226, -1.22295046590297 ], [ 29.844871274599168, -1.220230873221346 ], [ 29.827818811071239, -1.220210670749647 ], [ 29.828721587043955, -1.215695074509699 ], [ 29.84756904829748, -1.215717308310678 ], [ 29.869997546949524, -1.223873921544752 ], [ 29.867298655775105, -1.229290951454744 ], [ 29.87627502446205, -1.228398169638283 ], [ 29.891505808248581, -1.25190415493558 ] ] ], [ [ [ 29.90403081385001, -1.286248238438427 ], [ 29.901335897503547, -1.28805173664325 ], [ 29.90044486233473, -1.282630271069532 ], [ 29.904931658149845, -1.283539140529276 ], [ 29.904038423630531, -1.279924456310905 ], [ 29.907629819477894, -1.27902541908374 ], [ 29.90403081385001, -1.286248238438427 ] ] ], [ [ [ 29.911238412814903, -1.263671911403892 ], [ 29.912137057925367, -1.262769581817131 ], [ 29.912135990448409, -1.263672986350341 ], [ 29.911238412814903, -1.263671911403892 ] ] ], [ [ [ 29.674412985255877, -1.175767485330692 ], [ 29.691425905863017, -1.206497010889223 ], [ 29.67973592429561, -1.226353057292485 ], [ 29.677900539314429, -1.258865888171459 ], [ 29.669823099264502, -1.259758698022581 ], [ 29.655482606751228, -1.246192535704828 ], [ 29.654612403966905, -1.224515187579726 ], [ 29.651034244556499, -1.215478954219621 ], [ 29.659103568348591, -1.220908108055176 ], [ 29.660909363350935, -1.211878544572725 ], [ 29.66809360953944, -1.207371512833482 ], [ 29.663614599190989, -1.201043684270577 ], [ 29.663630954093488, -1.187495929718063 ], [ 29.658246972552675, -1.187489377216672 ], [ 29.656442507016358, -1.195615783794749 ], [ 29.650163416302881, -1.193801727053297 ], [ 29.651092116792213, -1.167610837540361 ], [ 29.655579769419305, -1.166713042411882 ], [ 29.665437490448959, -1.17756307229414 ], [ 29.667235372526996, -1.174855673424824 ], [ 29.66812948777082, -1.177566315477689 ], [ 29.674412985255877, -1.175767485330692 ] ] ], [ [ [ 30.938831670190279, -0.75747584993871 ], [ 30.94780779505983, -0.769234034853882 ], [ 30.9298435265489, -0.771033568256059 ], [ 30.921763554062604, -0.763796557369609 ], [ 30.916374609757774, -0.763793929806984 ], [ 30.919964180688897, -0.770124589469632 ], [ 30.927149470882458, -0.770128114309649 ], [ 30.928944048218966, -0.773745532611124 ], [ 30.918164336158551, -0.77735673461526 ], [ 30.902897476437534, -0.773732647939958 ], [ 30.897506799685345, -0.777346428218648 ], [ 30.913669976301566, -0.784587509959365 ], [ 30.92265203453718, -0.783687879336886 ], [ 30.922649351692698, -0.789112665725113 ], [ 30.914564987655424, -0.790916845616163 ], [ 30.912766856108732, -0.79453243762475 ], [ 30.918152188604061, -0.801768203016141 ], [ 30.913661370364188, -0.801765901039624 ], [ 30.904684799265155, -0.791815955408583 ], [ 30.902885753889766, -0.797239758278533 ], [ 30.898399090844602, -0.789100399744571 ], [ 30.892112957403395, -0.787288969818715 ], [ 30.8885194634254, -0.78909536175343 ], [ 30.887616730109603, -0.798136009347698 ], [ 30.883128769373108, -0.792709036036765 ], [ 30.872345048863249, -0.80445679549712 ], [ 30.872340811206609, -0.812593710138601 ], [ 30.88581156841909, -0.815313161561401 ], [ 30.892993948294805, -0.820741636847499 ], [ 30.879522164175015, -0.819830361195305 ], [ 30.871436471741319, -0.824346547311768 ], [ 30.869644491856942, -0.816208680180604 ], [ 30.864256614798457, -0.814397608402543 ], [ 30.856170531929678, -0.819817839215257 ], [ 30.845392492533172, -0.820716099238816 ], [ 30.84539538694742, -0.815291585767878 ], [ 30.862468833855996, -0.798122925257472 ], [ 30.865168329551377, -0.788179262547153 ], [ 30.886732198276729, -0.771012238964778 ], [ 30.902002864394881, -0.766499247362572 ], [ 30.914584780615328, -0.750231154475835 ], [ 30.921771291223873, -0.747522205011893 ], [ 30.923573500898588, -0.734865215728947 ], [ 30.932555067289663, -0.734869410944121 ], [ 30.931648485415714, -0.752951720647603 ], [ 30.938831670190279, -0.75747584993871 ] ] ], [ [ [ 31.366428300662644, -0.71605886187094 ], [ 31.364631868323645, -0.715153857907708 ], [ 31.366428620651266, -0.71515450209372 ], [ 31.366428300662644, -0.71605886187094 ] ] ], [ [ [ 31.309841127584185, -0.688908191988553 ], [ 31.312532317803218, -0.69976117414908 ], [ 31.308037972240516, -0.706994208234744 ], [ 31.312526762634427, -0.715134868817913 ], [ 31.314325439603536, -0.709709518711475 ], [ 31.325104711797682, -0.712426484394106 ], [ 31.341276498982879, -0.708814980985091 ], [ 31.343071938456873, -0.712433025129692 ], [ 31.358343569108428, -0.714247241578342 ], [ 31.360141913382577, -0.709726102738719 ], [ 31.363735407354635, -0.709727384142419 ], [ 31.36643710744627, -0.690736786717722 ], [ 31.370931118263627, -0.684407805739671 ], [ 31.379916378376247, -0.679889039588599 ], [ 31.395189125409853, -0.678989802239255 ], [ 31.404171482782392, -0.683514680512311 ], [ 31.396083295798558, -0.691651327387804 ], [ 31.3745215471316, -0.69345266869706 ], [ 31.369129121231929, -0.699781329522032 ], [ 31.364631868323645, -0.715153857907708 ], [ 31.343969009040173, -0.716050748455951 ], [ 31.353847819071209, -0.725097872342166 ], [ 31.350249039657339, -0.739566192776001 ], [ 31.345756167888329, -0.742277560231962 ], [ 31.334977076443895, -0.738656105651302 ], [ 31.332284327818897, -0.7323246797138 ], [ 31.324197717810808, -0.73593900485608 ], [ 31.323301375737273, -0.730512625508359 ], [ 31.317013874237894, -0.727797247556081 ], [ 31.314322806482924, -0.716944205088412 ], [ 31.292761782226172, -0.718744812995338 ], [ 31.287375410389416, -0.708795227079821 ], [ 31.278391373857524, -0.710600511083152 ], [ 31.273903702393728, -0.699747022991031 ], [ 31.264020756340496, -0.70336059942153 ], [ 31.262220736506674, -0.712403036951594 ], [ 31.259529127978691, -0.703358914998835 ], [ 31.256834156130981, -0.703357902258542 ], [ 31.257734484477318, -0.697932386377864 ], [ 31.273905021428124, -0.696129756074613 ], [ 31.274806941948658, -0.686182598034478 ], [ 31.288281919591334, -0.686187471864752 ], [ 31.288283202226282, -0.682570177316321 ], [ 31.281995192892289, -0.681663598923919 ], [ 31.288285430520734, -0.676239911719519 ], [ 31.297267202380208, -0.68076473250679 ], [ 31.300862450912408, -0.675340031115604 ], [ 31.314337270320838, -0.676249091174583 ], [ 31.309841127584185, -0.688908191988553 ] ] ], [ [ [ 31.313430343696851, -0.700665834869859 ], [ 31.312532317803218, -0.69976117414908 ], [ 31.313430666956922, -0.699761499439485 ], [ 31.313430343696851, -0.700665834869859 ] ] ], [ [ [ 30.946966598616353, -0.639036674617962 ], [ 30.943367078164972, -0.656213953795721 ], [ 30.950551929891734, -0.657121071010867 ], [ 30.950550821777401, -0.659833513646035 ], [ 30.941569666796596, -0.658925637052751 ], [ 30.941565552307399, -0.668871203526445 ], [ 30.936174755537095, -0.673389620876204 ], [ 30.936172080319974, -0.679718595806304 ], [ 30.941558300250289, -0.68604990823633 ], [ 30.932579096888674, -0.680621185577746 ], [ 30.925390032592436, -0.68965940907728 ], [ 30.922698328063387, -0.683329305157622 ], [ 30.912819947950144, -0.680612615296377 ], [ 30.912821499078252, -0.676996112006721 ], [ 30.918210329183445, -0.67699844496286 ], [ 30.917319052557197, -0.660723744293018 ], [ 30.92630081733904, -0.659823393980042 ], [ 30.927202307308765, -0.651686563063238 ], [ 30.941577710823456, -0.639034502839757 ], [ 30.946966598616353, -0.639036674617962 ] ] ], [ [ [ 31.245181627479756, -0.631009258046048 ], [ 31.26225068953147, -0.62739778158457 ], [ 31.263145088013196, -0.63915413532704 ], [ 31.246972095012744, -0.649095946923874 ], [ 31.244276233454695, -0.651807913367817 ], [ 31.246070648712767, -0.658138667902616 ], [ 31.241579105404931, -0.658137075501954 ], [ 31.23978438586277, -0.652710635073342 ], [ 31.230801981610512, -0.65089886919253 ], [ 31.230803552178589, -0.646377389111396 ], [ 31.233501558460187, -0.637335360084065 ], [ 31.242488228091908, -0.626486832981422 ], [ 31.245181627479756, -0.631009258046048 ] ] ], [ [ [ 31.159884206578326, -0.506191581996537 ], [ 31.154488754798756, -0.526987977957395 ], [ 31.141910964045586, -0.535122478485421 ], [ 31.143703310821007, -0.548686814703624 ], [ 31.137409949207036, -0.566769832326713 ], [ 31.132918753013506, -0.566768376168734 ], [ 31.130217547474999, -0.586660901616167 ], [ 31.105056077989328, -0.618300511188141 ], [ 31.103249438471845, -0.646331032972663 ], [ 31.091567295230007, -0.65989000281358 ], [ 31.091564870728909, -0.66621957738901 ], [ 31.087073710457016, -0.666217823669651 ], [ 31.084380065798545, -0.663504106099401 ], [ 31.08707614065527, -0.659888265757262 ], [ 31.084383863971187, -0.653557673500125 ], [ 31.086186405001264, -0.63728236442174 ], [ 31.079003945012953, -0.628237487153063 ], [ 31.081699922595202, -0.624621604724487 ], [ 31.087987152251948, -0.625528135213486 ], [ 31.087988132218861, -0.622815465669131 ], [ 31.079905768330995, -0.618291411841949 ], [ 31.086194602741664, -0.614676808885335 ], [ 31.077215304299049, -0.606535602426801 ], [ 31.092490657421237, -0.590264981903296 ], [ 31.102370500111519, -0.592076847530583 ], [ 31.102376854615933, -0.573087998174599 ], [ 31.110460882601497, -0.573090689325294 ], [ 31.114949645161357, -0.580326079766958 ], [ 31.119441104011727, -0.579423345243883 ], [ 31.109564719694355, -0.566760747696397 ], [ 31.107772045088769, -0.555005117217119 ], [ 31.126634551790108, -0.55591540753358 ], [ 31.118554434193264, -0.543253466246763 ], [ 31.13292612754487, -0.543257955206023 ], [ 31.13472480166212, -0.536024530395509 ], [ 31.141911235969729, -0.534218226819573 ], [ 31.140117190193596, -0.526079422748424 ], [ 31.14910116143276, -0.520656579926133 ], [ 31.147305997637574, -0.516134776142961 ], [ 31.150902055108862, -0.505284752785677 ], [ 31.159884206578326, -0.506191581996537 ] ] ], [ [ [ 29.880555626165428, -0.218423728346648 ], [ 29.889521880511875, -0.250947619079815 ], [ 29.889519484609959, -0.26088490154759 ], [ 29.87335748928357, -0.297919255109583 ], [ 29.858996219960506, -0.311465582029085 ], [ 29.862585273404761, -0.312370025255627 ], [ 29.862583922922191, -0.316886854692164 ], [ 29.858994327130574, -0.317789121367171 ], [ 29.860787612731258, -0.322306492699495 ], [ 29.866170781486588, -0.325018270487512 ], [ 29.864373855136186, -0.33224464854348 ], [ 29.832063460637002, -0.353011065067399 ], [ 29.815003144490319, -0.385524863219675 ], [ 29.798847113601937, -0.398165095781426 ], [ 29.78359374056387, -0.397255816951487 ], [ 29.755771878732073, -0.41440701204451 ], [ 29.751283049985556, -0.420728029028931 ], [ 29.751280032436632, -0.427954165885929 ], [ 29.738714031689259, -0.438787863074618 ], [ 29.729740533995333, -0.441493658774022 ], [ 29.727947654355056, -0.437879879283116 ], [ 29.707306881564488, -0.448709499952567 ], [ 29.680390177054324, -0.450503646435655 ], [ 29.652571154621047, -0.464941651570443 ], [ 29.698412839603826, -0.212965202885083 ], [ 29.728039768671987, -0.076581340935551 ], [ 29.743292228771907, -0.077485771930796 ], [ 29.75495641843855, -0.072970319463595 ], [ 29.754956084471967, -0.077486673946696 ], [ 29.759442218934279, -0.077487020017825 ], [ 29.76213229119211, -0.096456051623835 ], [ 29.765721138809603, -0.097359676100565 ], [ 29.784559650408049, -0.129880198558773 ], [ 29.803403438394653, -0.119042837582238 ], [ 29.807889688794194, -0.119946679434854 ], [ 29.818654895285203, -0.137111167830268 ], [ 29.818653534860751, -0.147047771596002 ], [ 29.81506401963307, -0.1497572291817 ], [ 29.817753961604996, -0.162404198509069 ], [ 29.824034679739871, -0.164211858725497 ], [ 29.830314407235583, -0.172342904108522 ], [ 29.840184546710994, -0.173247903293191 ], [ 29.85274803843296, -0.166023150178693 ], [ 29.864415234374938, -0.152474502626007 ], [ 29.859929774548217, -0.144343569575901 ], [ 29.866211637239548, -0.139827596382317 ], [ 29.878773648910762, -0.144346183645473 ], [ 29.881465033299126, -0.148863468200037 ], [ 29.892233767599862, -0.144348041242682 ], [ 29.905694059135673, -0.144349890843189 ], [ 29.908385391697074, -0.149770693763456 ], [ 29.906588544987191, -0.164224904369121 ], [ 29.89940854947174, -0.171450967025605 ], [ 29.896714687754514, -0.18229127482997 ], [ 29.892227308498683, -0.185904062060783 ], [ 29.888638700869098, -0.18138648189167 ], [ 29.885946043235727, -0.184999560582789 ], [ 29.888633365633467, -0.210294917948346 ], [ 29.883248936621985, -0.212100603508847 ], [ 29.880555626165428, -0.218423728346648 ] ] ], [ [ [ 30.236876414953308, 0.067066468734669 ], [ 30.256624893991205, 0.055319650657282 ], [ 30.279066062363594, 0.055320691636021 ], [ 30.293429107152896, 0.043573054510304 ], [ 30.304201078653019, 0.045380890360234 ], [ 30.305996701680964, 0.037247435330379 ], [ 30.300610964782287, 0.025498900371827 ], [ 30.302406531570902, 0.01013566373663 ], [ 30.295225214906171, -0.00251642974701 ], [ 30.289839189588886, -0.009746119353327 ], [ 30.279067228345493, -0.015168258829316 ], [ 30.275476253655647, -0.033242248964697 ], [ 30.26111338325661, -0.048604593949986 ], [ 30.245853130428316, -0.058544440719493 ], [ 30.243160060864255, -0.06215901623052 ], [ 30.244057022389619, -0.073906876034537 ], [ 30.229694258197011, -0.085653645341918 ], [ 30.206356605195179, -0.08294099195636 ], [ 30.180325949071964, -0.090168161066741 ], [ 30.168657531085511, -0.089263629188408 ], [ 30.17404381036949, -0.077516938561969 ], [ 30.182122076002624, -0.076613850904779 ], [ 30.185712104216861, -0.081132252751488 ], [ 30.186610109218286, -0.074806880998598 ], [ 30.184815110298963, -0.072095868637671 ], [ 30.163273248924227, -0.072998136823058 ], [ 30.156990730116625, -0.065768854726288 ], [ 30.156991612840528, -0.047696648804243 ], [ 30.148914235855813, -0.027817025810137 ], [ 30.15250457872698, -0.022395472571903 ], [ 30.142631615152951, -0.014262888411632 ], [ 30.133656151045706, -0.014262775963813 ], [ 30.139939003827958, 0.011037856223087 ], [ 30.1372463545645, 0.011941424802662 ], [ 30.134553764090221, 0.0065198412764 ], [ 30.128270964891325, 0.008326980300472 ], [ 30.133656094519736, 0.018266529915871 ], [ 30.131860947142364, 0.021880862665428 ], [ 30.12916827110292, 0.024591575550044 ], [ 30.124680620362231, 0.022784308866139 ], [ 30.121988124286741, 0.016459176955527 ], [ 30.117500451609036, 0.017362690607196 ], [ 30.108525281054312, 0.009230406641283 ], [ 30.094165019179176, 0.00742316826989 ], [ 30.088779942425276, 0.010133800212622 ], [ 30.088779840619118, 0.018265803096785 ], [ 30.097755041412967, 0.011037444470919 ], [ 30.105832670006553, 0.013748232594557 ], [ 30.121090292421286, 0.030916472985166 ], [ 30.121090104493341, 0.037241545695456 ], [ 30.107627128010325, 0.039048243704545 ], [ 30.104934883687829, 0.028205323754152 ], [ 30.095062084222146, 0.032722880594446 ], [ 30.089677166712431, 0.027301383738963 ], [ 30.088779810077867, 0.020072914847821 ], [ 30.079804397254513, 0.035433080102375 ], [ 30.051982638847939, 0.019168724687466 ], [ 30.044802842326934, 0.019168599998921 ], [ 30.038520432053399, 0.025493095272499 ], [ 30.038520343561967, 0.029107155054572 ], [ 30.056469207060516, 0.04717822135955 ], [ 30.063648177994949, 0.065249236825475 ], [ 30.090573378422722, 0.060733026433467 ], [ 30.092368886041111, 0.050793977356539 ], [ 30.111216916612612, 0.047180533336999 ], [ 30.114806869050046, 0.050794990591195 ], [ 30.127372294224148, 0.051699141407702 ], [ 30.151605646653209, 0.060736301868594 ], [ 30.162376091377769, 0.066158559918076 ], [ 30.164170959323222, 0.070676743052641 ], [ 30.178531961902969, 0.073388505896528 ], [ 30.195585160684413, 0.086944194138495 ], [ 30.200073130563311, 0.086944529729754 ], [ 30.248544981395593, 0.077007625521337 ], [ 30.248545370596634, 0.070681856296994 ], [ 30.236876414953308, 0.067066468734669 ] ], [ [ 30.086086700149725, 0.041758155298534 ], [ 30.086984238641648, 0.040854634392139 ], [ 30.086984205716, 0.041758188813764 ], [ 30.086086700149725, 0.041758155298534 ] ], [ [ 30.086984137704004, 0.043565297656305 ], [ 30.087881678366951, 0.042661777465069 ], [ 30.087881644011393, 0.043565332611192 ], [ 30.086984137704004, 0.043565297656305 ] ], [ [ 30.174044479387721, -0.066673454204589 ], [ 30.184815953884325, -0.056734122504998 ], [ 30.177635749401045, -0.046793878375786 ], [ 30.183919562621522, -0.020588821199411 ], [ 30.180329333343913, -0.014263356853973 ], [ 30.173148696804347, -0.016070514121456 ], [ 30.167763319825863, -0.011552345048924 ], [ 30.161480136006098, -0.025106489496624 ], [ 30.165966722908284, -0.059444047503521 ], [ 30.163273679796387, -0.065769214904727 ], [ 30.169556764327716, -0.063962333930243 ], [ 30.174044479387721, -0.066673454204589 ] ] ], [ [ [ 30.088779840619118, 0.018265803096785 ], [ 30.087882318888266, 0.019169343596453 ], [ 30.088779825708386, 0.019169358972357 ], [ 30.088779840619118, 0.018265803096785 ] ] ], [ [ [ 30.506695340420286, 1.02608528504015 ], [ 30.495911366145933, 1.036923113296158 ], [ 30.489610584717386, 1.055899038348646 ], [ 30.501284090364276, 1.055908509672548 ], [ 30.504873069995288, 1.059526874057429 ], [ 30.500383230176634, 1.059523229222462 ], [ 30.501270258291008, 1.073081891783993 ], [ 30.513838253532981, 1.077611561740728 ], [ 30.515626119185864, 1.087555629685022 ], [ 30.509337268387249, 1.091165883191049 ], [ 30.518314147802439, 1.094788852168386 ], [ 30.516509196737431, 1.105633825000195 ], [ 30.507517933815912, 1.119184240533759 ], [ 30.497637789986076, 1.121887348377597 ], [ 30.496732864288123, 1.13002130308418 ], [ 30.493143252977525, 1.127306615123398 ], [ 30.487752269244435, 1.130917348590288 ], [ 30.485946929639574, 1.141761996120315 ], [ 30.488637731363642, 1.145379779015974 ], [ 30.485045011489053, 1.146280457429269 ], [ 30.487730251963324, 1.156225213766743 ], [ 30.483238731614819, 1.158028907248462 ], [ 30.483225080659786, 1.17339434095705 ], [ 30.465265423422618, 1.173378011695626 ], [ 30.467050749773971, 1.185129538971732 ], [ 30.457172164868652, 1.18602425512276 ], [ 30.458066006526746, 1.190544242013755 ], [ 30.473318454097789, 1.205019842973533 ], [ 30.485888749835059, 1.206839257997596 ], [ 30.496667293768631, 1.204137692570302 ], [ 30.496663160774744, 1.208656983208222 ], [ 30.484977376597232, 1.221300021128011 ], [ 30.516372550928136, 1.259292057823242 ], [ 30.522654571180428, 1.263817460091322 ], [ 30.553186800502655, 1.265654398975908 ], [ 31.30612360868551, 2.112708811465018 ], [ 31.305176173701117, 2.15701952153993 ], [ 31.277285571569706, 2.178691405509234 ], [ 31.288947862864674, 2.199503977862904 ], [ 31.302424680993521, 2.205849695840009 ], [ 31.304198888902384, 2.226651092334677 ], [ 31.321259542133639, 2.243852963151889 ], [ 31.323043018049141, 2.256515619409357 ], [ 31.334715341906993, 2.269189779580727 ], [ 31.335595650628086, 2.285468810019688 ], [ 31.359844137266357, 2.307201144966898 ], [ 31.371504646177168, 2.330727713341453 ], [ 31.378694973541883, 2.332544763156656 ], [ 31.389487744569671, 2.328939797000622 ], [ 31.409254847788983, 2.33981477298646 ], [ 31.438019297468426, 2.345273554472857 ], [ 31.456884294891331, 2.359764791145909 ], [ 31.470343069061492, 2.38510272719316 ], [ 31.468482062756483, 2.441172890800593 ], [ 31.482853447412154, 2.45475522502143 ], [ 31.51700042709798, 2.474690780942168 ], [ 31.524184055309352, 2.483742971736675 ], [ 31.518780706523636, 2.490972181429697 ], [ 31.511586986700767, 2.490964030398789 ], [ 31.504400424127073, 2.484625012090901 ], [ 31.490909289768055, 2.48732278307445 ], [ 31.477401518615615, 2.504490662306045 ], [ 31.460282632756154, 2.53341091086218 ], [ 31.458469178737928, 2.546070135264765 ], [ 31.459338175249872, 2.571393968568122 ], [ 31.465641547526335, 2.564166499537412 ], [ 31.466559046226255, 2.548793002024288 ], [ 31.471060555174095, 2.544276431517452 ], [ 31.471065877809604, 2.539754485331052 ], [ 31.467467894372636, 2.540654589321798 ], [ 31.468378824850209, 2.530707391558787 ], [ 31.476493937689096, 2.511724747618858 ], [ 31.483698066910961, 2.502689210172981 ], [ 31.493594557065013, 2.498178675288494 ], [ 31.515171660757868, 2.501821010601787 ], [ 31.515175727628851, 2.498203377556178 ], [ 31.531373777886522, 2.487368690607722 ], [ 31.532281981739292, 2.479229957152224 ], [ 31.512527499276398, 2.453884342275736 ], [ 31.500837066780651, 2.454775622208472 ], [ 31.483767873596253, 2.441190312209268 ], [ 31.481078482044378, 2.433952091282455 ], [ 31.481133601195822, 2.384210349782204 ], [ 31.487427520627691, 2.384217318516899 ], [ 31.487432454352586, 2.379695326924115 ], [ 31.468584528657367, 2.348925093934294 ], [ 31.459603417844104, 2.339871285021252 ], [ 31.415568579838627, 2.321734574066852 ], [ 31.39670462601293, 2.307243406359579 ], [ 31.392214482883105, 2.302716513386148 ], [ 31.394916659898616, 2.298197773734274 ], [ 31.385936437828491, 2.289144028872036 ], [ 31.385945528402516, 2.281004828888433 ], [ 31.382344380554152, 2.285522537240388 ], [ 31.373376456054615, 2.2656166233649 ], [ 31.36438740849081, 2.264702096804554 ], [ 31.357208603263853, 2.252937457632097 ], [ 31.358112656590006, 2.248416759872035 ], [ 31.371594554418575, 2.251145000829063 ], [ 31.357215688235275, 2.246607056505996 ], [ 31.369817573885335, 2.232151654412346 ], [ 31.363529677325843, 2.227622893088286 ], [ 31.369826525994746, 2.224012513315015 ], [ 31.365336597801232, 2.219485777226398 ], [ 31.369834455903572, 2.216777720442358 ], [ 31.367144455997803, 2.210444295548952 ], [ 31.374341158929273, 2.205930476207102 ], [ 31.366251410830913, 2.205017215093025 ], [ 31.360865514333135, 2.197776488496517 ], [ 31.374348023396529, 2.199600016665975 ], [ 31.377047861898461, 2.196889911578203 ], [ 31.379752553480973, 2.18965802456946 ], [ 31.369865916523231, 2.187838541601791 ], [ 31.369868844709863, 2.185125492986094 ], [ 31.374361693004616, 2.186939095905072 ], [ 31.374366555837902, 2.182417337949975 ], [ 31.384249320650905, 2.187854192724422 ], [ 31.376167382936917, 2.179706234303205 ], [ 31.385170433818114, 2.167054966127124 ], [ 31.391497227914716, 2.134504753131456 ], [ 31.388825698336682, 2.110084225005911 ], [ 31.386130796802995, 2.108272697294916 ], [ 31.385229078159455, 2.110984831763535 ], [ 31.384334821748713, 2.106462107539539 ], [ 31.395138470989487, 2.090194806748721 ], [ 31.410461501089578, 2.048609466956743 ], [ 31.406889901118902, 2.024187942841869 ], [ 31.412298105302085, 2.008818966778457 ], [ 31.404218741115745, 1.997958634136921 ], [ 31.40514274562085, 1.971732850840849 ], [ 31.417752177095814, 1.944613727591747 ], [ 31.413266391419999, 1.935565766002973 ], [ 31.415980448590751, 1.916576468205468 ], [ 31.40161261371064, 1.902093154705679 ], [ 31.377407014055866, 1.834243630582833 ], [ 31.367532827375921, 1.820669296401736 ], [ 31.349559388388684, 1.818844140226377 ], [ 31.354055596820057, 1.816135230567141 ], [ 31.328888265270788, 1.818824999006457 ], [ 31.322592915337918, 1.82334078566614 ], [ 31.321748569800189, 1.763654046327491 ], [ 31.303804480058435, 1.730177667938315 ], [ 31.298430007105754, 1.710277734735519 ], [ 31.28944569453655, 1.707556743463659 ], [ 31.287653952870311, 1.701224916916075 ], [ 31.273286597906239, 1.688551683805723 ], [ 31.249932284097984, 1.676774773894007 ], [ 31.239157561391096, 1.666817813234449 ], [ 31.234674876682927, 1.655057976056542 ], [ 31.223895513933478, 1.650526855761457 ], [ 31.185288918587716, 1.613416794076654 ], [ 31.167325584173319, 1.604357997765817 ], [ 31.160144358518508, 1.596213211861658 ], [ 31.153853679911947, 1.597111789856511 ], [ 31.130502073806081, 1.585335421080668 ], [ 31.111635401659466, 1.582605497608836 ], [ 31.075688975630772, 1.58890172505058 ], [ 31.070307976463447, 1.578046168823385 ], [ 31.058626675802326, 1.578939431011393 ], [ 31.051442942063755, 1.574411673273865 ], [ 31.049642599510257, 1.578026769480994 ], [ 31.045157741063676, 1.569884774970015 ], [ 31.023606970111008, 1.556301629489414 ], [ 31.020924168028483, 1.542736364083539 ], [ 31.009253466696283, 1.532779470417592 ], [ 30.968824660061394, 1.531837103808221 ], [ 30.953542896862523, 1.540863915678089 ], [ 30.949062005043192, 1.529105729174868 ], [ 30.932911273521963, 1.5073909406393 ], [ 30.928451419409605, 1.473029704995007 ], [ 30.918589283547949, 1.451321446899866 ], [ 30.903330429990802, 1.436841393683017 ], [ 30.894350268347718, 1.433216633430092 ], [ 30.888070139778652, 1.4241697343094 ], [ 30.877293453261498, 1.420543362113532 ], [ 30.868323393389328, 1.40606950840208 ], [ 30.856652715906755, 1.397921945705325 ], [ 30.855761772167842, 1.389784325897981 ], [ 30.846782033651905, 1.386159766860354 ], [ 30.838721743746341, 1.359030005640802 ], [ 30.823474279547991, 1.33279819206454 ], [ 30.788463210024833, 1.309261521417217 ], [ 30.781290795309051, 1.293886383678991 ], [ 30.76513152593073, 1.283927721886162 ], [ 30.751681110148372, 1.25769908195189 ], [ 30.732830047571177, 1.245026456579436 ], [ 30.73373592030736, 1.235987086967561 ], [ 30.717589509664815, 1.211565021649848 ], [ 30.717594794249681, 1.205236988420962 ], [ 30.724778545042774, 1.207051060445181 ], [ 30.727475276012722, 1.204341295940859 ], [ 30.721205296493743, 1.183543846632486 ], [ 30.706845319860232, 1.170875946586935 ], [ 30.702364169149348, 1.159120304703485 ], [ 30.694285401577339, 1.153689747979479 ], [ 30.683524638169274, 1.132889314091132 ], [ 30.641340065695879, 1.100312598861107 ], [ 30.626101040906576, 1.064142546462969 ], [ 30.61263517755366, 1.057804513554308 ], [ 30.609045780497826, 1.054185987107369 ], [ 30.613533910005845, 1.056901270855324 ], [ 30.621618371861715, 1.054195683289275 ], [ 30.618033715619166, 1.044249563492703 ], [ 30.609054698867634, 1.042434826982095 ], [ 30.62162792175122, 1.041540471306335 ], [ 30.618043189092685, 1.031594383840274 ], [ 30.608167507604506, 1.027971182101386 ], [ 30.604579425066387, 1.022544875174493 ], [ 30.591107073237495, 1.025246495200132 ], [ 30.575842890507317, 1.022523151602259 ], [ 30.573147512201896, 1.024328924863997 ], [ 30.57404005800846, 1.031560906601034 ], [ 30.57763209664871, 1.031563662352219 ], [ 30.575834020113568, 1.034274024891745 ], [ 30.567748500533249, 1.038787336990809 ], [ 30.554277778518465, 1.039680765719208 ], [ 30.54799598652631, 1.034252489012059 ], [ 30.542626607249819, 1.009843238813051 ], [ 30.536347531885951, 1.000799580154816 ], [ 30.533641351771699, 1.017067468043291 ], [ 30.537221522819355, 1.032436312430118 ], [ 30.543501153090432, 1.040576232253958 ], [ 30.543492006597916, 1.05232681961072 ], [ 30.547083279818626, 1.053233559975469 ], [ 30.544384323074457, 1.059558666750307 ], [ 30.540791628587264, 1.060459686835952 ], [ 30.529131975168575, 1.042372694938808 ], [ 30.51208242022064, 1.0269933792727 ], [ 30.506695340420286, 1.02608528504015 ] ], [ [ 31.050541088862577, 1.578027617221005 ], [ 31.051438736649271, 1.578932662374441 ], [ 31.050540246426102, 1.578931814538693 ], [ 31.050541088862577, 1.578027617221005 ] ], [ [ 31.051438736649271, 1.578932662374441 ], [ 31.052336385211536, 1.579837708100585 ], [ 31.051437894117509, 1.579836860169548 ], [ 31.051438736649271, 1.578932662374441 ] ] ], [ [ [ 30.48233594854624, 1.163451194892847 ], [ 30.481438765223192, 1.162546539983028 ], [ 30.481437963524755, 1.163450387789746 ], [ 30.48233594854624, 1.163451194892847 ] ] ], [ [ [ 30.46526623715506, 1.172474175286633 ], [ 30.464367447134588, 1.173377192192578 ], [ 30.465265423422618, 1.173378011695626 ], [ 30.46526623715506, 1.172474175286633 ] ] ], [ [ [ 31.368054270136, 2.200497456265027 ], [ 31.367152350365242, 2.203209511060158 ], [ 31.368051318061294, 2.203210501858654 ], [ 31.368054270136, 2.200497456265027 ] ] ], [ [ [ 31.44663289357068, 2.665433911620784 ], [ 31.440370601405114, 2.63919905142248 ], [ 31.438566379327735, 2.643718651859704 ], [ 31.429592779227896, 2.628332957148563 ], [ 31.434104901940785, 2.615677422715549 ], [ 31.434110506521648, 2.611155560929987 ], [ 31.427799885156297, 2.623808834754287 ], [ 31.416121897524405, 2.613845999144384 ], [ 31.414318837218559, 2.617461171726234 ], [ 31.409823680833167, 2.616551085510356 ], [ 31.408018313565712, 2.621974957034643 ], [ 31.415180388774253, 2.64730632071785 ], [ 31.415158482984754, 2.664489226508915 ], [ 31.419650343270416, 2.668112495373255 ], [ 31.429543803699474, 2.667220862114375 ], [ 31.441224506128773, 2.675375177443374 ], [ 31.442134079180228, 2.667236950964847 ], [ 31.44663289357068, 2.665433911620784 ] ] ], [ [ [ 31.941524999881928, -0.35078052006636 ], [ 31.919956953907256, -0.377915114860533 ], [ 31.900187546248489, -0.391481065075175 ], [ 31.881318379447759, -0.392383109365306 ], [ 31.867841882816087, -0.382431199401051 ], [ 31.866945112607727, -0.368862786763512 ], [ 31.875032447601136, -0.363436487017477 ], [ 31.880425522531549, -0.347155132935134 ], [ 31.892107118809939, -0.339920031910232 ], [ 31.924453962471475, -0.340828284101343 ], [ 31.941524999881928, -0.35078052006636 ] ] ], [ [ [ 31.925358778388944, -0.278412993143827 ], [ 31.92625738638003, -0.277508504342582 ], [ 31.926257304680512, -0.278413075561264 ], [ 31.925358778388944, -0.278412993143827 ] ] ], [ [ [ 33.518654184446895, 0.196513532405829 ], [ 33.519552968675384, 0.20103697335821 ], [ 33.527640750908056, 0.201036712272732 ], [ 33.524944220555277, 0.181133552866224 ], [ 33.515957527977619, 0.171182174787027 ], [ 33.518653333647954, 0.166658631707467 ], [ 33.525842533775126, 0.169372518609917 ], [ 33.539323173936189, 0.203750400745456 ], [ 33.551005215617884, 0.195607800519309 ], [ 33.543815934016536, 0.190179895155921 ], [ 33.54471418906801, 0.1775142050327 ], [ 33.568977232779133, 0.172990037636443 ], [ 33.568977369262257, 0.177513469506983 ], [ 33.574369173287003, 0.177513301705099 ], [ 33.575267977086298, 0.182941385808311 ], [ 33.565383170197272, 0.188369823680707 ], [ 33.566282166165415, 0.199226035662064 ], [ 33.57796471122311, 0.207367791533221 ], [ 33.589646782920262, 0.202843942701685 ], [ 33.602227689819998, 0.204652838188341 ], [ 33.604924033791114, 0.216413582335679 ], [ 33.62289680390564, 0.220936237102478 ], [ 33.622897346450479, 0.233601720715308 ], [ 33.617506222825384, 0.248076813257431 ], [ 33.617506477189679, 0.253504883042051 ], [ 33.622898434252782, 0.257123332517923 ], [ 33.620202852073241, 0.263456209395889 ], [ 33.622000524109708, 0.271598216710632 ], [ 33.61031904743146, 0.286073687953703 ], [ 33.61840641700315, 0.27974050536147 ], [ 33.62379874522474, 0.289691666862886 ], [ 33.618407495915541, 0.299643423226312 ], [ 33.615711542008576, 0.298738897563713 ], [ 33.61391402327979, 0.294215604588782 ], [ 33.6130153886157, 0.29421565433036 ], [ 33.612117407519143, 0.305976532839245 ], [ 33.603131606208336, 0.315928532232788 ], [ 33.594145216801337, 0.31592905344922 ], [ 33.588753632495973, 0.320452777437834 ], [ 33.597740245600406, 0.32407097958518 ], [ 33.609422604525385, 0.324974958359159 ], [ 33.625597568068919, 0.316831871765389 ], [ 33.63098992718642, 0.325878301110711 ], [ 33.637280420571926, 0.326782577189513 ], [ 33.64356989417157, 0.311402721752038 ], [ 33.657049792376121, 0.318639254256935 ], [ 33.661542310843402, 0.308687590538973 ], [ 33.672325601903189, 0.305068236090396 ], [ 33.675920328175017, 0.308686680305767 ], [ 33.673224797498435, 0.314114861823835 ], [ 33.68041427131152, 0.321351728027595 ], [ 33.701981595874315, 0.326778235224826 ], [ 33.70917049788693, 0.325873065585697 ], [ 33.710967111885864, 0.316826328430884 ], [ 33.715460141456447, 0.315921356983029 ], [ 33.723547694335849, 0.315920793195921 ], [ 33.732534359786655, 0.323157412504554 ], [ 33.740621369218317, 0.315919582172097 ], [ 33.746911979164565, 0.320442397376595 ], [ 33.746012913675131, 0.314109886098007 ], [ 33.749607101770756, 0.310491014567758 ], [ 33.755897693806389, 0.315013822860162 ], [ 33.768478142331681, 0.314108247332202 ], [ 33.765781800400312, 0.306871248539614 ], [ 33.754998569332464, 0.307776672245907 ], [ 33.749606412152851, 0.300539829805668 ], [ 33.74151916371622, 0.304159004922364 ], [ 33.738823144474168, 0.301445224877558 ], [ 33.740619944571556, 0.295112516762645 ], [ 33.729836836596391, 0.298731863240831 ], [ 33.725343648631245, 0.296922846467681 ], [ 33.727140237514, 0.286971491977769 ], [ 33.718154439325424, 0.292400021033912 ], [ 33.713660742886667, 0.282449044129802 ], [ 33.701978836496302, 0.284259085960202 ], [ 33.695687663283103, 0.269784844915097 ], [ 33.692991859900133, 0.270689664333527 ], [ 33.69209258905849, 0.258929074545028 ], [ 33.698382860486973, 0.25802406374645 ], [ 33.700180443774165, 0.264356606488871 ], [ 33.711862601473833, 0.267069920443467 ], [ 33.720848271770734, 0.2589274613552 ], [ 33.737023211279492, 0.25802186925793 ], [ 33.741515942814836, 0.2525936769485 ], [ 33.741515638480628, 0.247165747432437 ], [ 33.726238664557776, 0.235406042704372 ], [ 33.720846370822976, 0.222741096386275 ], [ 33.722643158579757, 0.213694419841895 ], [ 33.708265268268967, 0.210981109030205 ], [ 33.703771966932159, 0.205553339047467 ], [ 33.703771617582973, 0.197411376122003 ], [ 33.710960094429048, 0.187459795641392 ], [ 33.718148821828812, 0.183840861406249 ], [ 33.725337755738522, 0.185649885451377 ], [ 33.729831090710839, 0.192886958348004 ], [ 33.746904579702559, 0.192886212603372 ], [ 33.751396981103632, 0.178411566285726 ], [ 33.755889948358465, 0.177506728990714 ], [ 33.759484922805122, 0.191076349578513 ], [ 33.766674004004095, 0.197408576187136 ], [ 33.779253840960472, 0.185647576082855 ], [ 33.785544800189577, 0.20283556343128 ], [ 33.781950548497925, 0.205549677968116 ], [ 33.777457391423653, 0.201931309192823 ], [ 33.776559143884548, 0.209168533196277 ], [ 33.769370579560736, 0.213692135304146 ], [ 33.79003854834108, 0.218214302472342 ], [ 33.784647599247407, 0.229974982244661 ], [ 33.790040158690083, 0.247162930718766 ], [ 33.797228244284547, 0.235402138750199 ], [ 33.80980813969051, 0.228164286996028 ], [ 33.806213230397148, 0.21821343852799 ], [ 33.817894711253736, 0.214594249923197 ], [ 33.817894520688753, 0.210975696146751 ], [ 33.806212307149849, 0.200120616924222 ], [ 33.817893319141056, 0.186550457723953 ], [ 33.81789315369187, 0.182931903822878 ], [ 33.807109776733185, 0.175695268065967 ], [ 33.81429788299755, 0.16122072515354 ], [ 33.813399015241984, 0.153983645169474 ], [ 33.807108636881686, 0.146746758351399 ], [ 33.810702795164836, 0.14131878667714 ], [ 33.8232830239943, 0.142222978507927 ], [ 33.823283320724244, 0.150364714058111 ], [ 33.831370888631433, 0.158506124290674 ], [ 33.834965629723548, 0.16845695910619 ], [ 33.834965785392008, 0.172075497406043 ], [ 33.83047290847199, 0.172980330462086 ], [ 33.830473692763725, 0.19016840689607 ], [ 33.822386951153341, 0.201024445996386 ], [ 33.823285813603206, 0.206452223774431 ], [ 33.83047422635876, 0.201024033940607 ], [ 33.840359075817339, 0.209165224410954 ], [ 33.843054352774772, 0.200118752291427 ], [ 33.838561438864311, 0.200118984144578 ], [ 33.839459705249098, 0.193786503345448 ], [ 33.853836646988604, 0.186548738830615 ], [ 33.875401354246485, 0.16212279765195 ], [ 33.883488539331893, 0.16302706703454 ], [ 33.88888024331883, 0.169359179949496 ], [ 33.896967279670648, 0.167549565510766 ], [ 33.898764539307464, 0.170263340290948 ], [ 33.900562060429067, 0.178404824868613 ], [ 33.896069902394373, 0.191974344008955 ], [ 33.90056303319632, 0.19740181892494 ], [ 33.91044732023456, 0.198305893332145 ], [ 33.923026730716785, 0.189259061180501 ], [ 33.926621074255607, 0.191068092551378 ], [ 33.920332413463456, 0.213683776815944 ], [ 33.930217049008512, 0.220920067057812 ], [ 33.923029172277552, 0.230871261792518 ], [ 33.923029526399752, 0.236298939960153 ], [ 33.925724865049659, 0.230871085353437 ], [ 33.941898683426778, 0.22634697515414 ], [ 33.954478912820612, 0.232678381011064 ], [ 33.965261452192635, 0.230868438487406 ], [ 33.967957799356014, 0.240818867624515 ], [ 33.958073950587547, 0.244437986133519 ], [ 33.960769943111494, 0.248960807985306 ], [ 33.965262394124025, 0.244437467886899 ], [ 33.97155246578243, 0.2471508120216 ], [ 33.97514734763017, 0.25619653964209 ], [ 33.974249561040565, 0.266147203063672 ], [ 33.989524368190395, 0.258909216006131 ], [ 33.985929483897614, 0.249863534476849 ], [ 33.987725918648962, 0.240817439937842 ], [ 33.995812974338975, 0.242626034855718 ], [ 34.003001005358811, 0.238102542004965 ], [ 33.909544916229997, 0.106939672517061 ], [ 33.940094277210036, 0.00200412996965 ], [ 33.985922521804952, -0.125544005092399 ], [ 33.985025484443092, -0.160823310976429 ], [ 33.940118563560482, -0.413211221831332 ], [ 33.928453326651443, -0.535335111805484 ], [ 33.928551616334452, -0.993067827731499 ], [ 33.728139025973697, -0.99583234550396 ], [ 31.799401477773742, -0.996597753677135 ], [ 31.785024068805104, -0.995687922831373 ], [ 31.775148974298776, -0.969453144209495 ], [ 31.767961523128754, -0.965832445986399 ], [ 31.767963472165679, -0.960405336571083 ], [ 31.780548551099308, -0.94684203964574 ], [ 31.780550756305505, -0.940510381314145 ], [ 31.769768329818088, -0.938697534063967 ], [ 31.763485773171105, -0.916986895536419 ], [ 31.773383702666234, -0.876286899702107 ], [ 31.764398295952109, -0.875379409441398 ], [ 31.753620528320454, -0.859999082782674 ], [ 31.741043356203022, -0.851854341438487 ], [ 31.734753773736273, -0.850947760282411 ], [ 31.712284606115219, -0.867221264668235 ], [ 31.699709248570457, -0.854554008555971 ], [ 31.695215017149494, -0.859074940786598 ], [ 31.697913079466652, -0.851839913247441 ], [ 31.694325245531051, -0.8328443377423 ], [ 31.696130223038924, -0.808423607580641 ], [ 31.710518709318311, -0.769534773087285 ], [ 31.727599437164134, -0.73969126247198 ], [ 31.749170878107901, -0.715275587036541 ], [ 31.749172342027812, -0.709848509485541 ], [ 31.752766697362745, -0.70894497260231 ], [ 31.765351559869686, -0.688144439871886 ], [ 31.807592780901476, -0.646546742605965 ], [ 31.784234358475256, -0.632068761679102 ], [ 31.786041341204019, -0.587747415568651 ], [ 31.794131276270409, -0.572372191027275 ], [ 31.81839681770926, -0.545241170159949 ], [ 31.820195955923737, -0.534387075326818 ], [ 31.839071698514591, -0.49730440433754 ], [ 31.86693053925617, -0.470172698584382 ], [ 31.918152818199594, -0.43128443454844 ], [ 31.963984869719198, -0.382443424535766 ], [ 31.97297275559777, -0.36163906445451 ], [ 31.981959038353157, -0.354403385595471 ], [ 31.984655659001863, -0.34535780331428 ], [ 31.982859604192896, -0.335407147055255 ], [ 31.992745089523012, -0.320934730968959 ], [ 32.011616195565217, -0.304653863821851 ], [ 32.023297725911739, -0.301036541092254 ], [ 32.035877448681369, -0.301942270346086 ], [ 32.03228528660938, -0.27751771574946 ], [ 32.028691429734579, -0.272994417748837 ], [ 32.023299810881618, -0.276612373392205 ], [ 32.017010163073614, -0.273898059194214 ], [ 32.017909862021064, -0.25942457538355 ], [ 32.002634028511032, -0.265755524787185 ], [ 31.985563237694016, -0.245853179599757 ], [ 31.981969879039095, -0.234997854928098 ], [ 31.9900589210847, -0.202433215246836 ], [ 31.981973047842519, -0.186150131237079 ], [ 31.963104499152461, -0.174389456664695 ], [ 31.961307338508178, -0.176198520151629 ], [ 31.964901361440344, -0.178007886847244 ], [ 31.961306877205004, -0.18433975467166 ], [ 31.940640079027183, -0.195193436044098 ], [ 31.930755183424008, -0.212379686729665 ], [ 31.934348054189144, -0.229566836903864 ], [ 31.945129633375391, -0.239517987206078 ], [ 31.947823716053556, -0.258514325866844 ], [ 31.945126737371204, -0.274796483239869 ], [ 31.935242090549405, -0.28384133922084 ], [ 31.930749612043115, -0.282031776817527 ], [ 31.928953128837527, -0.275699606333859 ], [ 31.913677877970152, -0.279316482894589 ], [ 31.90379568754593, -0.26212883401468 ], [ 31.908290300013498, -0.237705950861764 ], [ 31.918174156853137, -0.235897596242287 ], [ 31.919075196677905, -0.200619469563179 ], [ 31.912785568663509, -0.200619050020743 ], [ 31.913684497154669, -0.194287137204323 ], [ 31.90739556064344, -0.183431940899377 ], [ 31.906497685336227, -0.172577100795771 ], [ 31.911889177017844, -0.165340875705059 ], [ 31.913687049623412, -0.149058758030868 ], [ 31.919977253111572, -0.136395096494551 ], [ 31.928064148245795, -0.130968028964662 ], [ 31.94603468828549, -0.128255064584268 ], [ 31.96760028069858, -0.102023028737127 ], [ 31.98916540286702, -0.090264053330603 ], [ 32.037686725721819, -0.087551569922362 ], [ 32.05116488243155, -0.091170341585742 ], [ 32.0610487718019, -0.098407474787974 ], [ 32.073628583529981, -0.097503216601455 ], [ 32.08171577894695, -0.091171139087869 ], [ 32.082614428513409, -0.087552703758176 ], [ 32.05835390464965, -0.064032281188443 ], [ 32.049368280846011, -0.069459750183682 ], [ 32.027803052069075, -0.07307770945671 ], [ 32.018818171655248, -0.039607393843568 ], [ 32.052064347212038, -0.044130816942464 ], [ 32.073629725249845, -0.036894191944488 ], [ 32.084412509960089, -0.026943538497836 ], [ 32.093398127569756, -0.025134371456061 ], [ 32.117659065246919, -0.054082486406948 ], [ 32.143717530635058, -0.060415269663208 ], [ 32.160790247183691, -0.073985042697941 ], [ 32.170674672145324, -0.071271321981607 ], [ 32.186849157279141, -0.071271612328368 ], [ 32.189544829610398, -0.075794861338275 ], [ 32.201226500646513, -0.073081151301451 ], [ 32.203922480928327, -0.059511547854317 ], [ 32.21111132003599, -0.049560556541416 ], [ 32.220097283086133, -0.044132781771369 ], [ 32.2245903401055, -0.033277053595968 ], [ 32.215604518674674, -0.018802645857864 ], [ 32.212010142369465, -0.022421210483009 ], [ 32.208415804755582, -0.0188026131923 ], [ 32.213807379684177, -0.003423662121258 ], [ 32.209314409862735, 0.01466923441485 ], [ 32.216502977808979, 0.038190061297977 ], [ 32.220097332563213, 0.039094741192954 ], [ 32.214705856924589, 0.030952878255948 ], [ 32.214705965695643, 0.006527441153902 ], [ 32.247953923016318, -0.002519036786979 ], [ 32.257838482514799, -0.012470247041545 ], [ 32.257838412887537, -0.027849381327952 ], [ 32.265027152634573, -0.035991334540891 ], [ 32.289289492820878, -0.026944915171578 ], [ 32.296478396011331, -0.014279679277223 ], [ 32.295579804519292, -0.007947038778696 ], [ 32.307261708773204, -0.000709740291946 ], [ 32.305464482940387, 0.009241568942372 ], [ 32.2901881469665, 0.016478830337998 ], [ 32.274911806036243, 0.030953309872247 ], [ 32.265925796807906, 0.030048591023211 ], [ 32.265027263077322, 0.017383394910975 ], [ 32.2614328697613, 0.015574069398891 ], [ 32.235373526414243, 0.022811177947719 ], [ 32.230880512961484, 0.030048348287271 ], [ 32.238967812487516, 0.036380962455238 ], [ 32.253345343239147, 0.038190391441127 ], [ 32.26143277020595, 0.033667183314426 ], [ 32.264128541670161, 0.037285828816611 ], [ 32.258736911274902, 0.040904403840852 ], [ 32.258736867479335, 0.045427679535493 ], [ 32.25424388236344, 0.044522978782452 ], [ 32.254243854264715, 0.047236941416721 ], [ 32.247953650029999, 0.049046178980151 ], [ 32.247953618900738, 0.051760137689849 ], [ 32.229083074223389, 0.055378505246899 ], [ 32.244359175783863, 0.056283355428992 ], [ 32.251547998427313, 0.05266483414859 ], [ 32.254243713296653, 0.058997446138836 ], [ 32.254243814214213, 0.050855558259053 ], [ 32.263229808108747, 0.050855662149056 ], [ 32.280303337872859, 0.041809260981324 ], [ 32.28659356755302, 0.041809318775161 ], [ 32.305464402660988, 0.029144186845323 ], [ 32.320740770117695, 0.029144280635556 ], [ 32.326132493382289, 0.018288292763157 ], [ 32.343206152179924, 0.019193028001828 ], [ 32.352192326221463, 0.015574369897439 ], [ 32.359381244009185, 0.02190711307439 ], [ 32.364772956467277, 0.021907136182818 ], [ 32.3701646884494, 0.018288453747995 ], [ 32.376455064763014, 0.000194927227531 ], [ 32.375556435597446, 0.009241699955952 ], [ 32.38004949795139, 0.023716556697138 ], [ 32.375556318614095, 0.03638201819563 ], [ 32.379150771821308, 0.040905432633046 ], [ 32.380049224217871, 0.058999000524743 ], [ 32.371961509078886, 0.068950352255058 ], [ 32.364772580946919, 0.066236230098643 ], [ 32.364772657718049, 0.059903502432923 ], [ 32.363873961278173, 0.066236218494918 ], [ 32.353989167001885, 0.065331416308271 ], [ 32.353090525795082, 0.067140751272665 ], [ 32.362076687002258, 0.068950219947399 ], [ 32.373758407514565, 0.091567299749156 ], [ 32.385440519953917, 0.090662824324098 ], [ 32.394426656923613, 0.096995740057575 ], [ 32.399818550022694, 0.088853704384334 ], [ 32.39712288763527, 0.074378765320032 ], [ 32.412399529168944, 0.075283656198339 ], [ 32.421385662463265, 0.086139996061305 ], [ 32.433067937352206, 0.080712052254521 ], [ 32.43935824312053, 0.088854329748168 ], [ 32.444749591211512, 0.115090380284522 ], [ 32.45014129171394, 0.120518621768918 ], [ 32.460924957554639, 0.118709456744665 ], [ 32.463620970223126, 0.113281360997703 ], [ 32.460925266299888, 0.101520327328255 ], [ 32.465418463309739, 0.100615710729385 ], [ 32.465418506886522, 0.097901635636798 ], [ 32.460026674673067, 0.098806239553462 ], [ 32.455533663843937, 0.087949883078 ], [ 32.450141908404554, 0.084331045879944 ], [ 32.444750383993913, 0.061713754199654 ], [ 32.441155863313988, 0.060809028268856 ], [ 32.442953099594661, 0.063523111905618 ], [ 32.442054427205179, 0.067141854833427 ], [ 32.427676450295195, 0.055380770574174 ], [ 32.427676483867785, 0.051762026888748 ], [ 32.411501175632552, 0.05085719453731 ], [ 32.414197125958488, 0.042715065406983 ], [ 32.418690273067021, 0.041810415268719 ], [ 32.418690321687173, 0.034572939371699 ], [ 32.427676651164923, 0.027335506917731 ], [ 32.43576432006207, 0.028240232650129 ], [ 32.43935887537976, 0.021002748049607 ], [ 32.446547934931189, 0.020098084968666 ], [ 32.45553419198648, 0.03638253974786 ], [ 32.469013707464349, 0.038192005127585 ], [ 32.473506807031242, 0.049953040783409 ], [ 32.477101362743547, 0.049048376244893 ], [ 32.481594507303541, 0.054476575916024 ], [ 32.479797100450789, 0.068046967597957 ], [ 32.483391624409578, 0.070761089482471 ], [ 32.484290086949159, 0.08523621086907 ], [ 32.487884607924073, 0.087950344055987 ], [ 32.497769744634958, 0.080712908414496 ], [ 32.504060445194412, 0.060809646954496 ], [ 32.503161873343679, 0.052667364588574 ], [ 32.518438775790173, 0.054476883681116 ], [ 32.524729321521363, 0.049048733801878 ], [ 32.52383064418337, 0.053572226910682 ], [ 32.532817060714848, 0.057191100880614 ], [ 32.530121011473234, 0.069856888939613 ], [ 32.52293175812855, 0.078903813826385 ], [ 32.522931683101646, 0.085236712269865 ], [ 32.526526239233668, 0.087046157427169 ], [ 32.531918226373314, 0.077094514674322 ], [ 32.540904750875256, 0.070761698364872 ], [ 32.548093842308013, 0.078904096639885 ], [ 32.548992607027621, 0.06714296567893 ], [ 32.559776437028646, 0.06081013331357 ], [ 32.558877856501184, 0.05176308226642 ], [ 32.548992784805293, 0.04362068396172 ], [ 32.549891447467495, 0.040906579601181 ], [ 32.557979285211964, 0.039097216339122 ], [ 32.56337114542049, 0.044525474245048 ], [ 32.572357648534592, 0.042716115283699 ], [ 32.582242742718627, 0.052667948699749 ], [ 32.573256237103756, 0.052667887410147 ], [ 32.569661591761715, 0.059000802219395 ], [ 32.560675078267387, 0.061714845267826 ], [ 32.561573527917894, 0.082523060588999 ], [ 32.546296267499727, 0.10152164671055 ], [ 32.546296051371215, 0.115996891196473 ], [ 32.553485183092889, 0.119615820999597 ], [ 32.554383945575175, 0.112378205424964 ], [ 32.571458507075555, 0.096998462961539 ], [ 32.5795463223984, 0.100617392364764 ], [ 32.577749140674641, 0.09066559628805 ], [ 32.582242419021711, 0.088856234488052 ], [ 32.587634203828891, 0.099712788534666 ], [ 32.579546251038188, 0.10604563325945 ], [ 32.569660770713533, 0.126853726244919 ], [ 32.581343128509062, 0.134091575230858 ], [ 32.592126987387196, 0.133187050255285 ], [ 32.5975188701752, 0.135901266030044 ], [ 32.598417433737268, 0.141329534752716 ], [ 32.590329540567986, 0.141329392561778 ], [ 32.580444181465708, 0.150376283833784 ], [ 32.576849568010353, 0.150376213985542 ], [ 32.578646926095395, 0.14766212894759 ], [ 32.57684963684877, 0.146757388110899 ], [ 32.570558980775523, 0.151280796040138 ], [ 32.559775318726665, 0.143138238668731 ], [ 32.559775177239359, 0.150375874069477 ], [ 32.554383272469124, 0.150375763934587 ], [ 32.56336961645686, 0.158518290451211 ], [ 32.576849351434277, 0.161232691535828 ], [ 32.576848998274038, 0.177517407640242 ], [ 32.564267608091313, 0.187468867831012 ], [ 32.566963317739535, 0.197420692941821 ], [ 32.574152438465205, 0.20194441037102 ], [ 32.588530982054642, 0.200135367635087 ], [ 32.590328493891008, 0.19199304110053 ], [ 32.596619155989544, 0.18927906558391 ], [ 32.601112099907255, 0.203754517243286 ], [ 32.616389392872627, 0.200136047365876 ], [ 32.623578333363753, 0.2146116005512 ], [ 32.61728752231565, 0.221849130752289 ], [ 32.618186090116318, 0.225467998153357 ], [ 32.637956055993641, 0.248991045372481 ], [ 32.6388536649496, 0.285179593316654 ], [ 32.649637519713281, 0.290608213503764 ], [ 32.663117569164221, 0.290608626314373 ], [ 32.662218653370871, 0.298751037007287 ], [ 32.664016213032667, 0.29151336873429 ], [ 32.673003156258112, 0.283371188286092 ], [ 32.67480074653588, 0.274324074385647 ], [ 32.66491593373474, 0.253515341025145 ], [ 32.668510697841221, 0.249896570367694 ], [ 32.664017472242122, 0.245372877746441 ], [ 32.647841590201551, 0.240848888928073 ], [ 32.650537791111994, 0.232706530331607 ], [ 32.641551188087789, 0.23089687653771 ], [ 32.643348759492767, 0.220945072637392 ], [ 32.658626240152962, 0.212802998263807 ], [ 32.660423449820286, 0.21823132966477 ], [ 32.668511401481084, 0.220040943270971 ], [ 32.674801866928973, 0.22908824824251 ], [ 32.682889876013675, 0.22908843072867 ], [ 32.686484703577989, 0.221850769613033 ], [ 32.680194438311098, 0.201946858835539 ], [ 32.658626850380116, 0.182947400148533 ], [ 32.655032431575272, 0.170281324097435 ], [ 32.664917888768386, 0.160329626728872 ], [ 32.670309866915751, 0.160329714849875 ], [ 32.66851248168431, 0.163948549847024 ], [ 32.672107060809189, 0.168472191323671 ], [ 32.676600395683188, 0.167567550140229 ], [ 32.677499203826272, 0.158520396379501 ], [ 32.684688433567821, 0.163948812868574 ], [ 32.69097910225809, 0.163044193553904 ], [ 32.695472332263996, 0.169377291473327 ], [ 32.694573521026086, 0.178424460684311 ], [ 32.703560201491364, 0.177519889570908 ], [ 32.706256159456593, 0.18023409081464 ], [ 32.711648018599547, 0.189281374959813 ], [ 32.712546502940178, 0.200138027599024 ], [ 32.716141147517249, 0.201947530782301 ], [ 32.729621237776435, 0.199233598781445 ], [ 32.746696331221642, 0.174806367915543 ], [ 32.74130442077734, 0.166663795874044 ], [ 32.727824473755149, 0.160330565863594 ], [ 32.725128541097192, 0.154902204689008 ], [ 32.730520570665853, 0.153092831945161 ], [ 32.73052059311982, 0.151283389482619 ], [ 32.723331217721338, 0.153997460458912 ], [ 32.717040740061329, 0.138617133878775 ], [ 32.711648797146985, 0.134093469485244 ], [ 32.700864835271062, 0.132283901406052 ], [ 32.685587486610373, 0.136807299306308 ], [ 32.680195665876973, 0.124141187691215 ], [ 32.659526455418664, 0.123236212661883 ], [ 32.671209170533878, 0.113284480735476 ], [ 32.665817375529656, 0.09699953340838 ], [ 32.657729503106459, 0.089761731283393 ], [ 32.659526902134779, 0.080714595493084 ], [ 32.668513457549018, 0.086142966869785 ], [ 32.675702638922544, 0.097904346977928 ], [ 32.689182571310432, 0.097904475502963 ], [ 32.691878615827569, 0.091571473333965 ], [ 32.699966620873354, 0.087047948102535 ], [ 32.701763865137316, 0.096999871533279 ], [ 32.699067816377969, 0.103332878958057 ], [ 32.711649048215087, 0.110570754856194 ], [ 32.71883843600731, 0.103333061304309 ], [ 32.722433089926149, 0.104237813779218 ], [ 32.72602772111879, 0.107856729169986 ], [ 32.726027601219059, 0.120522822057251 ], [ 32.73501430287736, 0.116904025208113 ], [ 32.734115709887959, 0.108761522912139 ], [ 32.739507733766629, 0.106047404472769 ], [ 32.752088851457707, 0.131379747004411 ], [ 32.762873038216426, 0.113285381825272 ], [ 32.766467661572896, 0.119618477578 ], [ 32.777251745591023, 0.113285496687444 ], [ 32.783542393320388, 0.118713893675801 ], [ 32.787137088331562, 0.116904471677273 ], [ 32.788035572734515, 0.139522605799389 ], [ 32.791630241969905, 0.141332088708234 ], [ 32.800617004777564, 0.135903813310156 ], [ 32.804211528660581, 0.154903088768677 ], [ 32.807806219982616, 0.154903121895134 ], [ 32.811400966904763, 0.148570069807914 ], [ 32.810502354229698, 0.14133225142854 ], [ 32.81769174291577, 0.140427582652945 ], [ 32.820387795651129, 0.135903969456372 ], [ 32.827577153612545, 0.139522930968966 ], [ 32.828475773167924, 0.146760755433346 ], [ 32.840158520921378, 0.148570298080366 ], [ 32.855436083224845, 0.133190020962751 ], [ 32.859929363264108, 0.148570433160746 ], [ 32.85363867383014, 0.143142022078697 ], [ 32.848246614994935, 0.144951443032185 ], [ 32.847347770306186, 0.168474366740623 ], [ 32.843753002580506, 0.176616889159588 ], [ 32.851841026318375, 0.183854781711655 ], [ 32.856334526179239, 0.168474435532122 ], [ 32.86801734412731, 0.163950874340068 ], [ 32.872510647518688, 0.175712381104435 ], [ 32.868915902508867, 0.181140729447668 ], [ 32.86981445089593, 0.198330585424891 ], [ 32.892281456112059, 0.190188181071298 ], [ 32.903065672521294, 0.175712565858324 ], [ 32.903065700065433, 0.170284185958819 ], [ 32.893180274716144, 0.165760484824555 ], [ 32.880598907826759, 0.14676109667607 ], [ 32.88239630066559, 0.138618541711184 ], [ 32.898572471107329, 0.136809157239727 ], [ 32.898572493447034, 0.131380777883717 ], [ 32.894079141373631, 0.125047650740707 ], [ 32.882396352121113, 0.127761788889635 ], [ 32.873409637356694, 0.120523913067887 ], [ 32.876105688921314, 0.114190821133744 ], [ 32.888687133590402, 0.114190872948527 ], [ 32.896775226955853, 0.108762524188792 ], [ 32.893180608694507, 0.082525348522213 ], [ 32.895876661540399, 0.069859137826182 ], [ 32.899471361233893, 0.068049685797568 ], [ 32.90216737774147, 0.07076388146318 ], [ 32.906660757371185, 0.066240240043973 ], [ 32.911154128405776, 0.066240248358717 ], [ 32.907559426400951, 0.068954432254208 ], [ 32.909356764222125, 0.074382817026869 ], [ 32.933620975646186, 0.077097052709475 ], [ 32.93362098244549, 0.072573398995279 ], [ 32.939911705674923, 0.073478138702384 ], [ 32.950695800398528, 0.078906538091557 ], [ 32.955189165555439, 0.088858584995124 ], [ 32.97136533110374, 0.083430213770845 ], [ 33.006413686739215, 0.107857969871801 ], [ 32.997426923087687, 0.11147689578419 ], [ 32.998325598717543, 0.125047865806362 ], [ 33.010907076486404, 0.128666788813301 ], [ 33.009109717945144, 0.115095819769105 ], [ 33.012704422137226, 0.110572161825369 ], [ 33.027083248926871, 0.116000539519577 ], [ 33.038766062095895, 0.12957149262633 ], [ 33.035171361049926, 0.134095153656296 ], [ 33.026184591332658, 0.134999896218087 ], [ 33.027083275637459, 0.141333013732173 ], [ 33.043259458737261, 0.136809333790665 ], [ 33.041462095502204, 0.131380950496969 ], [ 33.049550190423403, 0.133190397628858 ], [ 33.054942271872967, 0.142237695105359 ], [ 33.046854184940706, 0.145856637092848 ], [ 33.045955518805513, 0.151285025051369 ], [ 33.05494230083422, 0.15399919667643 ], [ 33.083700081576772, 0.179331551508736 ], [ 33.08729486076809, 0.192902487854629 ], [ 33.09807906820658, 0.20375918783898 ], [ 33.099876471664373, 0.210997015656553 ], [ 33.083700223680339, 0.20828292090313 ], [ 33.066625313773599, 0.210092464143885 ], [ 33.046854377363154, 0.220044576727158 ], [ 33.041462308689127, 0.226377709747172 ], [ 33.055841246274838, 0.235424969076449 ], [ 33.058537314688188, 0.240853342368472 ], [ 33.072916208297499, 0.237234350667746 ], [ 33.069321522675693, 0.245376944143116 ], [ 33.063030750563506, 0.246281706120412 ], [ 33.063030793839729, 0.255329012563955 ], [ 33.082801846406433, 0.259852550857311 ], [ 33.088193882322848, 0.250805213018872 ], [ 33.110660953698044, 0.253519229690581 ], [ 33.114255602815945, 0.244471904391139 ], [ 33.108863523127539, 0.245376679048891 ], [ 33.107964805879817, 0.240853038435541 ], [ 33.112458181278718, 0.237234084029382 ], [ 33.117850287840511, 0.239948226712141 ], [ 33.117850326911324, 0.24447187311466 ], [ 33.124141092945877, 0.244471816049698 ], [ 33.124141059959292, 0.240852899774847 ], [ 33.112458130837034, 0.230900977784807 ], [ 33.107065937565302, 0.215520615789241 ], [ 33.113356700032519, 0.216425299423883 ], [ 33.113356673392907, 0.212806381585796 ], [ 33.117850068739905, 0.212806347685916 ], [ 33.123242178470385, 0.217329950939338 ], [ 33.129532923598688, 0.216425169037469 ], [ 33.139418578600676, 0.236329108493247 ], [ 33.136722602186218, 0.242662235794758 ], [ 33.130431857473823, 0.244471756017854 ], [ 33.129533238391176, 0.250804866880863 ], [ 33.144810722445193, 0.242662151068696 ], [ 33.152000221502959, 0.248090439656687 ], [ 33.154696379035322, 0.258042414799422 ], [ 33.154696467683443, 0.26528023768132 ], [ 33.151101754273661, 0.266185010401977 ], [ 33.152000491347437, 0.270708639109256 ], [ 33.14121661703016, 0.296041165023947 ], [ 33.143912775047781, 0.304183684353999 ], [ 33.16008930807044, 0.318659095722079 ], [ 33.188847191011597, 0.317753879278059 ], [ 33.190644608015326, 0.320468024182574 ], [ 33.186151304331922, 0.326801191286191 ], [ 33.188847442681052, 0.331324771237301 ], [ 33.202327727144024, 0.332229228732822 ], [ 33.217605632114477, 0.344895044680367 ], [ 33.238275540515147, 0.352132331620203 ], [ 33.258047027306723, 0.368416793705662 ], [ 33.270628679579055, 0.371130580450678 ], [ 33.273325039002032, 0.381082423753825 ], [ 33.260743673288502, 0.388320588610964 ], [ 33.236479334502889, 0.395559092468174 ], [ 33.227492277336637, 0.389226279016639 ], [ 33.226593833336317, 0.39827354154756 ], [ 33.213113558413411, 0.400988077401688 ], [ 33.207721347154056, 0.398274042095521 ], [ 33.191545059640212, 0.404607517350475 ], [ 33.189747781306544, 0.409131189451062 ], [ 33.195140246481351, 0.421797217787073 ], [ 33.191545717477801, 0.431749291219994 ], [ 33.196039192093075, 0.431749175925741 ], [ 33.198734838869001, 0.41455932296287 ], [ 33.208620408050194, 0.412749617274426 ], [ 33.212215247485048, 0.415463695475594 ], [ 33.214911225950814, 0.411844724162271 ], [ 33.222999649729374, 0.419082292441369 ], [ 33.226594261439033, 0.413653845986947 ], [ 33.234683076354635, 0.43355752046421 ], [ 33.247264975593069, 0.439890173883932 ], [ 33.249961761930258, 0.460698692699764 ], [ 33.272429255008625, 0.464316745558386 ], [ 33.276024384094704, 0.473363807113557 ], [ 33.286808827575705, 0.476077524568804 ], [ 33.290403191965424, 0.466125463488353 ], [ 33.283213219669285, 0.455269122377692 ], [ 33.284111665372507, 0.44893604954488 ], [ 33.296692829554772, 0.436269485909498 ], [ 33.311071577850193, 0.429935879338487 ], [ 33.310172565812664, 0.421793458452482 ], [ 33.317361939238246, 0.419079015941621 ], [ 33.318260807500366, 0.423602563369449 ], [ 33.323653030188702, 0.42631648756908 ], [ 33.318261142852911, 0.431745014675556 ], [ 33.320957391584933, 0.436268483376707 ], [ 33.335336728048816, 0.444410289213034 ], [ 33.346120913268486, 0.443505074234866 ], [ 33.356905344665861, 0.448028124406917 ], [ 33.364993862514872, 0.455265421890482 ], [ 33.361399578381196, 0.464312730823427 ], [ 33.35061556310621, 0.468836846050771 ], [ 33.354210679709901, 0.476074370685305 ], [ 33.361399902132987, 0.470645719343904 ], [ 33.365893477207557, 0.473359620049939 ], [ 33.36679240272256, 0.477883132657989 ], [ 33.361400658608474, 0.485121121239458 ], [ 33.364097016212185, 0.490549249669188 ], [ 33.395550817156384, 0.486023907439801 ], [ 33.400942714657852, 0.482404753704286 ], [ 33.403638291240632, 0.474262220043981 ], [ 33.401840665657261, 0.469738783561787 ], [ 33.388360417036544, 0.469739550784607 ], [ 33.383866750356106, 0.465216249094093 ], [ 33.384765141886, 0.459787938381226 ], [ 33.379373089397959, 0.460692939679198 ], [ 33.371284467963982, 0.451646251856749 ], [ 33.366790423357344, 0.438980511327574 ], [ 33.359600660826608, 0.432647872507934 ], [ 33.36049871275079, 0.419077136995113 ], [ 33.356005267220993, 0.418172630573476 ], [ 33.350613421639814, 0.423601157831399 ], [ 33.345221088160251, 0.418173115452033 ], [ 33.344321900796139, 0.406411867308862 ], [ 33.35061262584464, 0.40550688102442 ], [ 33.358700311207059, 0.395554680475003 ], [ 33.362295062957266, 0.396459236007382 ], [ 33.366787788400622, 0.381078927961481 ], [ 33.358699701110147, 0.381079270828505 ], [ 33.34701726200818, 0.390126895110233 ], [ 33.345219432056524, 0.378365681972886 ], [ 33.342523648712117, 0.38469879238159 ], [ 33.337131610489074, 0.385603723745245 ], [ 33.335333798548596, 0.373842495386594 ], [ 33.32814433628532, 0.372938052769495 ], [ 33.323651073956974, 0.376557086044507 ], [ 33.322752765132641, 0.386509001257842 ], [ 33.319158075462042, 0.387413854833894 ], [ 33.317360380405539, 0.378366752877827 ], [ 33.308373351399197, 0.372034054605936 ], [ 33.307474361549858, 0.362986907372421 ], [ 33.312866469142314, 0.363891438626313 ], [ 33.320056190952542, 0.372033635791717 ], [ 33.328144202930034, 0.369319188567395 ], [ 33.315562043862705, 0.350320586057673 ], [ 33.320954016772106, 0.347606251471705 ], [ 33.325447746246873, 0.35755797631542 ], [ 33.333536071381197, 0.36389069313717 ], [ 33.362293850636718, 0.367508427791648 ], [ 33.373077428050564, 0.354842017114023 ], [ 33.359596847073078, 0.342176571162027 ], [ 33.359596319526915, 0.327701161235677 ], [ 33.370380371479591, 0.327700765680605 ], [ 33.377569868366621, 0.331319340654337 ], [ 33.378468746003179, 0.336747573276577 ], [ 33.383860802343499, 0.337652071645549 ], [ 33.402732628428879, 0.332223051735372 ], [ 33.413516041485281, 0.317747285638912 ], [ 33.418908323968118, 0.324984720871482 ], [ 33.428793593797685, 0.324079597723134 ], [ 33.430591387069789, 0.334935985144185 ], [ 33.426098419349003, 0.343078535617717 ], [ 33.444970972108365, 0.355743520740807 ], [ 33.441376880551644, 0.367504846301261 ], [ 33.447667451908018, 0.365695124756217 ], [ 33.451261754470458, 0.358457321507736 ], [ 33.458451245033508, 0.362075769446004 ], [ 33.458450974429397, 0.356647558315576 ], [ 33.464741704211967, 0.35845664283208 ], [ 33.462045944441279, 0.362980287131744 ], [ 33.463843549322021, 0.368408401425572 ], [ 33.486309713319478, 0.361169610016088 ], [ 33.487208181441439, 0.357550769236313 ], [ 33.47552569211522, 0.35936078515464 ], [ 33.473728138025038, 0.354837379746047 ], [ 33.468336215784049, 0.355742356712771 ], [ 33.463842503770628, 0.347600274566167 ], [ 33.459349238435941, 0.348505197424127 ], [ 33.462943279191052, 0.335839201861802 ], [ 33.454855540067982, 0.340363095880073 ], [ 33.453956501892733, 0.332220816288903 ], [ 33.467435990235529, 0.323173175974298 ], [ 33.465638186280778, 0.312316846937952 ], [ 33.46833408032532, 0.310507325007558 ], [ 33.473726145389101, 0.31322118306553 ], [ 33.472828109474428, 0.326791724994406 ], [ 33.476422699838771, 0.325886854425992 ], [ 33.478219636264043, 0.317744474473988 ], [ 33.493496916731708, 0.32045784310752 ], [ 33.49888867139083, 0.316838793933948 ], [ 33.4988884992948, 0.313220007664311 ], [ 33.486307168316316, 0.309601809793572 ], [ 33.48630660308978, 0.296936033494761 ], [ 33.499786361147102, 0.296030731806754 ], [ 33.507874391978859, 0.299649143234045 ], [ 33.503380766740143, 0.291507088229402 ], [ 33.504279139436392, 0.285174176720792 ], [ 33.51596138899869, 0.280650184450206 ], [ 33.51056918427242, 0.273412862690087 ], [ 33.486305187902872, 0.262557496388347 ], [ 33.485406927353999, 0.272509214877794 ], [ 33.478217957092617, 0.278842400392187 ], [ 33.472826032098098, 0.278842619646692 ], [ 33.472825888665135, 0.275223819074929 ], [ 33.468332615976841, 0.275223997541454 ], [ 33.461143031927008, 0.266177262881702 ], [ 33.461143373655503, 0.275224279543745 ], [ 33.45395419265401, 0.277033962325264 ], [ 33.449460704779341, 0.271605915942401 ], [ 33.451257819147997, 0.266177631000385 ], [ 33.444967029582322, 0.260749638843406 ], [ 33.441372787781063, 0.271606216008471 ], [ 33.443170472540153, 0.281557892830203 ], [ 33.447663832736758, 0.283367126713934 ], [ 33.444968137734918, 0.290604860672257 ], [ 33.431488138679242, 0.287891271200424 ], [ 33.444968067157745, 0.288795453332289 ], [ 33.44496789264344, 0.284271934957068 ], [ 33.43598106774612, 0.27793934656704 ], [ 33.437778253289956, 0.274320461351908 ], [ 33.435082211944668, 0.27251115053087 ], [ 33.419805380834362, 0.283368176750657 ], [ 33.407224238506636, 0.286987461412831 ], [ 33.401832132615013, 0.283368818404338 ], [ 33.421602381571383, 0.274321046081908 ], [ 33.41710883053257, 0.267083548351277 ], [ 33.430588631993253, 0.264368964021354 ], [ 33.428791099741446, 0.258036086914478 ], [ 33.436878748290468, 0.249893467472765 ], [ 33.453054493768668, 0.24808351042776 ], [ 33.451257032035443, 0.243560057490207 ], [ 33.436878541737549, 0.243560534409054 ], [ 33.435081113309927, 0.239941773148025 ], [ 33.431486600685524, 0.243560709272743 ], [ 33.425195969635105, 0.242656204410517 ], [ 33.426094295375115, 0.231799703620062 ], [ 33.437776371330173, 0.216419365964131 ], [ 33.444067084571508, 0.220942701281654 ], [ 33.463837311515327, 0.216418586218882 ], [ 33.462039740322759, 0.207371625142473 ], [ 33.474620712327145, 0.202847750415267 ], [ 33.475518929701792, 0.187467825632751 ], [ 33.483606471070388, 0.176611216645569 ], [ 33.488998373212063, 0.177515772737949 ], [ 33.484505688279683, 0.197419263353855 ], [ 33.496188807023323, 0.220036343886099 ], [ 33.498884778811998, 0.22094095008161 ], [ 33.500681893291009, 0.215512710448878 ], [ 33.497086852735606, 0.201037677437692 ], [ 33.49888390279218, 0.1928953516387 ], [ 33.506971627666843, 0.190181024177548 ], [ 33.518654184446895, 0.196513532405829 ] ], [ [ 33.574369173287003, 0.177513301705099 ], [ 33.575267778911247, 0.176608588210445 ], [ 33.575267806794564, 0.177513273584271 ], [ 33.574369173287003, 0.177513301705099 ] ], [ [ 32.035877448681369, -0.301942270346086 ], [ 32.036775928129487, -0.302846952941918 ], [ 32.036776007863324, -0.301942350533458 ], [ 32.035877448681369, -0.301942270346086 ] ], [ [ 32.659526466862722, 0.12233149741552 ], [ 32.65772915682183, 0.121426759320759 ], [ 32.659526478222453, 0.121426782168543 ], [ 32.659526466862722, 0.12233149741552 ] ], [ [ 32.65772915682183, 0.121426759320759 ], [ 32.656830507613243, 0.120522032859858 ], [ 32.657729168156756, 0.120522044243406 ], [ 32.65772915682183, 0.121426759320759 ] ], [ [ 32.656830507613243, 0.120522032859858 ], [ 32.650539886200924, 0.120521952339286 ], [ 32.648742589577076, 0.118712500637476 ], [ 32.654134582478491, 0.115998424850154 ], [ 32.656830507613243, 0.120522032859858 ] ], [ [ 33.299383417873159, 0.263468127790006 ], [ 33.294890274088822, 0.272515426737289 ], [ 33.28949819252319, 0.270706119328999 ], [ 33.286802258279728, 0.274325062833613 ], [ 33.295789216991942, 0.283372032777106 ], [ 33.295789497613171, 0.294228660793451 ], [ 33.292194941671234, 0.299657071838458 ], [ 33.314661902285863, 0.303275314912332 ], [ 33.320952858707052, 0.311417580334597 ], [ 33.294891312762175, 0.312323065766034 ], [ 33.292195111229901, 0.305990106739708 ], [ 33.286803176630869, 0.310513851696644 ], [ 33.266133575551251, 0.309609674576888 ], [ 33.225692702064023, 0.2951350340103 ], [ 33.222996520712798, 0.287897294866417 ], [ 33.205022674513387, 0.273422029346176 ], [ 33.207718619301474, 0.267993631606939 ], [ 33.200528974001401, 0.254422868182179 ], [ 33.205921084437826, 0.257136958602195 ], [ 33.207718353332169, 0.251708578060445 ], [ 33.231083807286254, 0.243565668219089 ], [ 33.25175306671111, 0.22908973673589 ], [ 33.265232883627128, 0.213709226863376 ], [ 33.264333987723255, 0.200138419090408 ], [ 33.268827195801471, 0.191091133189615 ], [ 33.252651038563798, 0.184758323441353 ], [ 33.247259013851135, 0.184758399805493 ], [ 33.241867061411043, 0.190186813463449 ], [ 33.237373641555315, 0.185663258985972 ], [ 33.226589554350703, 0.183853953121438 ], [ 33.221197645476934, 0.193805990504072 ], [ 33.222995088019161, 0.201043761685023 ], [ 33.216704313937399, 0.196520223225638 ], [ 33.208616318256297, 0.201948678218484 ], [ 33.204122901371576, 0.198329833733145 ], [ 33.216704155982008, 0.183854076659251 ], [ 33.219400185445139, 0.184758768111302 ], [ 33.21940014149245, 0.181139869714712 ], [ 33.224792153815656, 0.179330354651409 ], [ 33.222994661528773, 0.166664235345897 ], [ 33.227488029632553, 0.167568907730094 ], [ 33.232879943232632, 0.157616882447881 ], [ 33.240968072788014, 0.165759299000966 ], [ 33.243664221009219, 0.176615942415468 ], [ 33.25354958403112, 0.175711086940986 ], [ 33.263434839803885, 0.167568454301876 ], [ 33.266130659644418, 0.153092874049992 ], [ 33.270623977171084, 0.151283375142469 ], [ 33.271522567844812, 0.144950316271488 ], [ 33.284103734106779, 0.130474638984021 ], [ 33.282306314155946, 0.122332176927728 ], [ 33.28500224617914, 0.115999107804044 ], [ 33.282306214391582, 0.112380253898661 ], [ 33.294887524283858, 0.112380128762822 ], [ 33.300279753018209, 0.134093325113469 ], [ 33.305671868321234, 0.144045159828609 ], [ 33.312861220837512, 0.146759214806758 ], [ 33.30657037118015, 0.131379091773279 ], [ 33.311063492319185, 0.114189395679898 ], [ 33.305671385427367, 0.101523396650097 ], [ 33.311962035229776, 0.10242805400648 ], [ 33.311063265543318, 0.090666729833457 ], [ 33.313759237390762, 0.088857271033766 ], [ 33.326340525519342, 0.091571311026346 ], [ 33.323644464377651, 0.082524167455837 ], [ 33.325441750956522, 0.078000569399057 ], [ 33.329036394256065, 0.078000541260957 ], [ 33.330833774553277, 0.085238256414968 ], [ 33.337124405059164, 0.086142917078437 ], [ 33.340719120525982, 0.094285322074727 ], [ 33.336225855026186, 0.097904228695204 ], [ 33.326340558888383, 0.095190177311617 ], [ 33.319151334897299, 0.102427982744459 ], [ 33.318252795382016, 0.114189316461414 ], [ 33.32544217736455, 0.121426968539152 ], [ 33.32184761620416, 0.12866474751131 ], [ 33.324543710172208, 0.136807163510713 ], [ 33.320050519075167, 0.14585439531119 ], [ 33.323645224895031, 0.149473210674814 ], [ 33.338023842080922, 0.150377708076623 ], [ 33.341618590257944, 0.156710657544738 ], [ 33.333530745866014, 0.163948515688251 ], [ 33.326341395030319, 0.161234485382724 ], [ 33.322746886384756, 0.170281711497742 ], [ 33.329037550189383, 0.171186320711248 ], [ 33.329936245054718, 0.172995737538953 ], [ 33.320949572541103, 0.171186458704521 ], [ 33.319152525313129, 0.18747139760468 ], [ 33.322747287484468, 0.192899632189146 ], [ 33.316456711859047, 0.197423337981418 ], [ 33.325443495531324, 0.203756179312679 ], [ 33.32005166314395, 0.211898741413063 ], [ 33.322747893434482, 0.222755286564397 ], [ 33.328139914916278, 0.223659882984269 ], [ 33.334430478589951, 0.219136161451462 ], [ 33.338025021249273, 0.213707787895041 ], [ 33.337126219974664, 0.207374799416795 ], [ 33.340720898446911, 0.20827943708217 ], [ 33.340721036502174, 0.214612443068941 ], [ 33.352403695283897, 0.21551689061122 ], [ 33.355099583106572, 0.210993258823226 ], [ 33.353302485836267, 0.220945153182829 ], [ 33.35689733975606, 0.229087488724514 ], [ 33.368579899654407, 0.226373053864414 ], [ 33.371275640721855, 0.216421151406588 ], [ 33.373073031516569, 0.219135242800011 ], [ 33.380262302604812, 0.218230349639642 ], [ 33.378465574347828, 0.240848179097558 ], [ 33.386553876065008, 0.252609186728113 ], [ 33.394641892490959, 0.254418361168355 ], [ 33.396439440511806, 0.261655980760687 ], [ 33.387452979830663, 0.267084525499657 ], [ 33.391047924882166, 0.27613151040961 ], [ 33.378466968865879, 0.286988455683621 ], [ 33.383859270782345, 0.296035381735038 ], [ 33.380264981148095, 0.306892039114163 ], [ 33.37487313229262, 0.311415788766595 ], [ 33.346115458273985, 0.304179062913142 ], [ 33.347912655978007, 0.299655433105796 ], [ 33.365885984254142, 0.297845418526761 ], [ 33.376669489453796, 0.282464958095468 ], [ 33.375770565615873, 0.274322583284918 ], [ 33.37307456861496, 0.2743226682058 ], [ 33.364986822990673, 0.282465333371191 ], [ 33.351506858808058, 0.284275179704818 ], [ 33.364986545282534, 0.273418206618321 ], [ 33.35869587715252, 0.273418397477679 ], [ 33.347012940838127, 0.264371598485189 ], [ 33.339823596801914, 0.264371798654985 ], [ 33.358695184638911, 0.248991137520928 ], [ 33.351505669298049, 0.24175361995921 ], [ 33.335329992106011, 0.254420050208528 ], [ 33.331735296141566, 0.253515427828994 ], [ 33.334431028201578, 0.24265876981237 ], [ 33.330836380168023, 0.243563574814496 ], [ 33.3281405994436, 0.252610803781917 ], [ 33.320951181897435, 0.249896833822211 ], [ 33.32005238286623, 0.244468553953871 ], [ 33.318255152658672, 0.248992182709367 ], [ 33.312863157256039, 0.249897030251504 ], [ 33.320951382722811, 0.258039285930152 ], [ 33.317356931747938, 0.26708654878457 ], [ 33.324546341427478, 0.268895792906309 ], [ 33.321850522940679, 0.27613359910878 ], [ 33.311965209948319, 0.278848017361427 ], [ 33.311965045143381, 0.272514993754956 ], [ 33.309269053586618, 0.273419781634922 ], [ 33.299383417873159, 0.263468127790006 ] ], [ [ 33.167276838717193, 0.156712789481684 ], [ 33.165479434678488, 0.149474983806057 ], [ 33.151999319917785, 0.149475081894515 ], [ 33.15110060886709, 0.144046719281673 ], [ 33.160985994029879, 0.139523012546526 ], [ 33.159188581795014, 0.12957101901397 ], [ 33.165479266793156, 0.125047340806546 ], [ 33.161884536232122, 0.118714269519765 ], [ 33.163681856179259, 0.114190620791523 ], [ 33.175364557062053, 0.106952734880631 ], [ 33.17716193303005, 0.112381086382679 ], [ 33.171769937404726, 0.118714209480425 ], [ 33.174466032384572, 0.130475644840343 ], [ 33.171770083630371, 0.140427662997925 ], [ 33.180756879511662, 0.148570135794132 ], [ 33.183452968059257, 0.156712653151323 ], [ 33.187946342850047, 0.157617339450921 ], [ 33.191541155885666, 0.170283473359853 ], [ 33.176263713839546, 0.1720930740342 ], [ 33.169972913316251, 0.163045858669665 ], [ 33.165479601258262, 0.170283716304481 ], [ 33.154695521101772, 0.172997990363215 ], [ 33.150202114844348, 0.169379114070307 ], [ 33.154695408787298, 0.158522342784374 ], [ 33.167276838717193, 0.156712789481684 ] ], [ [ 33.566280433288163, 0.139516706631336 ], [ 33.551003627618663, 0.138612382587571 ], [ 33.547409189960355, 0.143135915229786 ], [ 33.542017265531001, 0.138612591357676 ], [ 33.5438143782591, 0.131375027533443 ], [ 33.552800795237239, 0.134088895796622 ], [ 33.558192463261157, 0.127755955943847 ], [ 33.56268569138313, 0.13046991948468 ], [ 33.571671938235355, 0.126850971599585 ], [ 33.579759463185688, 0.119613312870394 ], [ 33.577063442627058, 0.113280574119611 ], [ 33.579759228531856, 0.107852411704537 ], [ 33.587847150107905, 0.120517823058551 ], [ 33.585151567999588, 0.134088138867607 ], [ 33.586949336903821, 0.153991132988134 ], [ 33.580658944366576, 0.154895990949566 ], [ 33.576165640779266, 0.149468002887875 ], [ 33.570774012878061, 0.155800947396716 ], [ 33.564483577292705, 0.155801118004817 ], [ 33.562686144144038, 0.149468354726952 ], [ 33.566280433288163, 0.139516706631336 ] ], [ [ 33.781048860664278, 0.126845462471916 ], [ 33.766671219237168, 0.122322646373164 ], [ 33.758583252494411, 0.098801938585995 ], [ 33.758583191788759, 0.096087984043607 ], [ 33.7675691294084, 0.095183132362679 ], [ 33.764873190776306, 0.087945991156952 ], [ 33.769366109646164, 0.085231950491616 ], [ 33.795425151939597, 0.079803556065857 ], [ 33.794526634407276, 0.083422148661288 ], [ 33.804411251630135, 0.090659079145484 ], [ 33.80890412334508, 0.087945056646968 ], [ 33.806208252658976, 0.082517268271003 ], [ 33.808903904081639, 0.077089369693415 ], [ 33.824179775466796, 0.074375163423872 ], [ 33.823281297700071, 0.079803004267213 ], [ 33.825977155394625, 0.085230770104104 ], [ 33.831368661595327, 0.086135288784697 ], [ 33.832267363467459, 0.091563080583703 ], [ 33.833165783348818, 0.084325979169154 ], [ 33.842151554334592, 0.083421151540629 ], [ 33.85023888868362, 0.089753393903823 ], [ 33.861920238654946, 0.084325348893979 ], [ 33.861021606530613, 0.081611483395889 ], [ 33.866413063167975, 0.08251599405498 ], [ 33.869108683454876, 0.077992802024664 ], [ 33.873601614579975, 0.081611210302163 ], [ 33.884384405820484, 0.079801727369674 ], [ 33.896964541130032, 0.088847650537941 ], [ 33.891573191164497, 0.0906570240657 ], [ 33.889775971486905, 0.087038582492838 ], [ 33.878094504022236, 0.083420360583512 ], [ 33.876297467449064, 0.087943525031747 ], [ 33.878993240910283, 0.090657333714735 ], [ 33.870906085960243, 0.08975290432436 ], [ 33.871804744591458, 0.09337138641057 ], [ 33.879891876696171, 0.093371183575823 ], [ 33.874500595253537, 0.098799070532869 ], [ 33.866413426871574, 0.097894656631679 ], [ 33.860123278843503, 0.092467047373101 ], [ 33.843050606265258, 0.1033230526481 ], [ 33.835861813032608, 0.096990802935226 ], [ 33.834064766405895, 0.101514021754041 ], [ 33.838557883427271, 0.109655608884643 ], [ 33.834963639915934, 0.112369613895941 ], [ 33.829571956207438, 0.105132681593189 ], [ 33.823281881199684, 0.105132849203201 ], [ 33.825079320069641, 0.115083807326413 ], [ 33.817890651558301, 0.115084015758094 ], [ 33.805310853528802, 0.128653996553574 ], [ 33.802615352163016, 0.136795859667417 ], [ 33.794527988250564, 0.134986843128086 ], [ 33.796324883948159, 0.125940350423884 ], [ 33.791831826216196, 0.122321910840142 ], [ 33.781048860664278, 0.126845462471916 ] ], [ [ 33.126836337928978, 0.134999577398002 ], [ 33.125038926177353, 0.122333378602145 ], [ 33.127734933082046, 0.118714449555293 ], [ 33.14031636273404, 0.116904930966264 ], [ 33.14211366256319, 0.106952908002324 ], [ 33.153796415348545, 0.106952851308044 ], [ 33.153796457417663, 0.11509540379505 ], [ 33.148404421660231, 0.116000160829724 ], [ 33.149303129284554, 0.122333253736048 ], [ 33.145708439020808, 0.123238002011015 ], [ 33.143911146724562, 0.133190024808504 ], [ 33.126836337928978, 0.134999577398002 ] ], [ [ 33.092686568853395, 0.106048368181855 ], [ 33.079206449261839, 0.109667327728989 ], [ 33.072017027729686, 0.102429501059588 ], [ 33.090889190946534, 0.096096341398837 ], [ 33.08729446940081, 0.087049047944542 ], [ 33.095382530036396, 0.082525377785376 ], [ 33.103470610897396, 0.087049006755724 ], [ 33.105267983096368, 0.095191570031899 ], [ 33.108862672332293, 0.092477369693198 ], [ 33.119646796842638, 0.102429357680857 ], [ 33.124140157202405, 0.099715152865795 ], [ 33.126836189538139, 0.102429329848811 ], [ 33.120545499032012, 0.109667188871361 ], [ 33.113356099612012, 0.10876248759504 ], [ 33.107065389758382, 0.112381429701808 ], [ 33.103470674386543, 0.107857793489244 ], [ 33.092686568853395, 0.106048368181855 ] ], [ [ 33.251751244159536, 0.068049129929153 ], [ 33.240967146361108, 0.045431102737937 ], [ 33.25534576023837, 0.027336606611558 ], [ 33.252649755279698, 0.023717722301959 ], [ 33.258041740190798, 0.017384657369055 ], [ 33.255345736087932, 0.011051604791795 ], [ 33.267028388601531, 0.013765758882162 ], [ 33.275116400183521, 0.03005072525254 ], [ 33.287697716875883, 0.037288451696783 ], [ 33.290393726246933, 0.042716760784812 ], [ 33.294887045737084, 0.043621462860167 ], [ 33.300279005595442, 0.039097847114072 ], [ 33.308366975633973, 0.041811972122345 ], [ 33.30746834429857, 0.049049721663238 ], [ 33.30297504995368, 0.052668616805656 ], [ 33.294887064256848, 0.048145059361693 ], [ 33.28949510026699, 0.051763961568849 ], [ 33.285001871000496, 0.06895366379123 ], [ 33.280508565281984, 0.07166785197825 ], [ 33.260737893225297, 0.065334916094769 ], [ 33.251751244159536, 0.068049129929153 ] ], [ [ 32.764670774300136, -0.040517628649779 ], [ 32.770062765953185, -0.045041264385365 ], [ 32.776353452132959, -0.041422386389436 ], [ 32.778150827757152, -0.02332790069741 ], [ 32.795225524657468, -0.026946828956671 ], [ 32.797022879711712, -0.013375947191057 ], [ 32.807806916886229, -0.005233419726334 ], [ 32.804212239221791, -0.002519240451896 ], [ 32.805110907649315, 0.0065280204172 ], [ 32.82398296298485, 0.024622568840034 ], [ 32.822185615394723, 0.02914620134561 ], [ 32.816793597300872, 0.026432012512385 ], [ 32.816793588530253, 0.031860372777932 ], [ 32.807806882924204, 0.034574535023412 ], [ 32.80600952026294, 0.044526518934536 ], [ 32.799718835003901, 0.043621776201156 ], [ 32.802414852728376, 0.040002879580406 ], [ 32.800617537854222, 0.028241439134771 ], [ 32.796124191553567, 0.028241431288135 ], [ 32.791630831976413, 0.035479226015184 ], [ 32.782644145171091, 0.035479205201614 ], [ 32.781745492011545, 0.028241405003834 ], [ 32.775454820217291, 0.025527219822681 ], [ 32.779049507687112, 0.013765806343405 ], [ 32.764670827659131, 0.011956345122196 ], [ 32.764670830781817, 0.0074327266889 ], [ 32.774556174439049, 0.00200438596769 ], [ 32.773657502961051, -0.010661753830662 ], [ 32.761974827550212, -0.010661744961614 ], [ 32.760177497188167, -0.004328679823509 ], [ 32.752089498403727, -0.003423954361736 ], [ 32.752988165157667, 0.000194937025491 ], [ 32.748494834044159, 0.00200438214742 ], [ 32.750292160520864, -0.01247118108441 ], [ 32.753886823942459, -0.014280630425045 ], [ 32.764670774300136, -0.040517628649779 ] ], [ [ 32.929127664808362, -0.000709791973644 ], [ 32.939911753645639, 0.011051709164506 ], [ 32.951594520512344, 0.010146980268207 ], [ 32.943506449577342, 0.016480095432577 ], [ 32.947101144763089, 0.023717944268424 ], [ 32.921938268548452, 0.019194279669091 ], [ 32.919242248929208, 0.013765895624363 ], [ 32.912951531183211, 0.016480084349463 ], [ 32.90576214343168, 0.012861160507974 ], [ 32.902167448672408, 0.014670619228963 ], [ 32.900370102881737, 0.011956428454334 ], [ 32.903964798452911, 0.004718589024254 ], [ 32.898572758273708, -0.001614521343107 ], [ 32.916546229763149, -0.000709791762323 ], [ 32.91924225121263, -0.001614522275349 ], [ 32.918343576786413, -0.007042904906447 ], [ 32.92193827231366, -0.007042905526474 ], [ 32.921938272824505, -0.002519252905584 ], [ 32.929127664808362, -0.000709791973644 ] ], [ [ 33.672316209011086, -0.026945134572884 ], [ 33.669620308520038, -0.010661104546996 ], [ 33.672316136351441, -0.00342374931904 ], [ 33.677707807232792, -0.001614410188372 ], [ 33.67770781020743, 0.005622931048432 ], [ 33.669620297127615, 0.001099594612805 ], [ 33.656141084808255, 0.002908940916488 ], [ 33.655242469086602, -0.002519089410266 ], [ 33.637270149420779, -0.016089223847672 ], [ 33.640864655299033, -0.024231282047863 ], [ 33.655242531092547, -0.025135884612529 ], [ 33.656141122525177, -0.019707850207257 ], [ 33.661532812486094, -0.019707828737198 ], [ 33.672316209011086, -0.026945134572884 ] ], [ [ 32.763772057571614, -0.054993203965285 ], [ 32.761974767127356, -0.042327067731475 ], [ 32.752988134256768, -0.028756195916472 ], [ 32.744900147884159, -0.024232566310376 ], [ 32.745798796055794, -0.032375069638704 ], [ 32.756582750197417, -0.046850666604388 ], [ 32.754785345826235, -0.064040397662741 ], [ 32.743102753790438, -0.046850618154488 ], [ 32.736812093653974, -0.046850594651094 ], [ 32.739508033096925, -0.060421434015597 ], [ 32.73591331800948, -0.070373355054619 ], [ 32.728724013951862, -0.066754428931714 ], [ 32.726926721405242, -0.059516650806586 ], [ 32.714345441079089, -0.054992986451669 ], [ 32.715244027419082, -0.069468512534725 ], [ 32.728723943829372, -0.07851580382918 ], [ 32.721534572297209, -0.085753520995562 ], [ 32.719737180274365, -0.093895991846744 ], [ 32.706257188294579, -0.09661003856721 ], [ 32.704459934676173, -0.08756283058577 ], [ 32.699966594882554, -0.090276951233492 ], [ 32.699966508823543, -0.100228858652423 ], [ 32.695473191180902, -0.100228816903574 ], [ 32.694574592498604, -0.092991061258009 ], [ 32.68468936501116, -0.085753233321904 ], [ 32.681094694608724, -0.088467355064804 ], [ 32.683790633017516, -0.093895683145203 ], [ 32.680195959931368, -0.096609801697464 ], [ 32.680195898785804, -0.102942821774097 ], [ 32.670310657020366, -0.099323855378935 ], [ 32.664918654687028, -0.102942663848757 ], [ 32.673006528216369, -0.110180480412816 ], [ 32.685587827537567, -0.107466463878961 ], [ 32.6846891175175, -0.111990042273244 ], [ 32.688283749909253, -0.113799516687618 ], [ 32.699067749810432, -0.110180756886282 ], [ 32.70985169564068, -0.11289502354537 ], [ 32.725128873824289, -0.126465985700549 ], [ 32.729622216584019, -0.125561312025971 ], [ 32.731419622091231, -0.118323560105695 ], [ 32.741305048255136, -0.108371712123853 ], [ 32.763771745920096, -0.108371896896178 ], [ 32.761974372670778, -0.112895500111606 ], [ 32.751190321571393, -0.116514300209106 ], [ 32.740406159192212, -0.131894475886842 ], [ 32.761075627221508, -0.121942726813994 ], [ 32.766467641735865, -0.121942774447452 ], [ 32.767366271476185, -0.12646640137673 ], [ 32.771859611620606, -0.127371165630416 ], [ 32.781745041804754, -0.120133454063119 ], [ 32.795225120017754, -0.117419382566655 ], [ 32.800617213534778, -0.107467437785997 ], [ 32.815894681695312, -0.097515541306898 ], [ 32.817692150221752, -0.070373748979094 ], [ 32.805110794719788, -0.062231162974784 ], [ 32.80061744167282, -0.063135871913566 ], [ 32.788934664161147, -0.079420878648898 ], [ 32.793428012174381, -0.079420901502116 ], [ 32.794326644528013, -0.086658709870867 ], [ 32.788035908785197, -0.094801200986349 ], [ 32.779049278468271, -0.08394444953381 ], [ 32.768265238419964, -0.086658558396252 ], [ 32.769163943755785, -0.080325496212654 ], [ 32.779049331009269, -0.073992479156275 ], [ 32.769163987123491, -0.072182980560176 ], [ 32.770062693857874, -0.064040468944562 ], [ 32.763772057571614, -0.054993203965285 ] ], [ [ 32.609201890815875, -0.100227894987859 ], [ 32.618188403706476, -0.103846846162922 ], [ 32.631668297353727, -0.100228157099481 ], [ 32.635262887028517, -0.103847049139822 ], [ 32.636161605399757, -0.098418781704423 ], [ 32.63346567109258, -0.094799901164019 ], [ 32.613695258913424, -0.092085552876619 ], [ 32.612796660456773, -0.086657279769286 ], [ 32.60650610457629, -0.083943084904224 ], [ 32.584938408856708, -0.085752275341337 ], [ 32.586735642674654, -0.092085248501758 ], [ 32.598418069557887, -0.097513636752801 ], [ 32.605607334461574, -0.094799593020584 ], [ 32.609201890815875, -0.100227894987859 ] ], [ [ 33.675013605006917, -0.126458615165509 ], [ 33.689391457798784, -0.12826756554945 ], [ 33.686695770259213, -0.133695633950771 ], [ 33.68939197607277, -0.146360873280075 ], [ 33.701073919862843, -0.146360508726305 ], [ 33.701074062477801, -0.150883824347568 ], [ 33.706465662062719, -0.149074324621812 ], [ 33.70736441749893, -0.15359760504421 ], [ 33.718148023824391, -0.16264384054065 ], [ 33.716350409268827, -0.150883323363611 ], [ 33.720843126026935, -0.140931922464972 ], [ 33.717248511843174, -0.134599414521254 ], [ 33.722639964606849, -0.128266642139355 ], [ 33.731625929690921, -0.125552413899989 ], [ 33.732524360947764, -0.119219790344803 ], [ 33.727132694114822, -0.117410618251658 ], [ 33.718146321210384, -0.103840955223726 ], [ 33.716348807448618, -0.089366433779625 ], [ 33.709159909506191, -0.086652589466013 ], [ 33.706464439268345, -0.103841220221349 ], [ 33.691188087575533, -0.103841560200448 ], [ 33.683100789809373, -0.112888403221803 ], [ 33.665128512535027, -0.112888822669845 ], [ 33.664230088328821, -0.121030874480726 ], [ 33.669621737015611, -0.119221402756949 ], [ 33.670520440693778, -0.122840056574348 ], [ 33.66602743229307, -0.12555417905947 ], [ 33.666926164657788, -0.130077504101136 ], [ 33.66333167674663, -0.129172929193127 ], [ 33.663331820438557, -0.134600950878706 ], [ 33.672317904471214, -0.131886697306202 ], [ 33.675013605006917, -0.126458615165509 ] ], [ [ 32.265022900586516, -0.198829484321956 ], [ 32.285691621398207, -0.180737187844345 ], [ 32.295576364562699, -0.179832914065553 ], [ 32.273111699798541, -0.165357499540931 ], [ 32.26142970626632, -0.168975687936691 ], [ 32.265922341384339, -0.178927081222732 ], [ 32.265023405256258, -0.187068952052683 ], [ 32.262327476701969, -0.189782805518536 ], [ 32.255138722255559, -0.187973186753523 ], [ 32.254240003287947, -0.190687110495813 ], [ 32.265022900586516, -0.198829484321956 ] ], [ [ 32.298271843529136, -0.188879648239566 ], [ 32.304561532654347, -0.203354529516225 ], [ 32.32073686809774, -0.197022552135821 ], [ 32.322533879086116, -0.20245063134089 ], [ 32.330621402419538, -0.20335563859104 ], [ 32.332418103534735, -0.216021085436051 ], [ 32.340505803648504, -0.213307428242527 ], [ 32.339607373487738, -0.20878403571985 ], [ 32.334215690902688, -0.207879137043127 ], [ 32.329723254910711, -0.191594904880894 ], [ 32.324331621428819, -0.189785355802738 ], [ 32.320737398706314, -0.183452543210117 ], [ 32.298271843529136, -0.188879648239566 ] ], [ [ 32.297367389239284, -0.301057788167671 ], [ 32.301860997469653, -0.292916107117959 ], [ 32.299165363875886, -0.289297285731237 ], [ 32.287482939452147, -0.295629178229894 ], [ 32.286583736676207, -0.304675725286052 ], [ 32.291975502256683, -0.303771421770178 ], [ 32.291975085821605, -0.310104052732175 ], [ 32.275799416380046, -0.318244876196034 ], [ 32.265914648493521, -0.318244172756374 ], [ 32.259624673301133, -0.313720444897515 ], [ 32.263219376806795, -0.310102077144503 ], [ 32.256929772847741, -0.300150434847099 ], [ 32.261423130869161, -0.295627463994179 ], [ 32.260524757401981, -0.29200878269486 ], [ 32.255133094730859, -0.292008424341555 ], [ 32.256031100802332, -0.301055027681343 ], [ 32.247943361624763, -0.304673079755106 ], [ 32.220985292874524, -0.302861857581523 ], [ 32.218289156475528, -0.307384893888351 ], [ 32.205708861287334, -0.305574672176931 ], [ 32.201215592331693, -0.3091929071609 ], [ 32.201215183114776, -0.314620762676978 ], [ 32.19582406489306, -0.308287856006416 ], [ 32.18504082767484, -0.309191669607981 ], [ 32.177851643112987, -0.314618935618421 ], [ 32.167068660050454, -0.312808804894251 ], [ 32.15628669468893, -0.298333819923433 ], [ 32.163476800437358, -0.279337057175262 ], [ 32.158984428704706, -0.271195036977057 ], [ 32.163477978406583, -0.262149009440558 ], [ 32.1715652162571, -0.263054186691922 ], [ 32.175160102556575, -0.25491269518857 ], [ 32.185044884890594, -0.250390133477468 ], [ 32.186842882202733, -0.236820653669399 ], [ 32.197626300332843, -0.231393434855604 ], [ 32.197626502041345, -0.227774867206903 ], [ 32.186843246278507, -0.230488177237353 ], [ 32.183249290233078, -0.223250860684849 ], [ 32.17426267776834, -0.235915268310629 ], [ 32.157189371771317, -0.238628135766291 ], [ 32.147305174799342, -0.23500900111481 ], [ 32.142813018304466, -0.222343914144343 ], [ 32.13472580489038, -0.222343439198658 ], [ 32.128435275833972, -0.230484699356612 ], [ 32.116753621053697, -0.233197843847019 ], [ 32.108666961251288, -0.225055741543885 ], [ 32.090695279493715, -0.229577707377962 ], [ 32.078115973356311, -0.219626149732472 ], [ 32.066434658089406, -0.219625419770126 ], [ 32.076317385615361, -0.24224135963044 ], [ 32.072722816469181, -0.246764172114254 ], [ 32.054751314426746, -0.250381327717954 ], [ 32.058345033135453, -0.257618453575092 ], [ 32.065533467291431, -0.258523596407911 ], [ 32.073619745028054, -0.269379538518865 ], [ 32.085301059517747, -0.27028504201382 ], [ 32.088895805260371, -0.263953001899764 ], [ 32.104171066421728, -0.27028645804443 ], [ 32.104169907579049, -0.285664995120168 ], [ 32.117647717664283, -0.296521522609623 ], [ 32.105964937992574, -0.311899123001387 ], [ 32.107761555441471, -0.318231621145658 ], [ 32.117646089114665, -0.316423230944508 ], [ 32.124834363025784, -0.320946968165431 ], [ 32.139211722095993, -0.320948196503726 ], [ 32.156284458272559, -0.326377422703555 ], [ 32.16347266584684, -0.332710465169992 ], [ 32.176951813640272, -0.329997695147074 ], [ 32.185038592377857, -0.337235476898041 ], [ 32.188632988774515, -0.337235779191772 ], [ 32.19132966961304, -0.326380320883044 ], [ 32.195822953538162, -0.322762118097867 ], [ 32.199417354343296, -0.322762403581223 ], [ 32.202112730489013, -0.328190473420021 ], [ 32.205707422624002, -0.324572187216755 ], [ 32.212896246020094, -0.324572753027013 ], [ 32.220084662638477, -0.330001193841913 ], [ 32.226375046941769, -0.328192392253579 ], [ 32.230867736083376, -0.332715986105993 ], [ 32.229968632277505, -0.339048457146072 ], [ 32.234461678035665, -0.339048815845353 ], [ 32.239852696606157, -0.347191101481044 ], [ 32.235357842666382, -0.36890233447855 ], [ 32.243445211330155, -0.370712333589923 ], [ 32.247040050819123, -0.366189380305505 ], [ 32.252431668300346, -0.367094488062637 ], [ 32.249732656483815, -0.403280375588572 ], [ 32.24434102737402, -0.402375221782954 ], [ 32.242544453052354, -0.395137843294441 ], [ 32.236254631485053, -0.389709363372321 ], [ 32.229065386861102, -0.393327298065034 ], [ 32.222775344523392, -0.390612769286169 ], [ 32.217383506695832, -0.392421557503359 ], [ 32.220078579572352, -0.400563629939137 ], [ 32.211990110389195, -0.410513943556477 ], [ 32.191320792294285, -0.423176828600258 ], [ 32.176942978856026, -0.424079943139834 ], [ 32.181434855753828, -0.434936077663584 ], [ 32.173347292193917, -0.435839826316997 ], [ 32.170650675701545, -0.443076611302782 ], [ 32.181433371035268, -0.448505645820443 ], [ 32.182331374913595, -0.453933575285386 ], [ 32.17604017565732, -0.462074585985085 ], [ 32.167054607825037, -0.457550358341951 ], [ 32.1670542939084, -0.46026426196177 ], [ 32.174242955606012, -0.462074375909251 ], [ 32.175140405449696, -0.472025481170665 ], [ 32.169748418629055, -0.474738740639423 ], [ 32.162559975631069, -0.471119334051621 ], [ 32.160761666722195, -0.480165446734216 ], [ 32.152673746572461, -0.483782966955224 ], [ 32.15357190425388, -0.487401605180268 ], [ 32.166152218354647, -0.489212453553302 ], [ 32.158960687490307, -0.510018099040673 ], [ 32.155366120539455, -0.510922256871387 ], [ 32.150874473479305, -0.500066092981012 ], [ 32.143685370178304, -0.501874410780287 ], [ 32.142787231713271, -0.498255777319114 ], [ 32.14009129352371, -0.499160051752619 ], [ 32.1373945244816, -0.506396715905243 ], [ 32.141887562568286, -0.50639731623964 ], [ 32.14278545401077, -0.511825208222825 ], [ 32.150871986087395, -0.51906333617732 ], [ 32.148175786882959, -0.521776861091646 ], [ 32.142784850827802, -0.516348351728635 ], [ 32.13919016977033, -0.518157118460922 ], [ 32.139189556596861, -0.522680257591841 ], [ 32.144580973941572, -0.524490257419162 ], [ 32.140985160784147, -0.534440672321661 ], [ 32.144580109009397, -0.530822661039345 ], [ 32.152667627630208, -0.53082378193719 ], [ 32.153565251171131, -0.538060955343688 ], [ 32.159855811096925, -0.536252565340571 ], [ 32.159854942670783, -0.542584993867449 ], [ 32.163449414393739, -0.542585495290773 ], [ 32.171537965739539, -0.535349532817942 ], [ 32.171538570239363, -0.530826355969171 ], [ 32.16524872942928, -0.527206968675939 ], [ 32.174237362588364, -0.508210818251854 ], [ 32.170643817086983, -0.500973272671735 ], [ 32.184123608400704, -0.496451784540532 ], [ 32.193108677242762, -0.505499298182052 ], [ 32.195805530973949, -0.497357866229299 ], [ 32.206589192107351, -0.495549893357095 ], [ 32.207488242070923, -0.491931427387094 ], [ 32.196705555340102, -0.485597640996564 ], [ 32.196706086771655, -0.48107443496351 ], [ 32.205692893777055, -0.475647634719972 ], [ 32.192215192638066, -0.462076456075828 ], [ 32.194012826982359, -0.458458098913306 ], [ 32.206592636952337, -0.465696661052013 ], [ 32.211984645958147, -0.462983336039969 ], [ 32.209289784218093, -0.453936593352984 ], [ 32.217377632537762, -0.451223541547317 ], [ 32.226363245714744, -0.456652395781553 ], [ 32.233552312593332, -0.455748521740739 ], [ 32.233553165510465, -0.44760667793061 ], [ 32.239843517462383, -0.447607337025947 ], [ 32.253321856434617, -0.457559919144056 ], [ 32.252422759624707, -0.462083091208536 ], [ 32.240740338342199, -0.464795796362264 ], [ 32.239841130033803, -0.470223602672906 ], [ 32.255117689307326, -0.47112991424768 ], [ 32.252420831292127, -0.480176155720212 ], [ 32.258710156477136, -0.490128044658132 ], [ 32.26769716589272, -0.483796445631224 ], [ 32.265900768549969, -0.475654346358275 ], [ 32.267698600278756, -0.470226600437166 ], [ 32.273989021145297, -0.470227261867086 ], [ 32.273091315764852, -0.461180593051704 ], [ 32.27668574922869, -0.462085619885677 ], [ 32.283873336362497, -0.476560906972832 ], [ 32.289265976694352, -0.468419523077691 ], [ 32.2982520644942, -0.471134422097575 ], [ 32.298253049556088, -0.461183135114114 ], [ 32.288368513199089, -0.456658844455449 ], [ 32.29286255725232, -0.447612676481962 ], [ 32.290167434464379, -0.439470465953597 ], [ 32.287471626147337, -0.438565547149438 ], [ 32.286572651268933, -0.442184101875979 ], [ 32.280282411088947, -0.440374172680794 ], [ 32.282980077172425, -0.421376584003337 ], [ 32.288372499721213, -0.414139796639822 ], [ 32.288373611936542, -0.401474547440817 ], [ 32.277590964590779, -0.391522351549933 ], [ 32.273998724750726, -0.364382303339265 ], [ 32.282986330376971, -0.346289833871382 ], [ 32.288378456434444, -0.340862278140226 ], [ 32.296465918821838, -0.3426722011203 ], [ 32.306351671094667, -0.330007626493677 ], [ 32.311743413734078, -0.330008003531715 ], [ 32.318033289627188, -0.337245772038516 ], [ 32.332411513329859, -0.334532767781833 ], [ 32.332411695995106, -0.331818760073809 ], [ 32.32522321969342, -0.323676257894858 ], [ 32.310844975538508, -0.327293945340832 ], [ 32.311744505298144, -0.313724026887709 ], [ 32.308149955717461, -0.314628452937691 ], [ 32.307251805384041, -0.307391076689517 ], [ 32.298265658248937, -0.306485823235973 ], [ 32.297367389239284, -0.301057788167671 ] ], [ [ 32.369260288639943, -0.246781655033416 ], [ 32.356679809377816, -0.240448331940965 ], [ 32.351288761419653, -0.225068636808041 ], [ 32.346795441923533, -0.229591795102489 ], [ 32.342302492364432, -0.225972902867898 ], [ 32.323431589537051, -0.223258027210011 ], [ 32.313546584831514, -0.227780895255609 ], [ 32.322532548735033, -0.232304661117388 ], [ 32.327924005398614, -0.237732931652226 ], [ 32.327923695155562, -0.244065611492108 ], [ 32.333315287440307, -0.246779890266869 ], [ 32.336909775907309, -0.24678007114309 ], [ 32.339606124833843, -0.2368288283849 ], [ 32.345896569299818, -0.235019784941637 ], [ 32.348592185589332, -0.240447945861719 ], [ 32.345895875244857, -0.249494534591768 ], [ 32.355779980811434, -0.264874476995983 ], [ 32.369259541692841, -0.262161147044646 ], [ 32.379144019893424, -0.271208421384801 ], [ 32.382739217886751, -0.257638431665224 ], [ 32.379145333525884, -0.244068090015237 ], [ 32.37375359964193, -0.243163161565193 ], [ 32.369260288639943, -0.246781655033416 ] ], [ [ 32.613690100699138, -0.311025504411824 ], [ 32.609196461799343, -0.319167727050588 ], [ 32.602007019684265, -0.321881576852745 ], [ 32.596615019386348, -0.32188136358601 ], [ 32.58493272507679, -0.312833819754171 ], [ 32.572351507813572, -0.311023899713207 ], [ 32.576844714099963, -0.31373820080944 ], [ 32.575047017145451, -0.322785187852315 ], [ 32.566958852452828, -0.327308369703786 ], [ 32.566958617715557, -0.332736600025076 ], [ 32.572350407341801, -0.33726036524152 ], [ 32.581337062775248, -0.337260758550799 ], [ 32.582235534746523, -0.341784331617663 ], [ 32.584931955943894, -0.331832670576807 ], [ 32.591222768066729, -0.328214102722834 ], [ 32.593918767643878, -0.328214213283089 ], [ 32.595715732944626, -0.337261370473037 ], [ 32.610993169704805, -0.33545257708521 ], [ 32.615486692269648, -0.330929203104289 ], [ 32.610993487309173, -0.327310186430656 ], [ 32.616385905469393, -0.316453867498101 ], [ 32.613690100699138, -0.311025504411824 ] ], [ [ 32.522923820627952, -0.340876850655504 ], [ 32.524720506791219, -0.3535427359089 ], [ 32.516632377916949, -0.357161110019851 ], [ 32.509442567604765, -0.367112400413593 ], [ 32.502253242094625, -0.368016697080731 ], [ 32.513037060881878, -0.369826692503172 ], [ 32.535504125141479, -0.359876192907912 ], [ 32.534606615688467, -0.336353921128779 ], [ 32.523822744362164, -0.335448697845317 ], [ 32.523823090406047, -0.328211100969868 ], [ 32.512140805265858, -0.32278234582252 ], [ 32.509444706857181, -0.32549630835384 ], [ 32.516633741862087, -0.330020151112979 ], [ 32.516633477692842, -0.335448343017672 ], [ 32.522923820627952, -0.340876850655504 ] ], [ [ 32.362063686201168, -0.37343576010471 ], [ 32.373745795965895, -0.376150635502453 ], [ 32.378239315827827, -0.371627572169373 ], [ 32.391719121893303, -0.368914478014409 ], [ 32.406996002133219, -0.369820198359916 ], [ 32.425867923079402, -0.36439333575816 ], [ 32.429462852687422, -0.358965450558173 ], [ 32.410591113998038, -0.361678294129953 ], [ 32.409692932294739, -0.354440773943759 ], [ 32.401605489592917, -0.349012163319152 ], [ 32.406099261376895, -0.339965628919654 ], [ 32.395315569668384, -0.339964955138815 ], [ 32.395316070080177, -0.331822832139604 ], [ 32.388126904524214, -0.332727066264035 ], [ 32.38093830493878, -0.324584513623946 ], [ 32.378241722783109, -0.335440476403025 ], [ 32.373748367587396, -0.338154217921713 ], [ 32.385430075439999, -0.347201756031379 ], [ 32.383632383724461, -0.353534386536025 ], [ 32.389922744835282, -0.355344163540319 ], [ 32.389922386041697, -0.360772239831352 ], [ 32.372847667756652, -0.368913159161211 ], [ 32.364760743239671, -0.357151806281702 ], [ 32.357571781669066, -0.355341955723985 ], [ 32.355773748397418, -0.366197910938176 ], [ 32.362063686201168, -0.37343576010471 ] ], [ [ 32.441145115604932, -0.361680239841288 ], [ 32.430360644652076, -0.372535796721385 ], [ 32.442043262387749, -0.36982248580739 ], [ 32.446536516360581, -0.369822768996338 ], [ 32.446536347646514, -0.372536834476887 ], [ 32.428562816898292, -0.380677850667746 ], [ 32.429461287423372, -0.383391967996022 ], [ 32.457319614236738, -0.38158441091957 ], [ 32.455522532993307, -0.377965537215511 ], [ 32.461813331239803, -0.374347168739417 ], [ 32.480684931827923, -0.377062394978942 ], [ 32.481583907573324, -0.371634286706562 ], [ 32.463610966712395, -0.368919133155566 ], [ 32.460016838721522, -0.360776699323694 ], [ 32.477990115777047, -0.357158982388177 ], [ 32.483382445379583, -0.349921737096225 ], [ 32.488774375418352, -0.349922034457929 ], [ 32.486078112158381, -0.355350052481414 ], [ 32.4896727352833, -0.355350253093864 ], [ 32.495963814684153, -0.346303642925637 ], [ 32.490572262950892, -0.339065792412875 ], [ 32.487876156472588, -0.341779733221822 ], [ 32.470801892161134, -0.339064724831527 ], [ 32.463612279475221, -0.346301855596612 ], [ 32.451030963562822, -0.349919887416987 ], [ 32.446537874333288, -0.347205556019041 ], [ 32.449234236178299, -0.339968202818578 ], [ 32.443842398326488, -0.339063203547417 ], [ 32.438450304641847, -0.342681639432622 ], [ 32.442044364494087, -0.351728729370657 ], [ 32.441145115604932, -0.361680239841288 ] ], [ [ 32.294667106159636, -0.363479294292397 ], [ 32.28837573273313, -0.376144047864476 ], [ 32.290172465561547, -0.38247682273146 ], [ 32.286577210313759, -0.391523126172666 ], [ 32.297360425858912, -0.395142692733638 ], [ 32.300055155294686, -0.408712866207178 ], [ 32.305447324535812, -0.404190017466596 ], [ 32.310838957720868, -0.4059998099197 ], [ 32.309040523452005, -0.419569625507794 ], [ 32.31443200759184, -0.423188765711864 ], [ 32.317128771337444, -0.413237676948717 ], [ 32.325216633917286, -0.411429037247966 ], [ 32.332407547531098, -0.388812918591861 ], [ 32.319826325242758, -0.393335241514162 ], [ 32.317131228467083, -0.383383690992127 ], [ 32.322523717019337, -0.374337449169744 ], [ 32.321625500616946, -0.368909376350621 ], [ 32.314436605393951, -0.367099490091495 ], [ 32.309044418893926, -0.372527060876944 ], [ 32.307248135801274, -0.359861616892929 ], [ 32.294667106159636, -0.363479294292397 ] ], [ [ 32.534602974345326, -0.406015893516678 ], [ 32.524717481834791, -0.408729413323379 ], [ 32.516629811927395, -0.403300736389107 ], [ 32.518427510763942, -0.396967952359417 ], [ 32.528313230703304, -0.389730925330156 ], [ 32.527415064364511, -0.380683874856907 ], [ 32.536401561541403, -0.383398469398264 ], [ 32.541792969065867, -0.394255183497686 ], [ 32.548083542750945, -0.396064934817355 ], [ 32.550779885289948, -0.389732161726028 ], [ 32.544489263388648, -0.388827119449701 ], [ 32.541793554338817, -0.38339876159621 ], [ 32.547185834358629, -0.37797083523217 ], [ 32.553476405929899, -0.379780569738243 ], [ 32.555274286836145, -0.36892422048903 ], [ 32.561565039897509, -0.367115126109556 ], [ 32.558869260919103, -0.362591472597892 ], [ 32.550781228401505, -0.363495775241934 ], [ 32.551679623700437, -0.368924038892383 ], [ 32.545389013353258, -0.368019015257671 ], [ 32.542692458775164, -0.378875300184971 ], [ 32.535503425787269, -0.37344670890355 ], [ 32.526516450025952, -0.37977912536039 ], [ 32.516631507830866, -0.37344568459657 ], [ 32.510340830023672, -0.374350031818713 ], [ 32.509441763252646, -0.381587561976703 ], [ 32.514833427523691, -0.387016059644786 ], [ 32.514832960040437, -0.395158344272736 ], [ 32.496858826620176, -0.409632400831473 ], [ 32.504047908616677, -0.413251639101735 ], [ 32.500452797222557, -0.420488982509833 ], [ 32.492364939224942, -0.41867906702445 ], [ 32.489669299234848, -0.413250722271217 ], [ 32.470797062106207, -0.418677631412257 ], [ 32.463607847770646, -0.417772448632138 ], [ 32.461810775500375, -0.414153562074817 ], [ 32.455520109853516, -0.41505781933938 ], [ 32.466303518039837, -0.422296090276518 ], [ 32.462708567866642, -0.426819295107418 ], [ 32.486972488565932, -0.425916268630363 ], [ 32.48876945519477, -0.431344556481444 ], [ 32.483377289680448, -0.434058271401958 ], [ 32.484275645334371, -0.438581802875748 ], [ 32.479782263133401, -0.439486183136081 ], [ 32.482478067511622, -0.442200452700594 ], [ 32.479781566871196, -0.449437809215001 ], [ 32.484274574242825, -0.453961599535007 ], [ 32.488768159563129, -0.450343142548487 ], [ 32.490565303460002, -0.453057353630455 ], [ 32.484274122475028, -0.460294456792523 ], [ 32.477084857135175, -0.459389236924414 ], [ 32.477983060258609, -0.465722153891379 ], [ 32.470793255369486, -0.472054457568146 ], [ 32.465401258984677, -0.472054042386203 ], [ 32.463603579669027, -0.476577357220283 ], [ 32.457312921032589, -0.476576861177584 ], [ 32.453717759698002, -0.482909400462975 ], [ 32.447427032545995, -0.48381357698541 ], [ 32.444730670216892, -0.48833679513258 ], [ 32.448324885113117, -0.493765223968947 ], [ 32.458210072187789, -0.495575422283377 ], [ 32.461805179733247, -0.490147574192855 ], [ 32.469892835346975, -0.494671682142465 ], [ 32.493258690353706, -0.489245349233304 ], [ 32.495956096805472, -0.470246948419486 ], [ 32.490564145719013, -0.469341859636664 ], [ 32.491463269011227, -0.463009061226176 ], [ 32.495058134517606, -0.460295233639638 ], [ 32.512132733739442, -0.462105825602665 ], [ 32.514828930836352, -0.45939191709862 ], [ 32.513930865150527, -0.450344875406364 ], [ 32.508539029917564, -0.44763041952625 ], [ 32.50853926983963, -0.444011630276178 ], [ 32.522019768533951, -0.436774926863631 ], [ 32.518425606048211, -0.42863240774814 ], [ 32.527412345128447, -0.427728271432103 ], [ 32.536399893315142, -0.41325360618233 ], [ 32.534602974345326, -0.406015893516678 ] ], [ [ 32.490562538468026, -0.491054533118046 ], [ 32.489663798087939, -0.491959158686106 ], [ 32.490562469921933, -0.49195922781602 ], [ 32.490562538468026, -0.491054533118046 ] ], [ [ 32.405196514822933, -0.401483943030356 ], [ 32.394412213224761, -0.408720586446653 ], [ 32.396210569153588, -0.394245837081111 ], [ 32.373744610085225, -0.392434813462351 ], [ 32.367453642844836, -0.398767064983778 ], [ 32.349480276458486, -0.406003032681326 ], [ 32.346783178308314, -0.420477561132973 ], [ 32.362059113446172, -0.432239600210902 ], [ 32.371046152455456, -0.425002946907443 ], [ 32.364755937049097, -0.421383729087613 ], [ 32.367452302605791, -0.415955897659781 ], [ 32.365655589462911, -0.408718351817669 ], [ 32.377337948875045, -0.408719272134663 ], [ 32.374641238412003, -0.41867050435691 ], [ 32.376438384869765, -0.420480002342308 ], [ 32.380033109368213, -0.418670935417868 ], [ 32.380932247977647, -0.4123382628174 ], [ 32.389020128585834, -0.41143421270314 ], [ 32.390816867816248, -0.418671786343345 ], [ 32.393512810838132, -0.418671996742109 ], [ 32.408790583158002, -0.40872166489757 ], [ 32.405196514822933, -0.401483943030356 ] ], [ [ 32.406095162813671, -0.401484008792583 ], [ 32.406095228014358, -0.400579326799816 ], [ 32.405196580122265, -0.400579261185779 ], [ 32.405196514822933, -0.401483943030356 ], [ 32.406095162813671, -0.401484008792583 ] ], [ [ 32.340488870317252, -0.463901212200623 ], [ 32.343185383176305, -0.457568768084134 ], [ 32.347678685696202, -0.456664509030459 ], [ 32.348578056638672, -0.44852254365971 ], [ 32.357564893385202, -0.443999975496837 ], [ 32.358464156872238, -0.436762664148534 ], [ 32.347680518577349, -0.435857057914618 ], [ 32.327909788405421, -0.443092653370692 ], [ 32.320721008363925, -0.439473326023238 ], [ 32.309037384146464, -0.453946880695144 ], [ 32.309037039317857, -0.457565538947986 ], [ 32.315327419660207, -0.458470811839475 ], [ 32.334199036939765, -0.456663264877548 ], [ 32.333299468207741, -0.466614541326348 ], [ 32.340488870317252, -0.463901212200623 ] ], [ [ 32.304539283391875, -0.5027982836249 ], [ 32.300943841879054, -0.510939862963077 ], [ 32.291957619214379, -0.509129550103268 ], [ 32.28926129961615, -0.512747893782649 ], [ 32.298247023503897, -0.519081527970521 ], [ 32.297347067349577, -0.53084203502079 ], [ 32.305434270956766, -0.536270936780798 ], [ 32.313522705902201, -0.530843864000562 ], [ 32.30993018297, -0.511845505550333 ], [ 32.316220891704418, -0.510036852251855 ], [ 32.318018845838907, -0.50370438125888 ], [ 32.322511698721939, -0.507323520998893 ], [ 32.321613707697367, -0.500990758449829 ], [ 32.329701981210789, -0.496468254627572 ], [ 32.327905052883381, -0.492849398846745 ], [ 32.320715985528977, -0.491943997967223 ], [ 32.317122949528219, -0.476564306112977 ], [ 32.301845244069114, -0.48470473242184 ], [ 32.299147911805299, -0.498274390510818 ], [ 32.294654517090144, -0.500083231096762 ], [ 32.297349663365075, -0.507320819575371 ], [ 32.301843356738495, -0.502797993966282 ], [ 32.304539283391875, -0.5027982836249 ] ] ], [ [ [ 32.247055062992096, 0.048141516092846 ], [ 32.247953650029999, 0.049046178980151 ], [ 32.247953660033943, 0.048141526076417 ], [ 32.247055062992096, 0.048141516092846 ] ] ], [ [ [ 32.432169659051013, 0.049048007651303 ], [ 32.427676499803646, 0.049952655044454 ], [ 32.427676483867785, 0.051762026888748 ], [ 32.430372358026062, 0.053571424021437 ], [ 32.432169659051013, 0.049048007651303 ] ] ], [ [ [ 32.252446516483666, 0.058997421859026 ], [ 32.253345102646612, 0.059902088027632 ], [ 32.253345114797703, 0.058997434006234 ], [ 32.252446516483666, 0.058997421859026 ] ] ], [ [ [ 32.554383272469124, 0.150375763934587 ], [ 32.553484640384724, 0.14947104179976 ], [ 32.553484622059067, 0.150375745448433 ], [ 32.554383272469124, 0.150375763934587 ] ] ], [ [ [ 31.829217285621592, 0.286029900000069 ], [ 31.836406691666358, 0.271557942716567 ], [ 31.824726672513258, 0.267034107246369 ], [ 31.814844273319071, 0.256178715917834 ], [ 31.794179162789845, 0.255272245293019 ], [ 31.797772844851426, 0.257986176146862 ], [ 31.791482942213474, 0.263412747734788 ], [ 31.804061121658368, 0.269745698858237 ], [ 31.806755689828705, 0.278791301704907 ], [ 31.81124786565573, 0.281505364576114 ], [ 31.813045030195884, 0.279696477452236 ], [ 31.813044756243873, 0.282410084583649 ], [ 31.818435892402704, 0.280601562616536 ], [ 31.817537125670821, 0.283315082771567 ], [ 31.822927997497317, 0.284220174381559 ], [ 31.823826124104393, 0.287838423487494 ], [ 31.829217285621592, 0.286029900000069 ] ], [ [ 31.810349557752069, 0.279696202677259 ], [ 31.811248229711666, 0.277887224094431 ], [ 31.811248048272397, 0.279696294338132 ], [ 31.810349557752069, 0.279696202677259 ] ] ], [ [ [ 31.954106365111151, 0.333984749581503 ], [ 31.950512210446515, 0.333984363865606 ], [ 31.942426798538477, 0.320414852420327 ], [ 31.929847246017232, 0.321318109492522 ], [ 31.924457180942724, 0.310462692063285 ], [ 31.921761505002834, 0.311366985479124 ], [ 31.921760761244737, 0.318603544004957 ], [ 31.910978058229041, 0.322220668544555 ], [ 31.910080104871373, 0.316793174035655 ], [ 31.916370619291587, 0.308652724350377 ], [ 31.895704595044471, 0.308650584195773 ], [ 31.8948056052064, 0.31317329852131 ], [ 31.890313481964956, 0.308650019248756 ], [ 31.872343176747233, 0.308648116231466 ], [ 31.859763544235729, 0.313169519657194 ], [ 31.859764029446399, 0.308646765939678 ], [ 31.854373272320618, 0.305932535539075 ], [ 31.857967681394463, 0.30231472053061 ], [ 31.8570696434507, 0.297791875806655 ], [ 31.84898281088898, 0.300504670683117 ], [ 31.846286433050491, 0.30864530258511 ], [ 31.851677366776183, 0.309550438168738 ], [ 31.841793223163144, 0.314976626067994 ], [ 31.84179272027189, 0.319499351081865 ], [ 31.849879566430165, 0.316786622894873 ], [ 31.841792210210762, 0.324022076054954 ], [ 31.85886176036686, 0.342115034935436 ], [ 31.862455807542613, 0.342115464600302 ], [ 31.871439982642062, 0.350257522024414 ], [ 31.875034048593573, 0.350257957059613 ], [ 31.880424068572314, 0.359304178405895 ], [ 31.903783910981193, 0.373780059350029 ], [ 31.925348444042317, 0.375591884250072 ], [ 31.930738993214842, 0.381019984182569 ], [ 31.943318204489465, 0.38373527498164 ], [ 31.964881826057283, 0.395497499529194 ], [ 31.961288082374395, 0.391878722395298 ], [ 31.962187511878348, 0.384642182203727 ], [ 31.965780931203458, 0.390974699489689 ], [ 31.969375345937312, 0.389165977245791 ], [ 31.982851955490332, 0.402736435581519 ], [ 31.980157405606814, 0.393690229991709 ], [ 31.96578224102381, 0.380119708545634 ], [ 31.972970625280457, 0.380120572237841 ], [ 31.975667118157798, 0.372884211205513 ], [ 31.981956863830625, 0.373789532973907 ], [ 31.982855725986674, 0.371075875400885 ], [ 31.988245995730015, 0.380122387590409 ], [ 31.995434742948426, 0.377409459526716 ], [ 31.990045453871421, 0.359317041062721 ], [ 31.9828577420183, 0.352984125676125 ], [ 31.982857938080006, 0.351174950663567 ], [ 31.986452330294622, 0.349366166667848 ], [ 31.98735145677319, 0.343938731515889 ], [ 31.976569263902306, 0.340319230622804 ], [ 31.975670237559036, 0.344842062043362 ], [ 31.972076054238489, 0.34484167198473 ], [ 31.973872755903152, 0.348460207065054 ], [ 31.977467234091062, 0.3457468425547 ], [ 31.981959094516391, 0.353888613939141 ], [ 31.980161399766668, 0.359315935608566 ], [ 31.97297291481356, 0.360219709570786 ], [ 31.972075467457337, 0.350269178722217 ], [ 31.961294304944502, 0.337603842596143 ], [ 31.963091958957413, 0.332176544264272 ], [ 31.953208111998382, 0.331270916114173 ], [ 31.954106365111151, 0.333984749581503 ] ], [ [ 31.871440090707317, 0.349352967677207 ], [ 31.87233871439058, 0.348448521654609 ], [ 31.872338606690562, 0.349353076284815 ], [ 31.871440090707317, 0.349352967677207 ] ], [ [ 31.960390528819261, 0.383737380967058 ], [ 31.954100604229545, 0.384641188277819 ], [ 31.95410126031728, 0.379213712982487 ], [ 31.960390528819261, 0.383737380967058 ] ], [ [ 31.981957175200122, 0.37107577134041 ], [ 31.976565875782882, 0.37107514504875 ], [ 31.97926224395863, 0.364743353400598 ], [ 31.975667843846512, 0.36655211316197 ], [ 31.973871259115068, 0.362028981361293 ], [ 31.981059444614335, 0.363838971447325 ], [ 31.981957175200122, 0.37107577134041 ] ] ], [ [ [ 31.983756487165085, 0.351175049056183 ], [ 31.984654938769825, 0.352079735375736 ], [ 31.984655036501831, 0.351175147361876 ], [ 31.983756487165085, 0.351175049056183 ] ] ], [ [ [ 31.9558981306857, 0.381023090876804 ], [ 31.954999477417491, 0.381927560674058 ], [ 31.955898021654825, 0.381927670614688 ], [ 31.9558981306857, 0.381023090876804 ] ] ], [ [ [ 33.040572580999715, 1.228817936963522 ], [ 33.044167878707945, 1.21524697507011 ], [ 33.036078000486818, 1.215247096001668 ], [ 33.034280170033668, 1.208914029573962 ], [ 33.02169599307566, 1.215247250785943 ], [ 33.010010597694993, 1.211628410678932 ], [ 33.00821286532932, 1.217056780443193 ], [ 33.003718484458808, 1.217056790447342 ], [ 33.003718478274941, 1.212533154025714 ], [ 32.996527484259062, 1.209818972427868 ], [ 32.993830844445327, 1.217961513189427 ], [ 32.988437589493373, 1.217056768085735 ], [ 32.99472971387933, 1.221580424104699 ], [ 32.994729705049494, 1.226104060211455 ], [ 32.988437550821644, 1.226104040305202 ], [ 32.985740956271677, 1.217961482335116 ], [ 32.98843760488181, 1.213437859027102 ], [ 32.98484208487546, 1.217056750162256 ], [ 32.978549959092291, 1.216151979979154 ], [ 32.979448800632646, 1.220675623033779 ], [ 32.973156614583942, 1.225199202890372 ], [ 32.974055370897908, 1.237865390915629 ], [ 32.980347612031949, 1.22972290141994 ], [ 32.99293193480321, 1.23062769198046 ], [ 32.995628569502927, 1.235151333604972 ], [ 33.006415153888106, 1.234246602285506 ], [ 33.010010695043491, 1.237865499624509 ], [ 33.024392758444286, 1.230627589162436 ], [ 33.035179360925333, 1.233341648941131 ], [ 33.040572580999715, 1.228817936963522 ] ], [ [ 33.036078000486818, 1.215247096001668 ], [ 33.035179136790582, 1.216151835041863 ], [ 33.035179125081221, 1.215247107933379 ], [ 33.036078000486818, 1.215247096001668 ] ] ], [ [ [ 32.969560945490613, 1.238770069829176 ], [ 32.968661976910958, 1.246007874983996 ], [ 32.974954245443897, 1.238770126652228 ], [ 32.969560945490613, 1.238770069829176 ] ] ], [ [ [ 32.857193269022687, 1.369951328872932 ], [ 32.858990964597055, 1.372665606242252 ], [ 32.858092196209029, 1.369951382615061 ], [ 32.857193269022687, 1.369951328872932 ] ] ], [ [ [ 33.24643268805611, 1.40522684667837 ], [ 33.255422625011555, 1.410654176009159 ], [ 33.259915509514869, 1.394368777196308 ], [ 33.256319106148638, 1.388036155613392 ], [ 33.268904292264089, 1.389844181339549 ], [ 33.27429932396177, 1.402509574745787 ], [ 33.280591630130743, 1.40069939412213 ], [ 33.275197202426476, 1.393462314000199 ], [ 33.287782742823026, 1.397984373195667 ], [ 33.285986203161968, 1.408841169121276 ], [ 33.278795380175737, 1.414270336623635 ], [ 33.276099429226086, 1.421508382863629 ], [ 33.273402505392447, 1.420603990326811 ], [ 33.274302085657681, 1.426032175081195 ], [ 33.278796680667469, 1.425126916745406 ], [ 33.285090488634317, 1.435078000474625 ], [ 33.294080036917066, 1.435981568958855 ], [ 33.31025930328974, 1.423313443637639 ], [ 33.317451664631299, 1.429645441162043 ], [ 33.318351352538293, 1.435073585723091 ], [ 33.321048048645565, 1.434168495065114 ], [ 33.318350603413585, 1.429645315921535 ], [ 33.323743728169845, 1.426025712285665 ], [ 33.324643554270153, 1.43235856257153 ], [ 33.32913889590948, 1.436881470673004 ], [ 33.325541601727963, 1.426025457140422 ], [ 33.334530312580561, 1.421500609039633 ], [ 33.332731668616148, 1.41607260776711 ], [ 33.321944226865625, 1.414264717678848 ], [ 33.312953690166346, 1.405218832013496 ], [ 33.301268759261454, 1.414267510807893 ], [ 33.294975419890356, 1.407935327579342 ], [ 33.295873669155768, 1.402506930389552 ], [ 33.303065224733714, 1.403410717650842 ], [ 33.307557875406332, 1.388030008705784 ], [ 33.31025429284486, 1.385315516152508 ], [ 33.330929614420882, 1.386217412162011 ], [ 33.336324291075556, 1.394359040467546 ], [ 33.338121751152102, 1.391644650897122 ], [ 33.331827530428782, 1.37897959913272 ], [ 33.338120083354553, 1.379883418344196 ], [ 33.343512941597204, 1.37535909202606 ], [ 33.336321866485505, 1.377169543541096 ], [ 33.331826530760608, 1.371741912246316 ], [ 33.337219263669141, 1.36631289108243 ], [ 33.343511909451031, 1.368121413677629 ], [ 33.348904864011125, 1.36450179326672 ], [ 33.339915621038188, 1.363598378100748 ], [ 33.348904473344973, 1.361787665244801 ], [ 33.353399683028769, 1.366310550850176 ], [ 33.371378589216398, 1.370831357258055 ], [ 33.374076731369207, 1.379878002094146 ], [ 33.383066015517059, 1.380781268324761 ], [ 33.386660940267816, 1.3762571557098 ], [ 33.390257028016649, 1.378970681388955 ], [ 33.389357088917023, 1.372637893803078 ], [ 33.393850899249706, 1.368113629900887 ], [ 33.406435144091034, 1.365397408052349 ], [ 33.400142056298989, 1.360874950156563 ], [ 33.393849868910024, 1.361780697029563 ], [ 33.396544671350846, 1.350019094030894 ], [ 33.401938075158597, 1.350018202872519 ], [ 33.402837721207149, 1.354541572165179 ], [ 33.409129728787946, 1.352731105223364 ], [ 33.410026513113117, 1.340065110111614 ], [ 33.40283372375881, 1.330114567618143 ], [ 33.395643587736771, 1.336448671456642 ], [ 33.3866547636962, 1.337354817677498 ], [ 33.379463026657433, 1.333737121200887 ], [ 33.373171155900224, 1.336452210729254 ], [ 33.372273076392617, 1.341880591088947 ], [ 33.357890656361832, 1.341882751089574 ], [ 33.357891843380074, 1.350025128384472 ], [ 33.348902145697963, 1.345502895826933 ], [ 33.342609940659173, 1.34640850329185 ], [ 33.344406990440028, 1.340979988876349 ], [ 33.336316367222963, 1.337362277982951 ], [ 33.336315507224633, 1.331029302709966 ], [ 33.346203403117904, 1.33102792583272 ], [ 33.347101796938638, 1.327408959614452 ], [ 33.331820402130624, 1.326506359325948 ], [ 33.333616271590316, 1.312030738260603 ], [ 33.338110252927748, 1.30841128805011 ], [ 33.337209438943269, 1.293936035230122 ], [ 33.323726933003577, 1.300270787990525 ], [ 33.32013274481416, 1.311127798622268 ], [ 33.309345341420595, 1.305700883090928 ], [ 33.306649540301031, 1.312938924205079 ], [ 33.299458368183103, 1.312939801381023 ], [ 33.283276090707282, 1.293942672661059 ], [ 33.27338818453002, 1.293039047993396 ], [ 33.27698238514111, 1.280372629733328 ], [ 33.264398330216146, 1.283992835348875 ], [ 33.257206942646299, 1.281279420671572 ], [ 33.261700471437159, 1.272231789043655 ], [ 33.260800500494462, 1.261375270714627 ], [ 33.274282869477979, 1.253231426719022 ], [ 33.274282493565977, 1.249612560319439 ], [ 33.259900279579583, 1.247804596558008 ], [ 33.260798623289865, 1.242376201166779 ], [ 33.275179965695848, 1.236041716852261 ], [ 33.266190612582086, 1.229709617523716 ], [ 33.267088141744367, 1.216138767137901 ], [ 33.271582019828045, 1.211614730515624 ], [ 33.268885070622609, 1.207996132040579 ], [ 33.253604638247111, 1.210711765673297 ], [ 33.255403474508498, 1.222472932772339 ], [ 33.248213103667581, 1.228806642071812 ], [ 33.23922422381407, 1.226998028851826 ], [ 33.235628105563485, 1.219760593765054 ], [ 33.228437301020456, 1.221570657733505 ], [ 33.232933697788496, 1.245092979928422 ], [ 33.223046645416915, 1.25233160164932 ], [ 33.213159022366987, 1.253237150334403 ], [ 33.21315946216513, 1.258665474544421 ], [ 33.222148682228863, 1.263188320224492 ], [ 33.223947463577488, 1.274949524365083 ], [ 33.223948800570227, 1.290329761984691 ], [ 33.214960923699245, 1.302996626617066 ], [ 33.196083261117252, 1.293046241234678 ], [ 33.187993788655255, 1.301189353392599 ], [ 33.185297883553794, 1.31204621675984 ], [ 33.178106713125565, 1.312951464535234 ], [ 33.17540911996997, 1.300285543112297 ], [ 33.165521863290692, 1.310238166410028 ], [ 33.154734951700419, 1.309334136907873 ], [ 33.151138900781817, 1.302096569769135 ], [ 33.156531923424424, 1.295763175458477 ], [ 33.148441247483866, 1.285811704773484 ], [ 33.141249924916437, 1.283097943252903 ], [ 33.137654923857603, 1.293954830249232 ], [ 33.133160471474802, 1.294859795939675 ], [ 33.113383700240163, 1.273147363071499 ], [ 33.105293511875956, 1.269528806882298 ], [ 33.097203784327668, 1.27767165581215 ], [ 33.102597336325246, 1.282195071649771 ], [ 33.102597806707941, 1.293956500790767 ], [ 33.113384777624752, 1.297574938464809 ], [ 33.116082105184958, 1.311145687277826 ], [ 33.101699704468118, 1.313860492283565 ], [ 33.094508883011727, 1.325622205488228 ], [ 33.096306883028099, 1.330145761803073 ], [ 33.103498270336644, 1.331954918812577 ], [ 33.099004168774968, 1.3437165303805 ], [ 33.089116190270843, 1.34733581453739 ], [ 33.081025725686501, 1.341907746070639 ], [ 33.075632380020622, 1.34733627330278 ], [ 33.075632828837378, 1.361811881288094 ], [ 33.072936104681119, 1.363621415906061 ], [ 33.06754234179941, 1.356383769317662 ], [ 33.062149260289772, 1.374478428246446 ], [ 33.05675560918209, 1.371764386239403 ], [ 33.057654302049912, 1.361812381479647 ], [ 33.047766056387346, 1.359098421272054 ], [ 33.041473315773949, 1.343718194930003 ], [ 33.036079781971083, 1.342813554884615 ], [ 33.033383059431074, 1.345527772087817 ], [ 33.036080116398004, 1.365431707768542 ], [ 33.023495148340842, 1.368146043056022 ], [ 33.024394196875498, 1.37990747285084 ], [ 33.001920859385031, 1.38533595441132 ], [ 32.993830454030196, 1.379002864563195 ], [ 32.988436853911494, 1.379002844347391 ], [ 32.985740037719253, 1.381717007835971 ], [ 32.989335742806603, 1.388954835165958 ], [ 32.986638880554288, 1.398002081093755 ], [ 32.97854842427504, 1.397097294840782 ], [ 32.966862075893637, 1.406144416048678 ], [ 32.95697383017167, 1.398906448367807 ], [ 32.956973531798617, 1.415191509796252 ], [ 32.954276638052889, 1.417905634462951 ], [ 32.942590361240647, 1.416095921818952 ], [ 32.93989363660755, 1.411572226343286 ], [ 32.933600917595321, 1.415190955036782 ], [ 32.936297509572817, 1.424238283440047 ], [ 32.945286882604023, 1.42966686773715 ], [ 32.944387843113894, 1.43328574708861 ], [ 32.900338975903708, 1.436903141740178 ], [ 32.898541425846261, 1.428760543753458 ], [ 32.883259263521701, 1.428759813526195 ], [ 32.869774447213246, 1.438711040888701 ], [ 32.861683863338293, 1.438710561791823 ], [ 32.85718932045642, 1.435091391842415 ], [ 32.856290819064398, 1.427853552508408 ], [ 32.863482786318968, 1.421520931372741 ], [ 32.874270103650659, 1.422426271325495 ], [ 32.87427049439809, 1.415188482470282 ], [ 32.865281515069093, 1.407045464542003 ], [ 32.858990165709521, 1.386236456434048 ], [ 32.850899028230756, 1.397997355735589 ], [ 32.844606645094537, 1.395282777302405 ], [ 32.846404985743433, 1.388045114201784 ], [ 32.858092461915369, 1.365427765613634 ], [ 32.863486066685724, 1.364523356269188 ], [ 32.88775802102451, 1.343715954418261 ], [ 32.898545231991399, 1.33919280438149 ], [ 32.911129682900892, 1.350049999301684 ], [ 32.921017879342934, 1.348240891822634 ], [ 32.9210180539284, 1.342812538853466 ], [ 32.913826828289309, 1.339193392943067 ], [ 32.909332538751002, 1.33105070211587 ], [ 32.903938981771191, 1.332859947002196 ], [ 32.89225332338269, 1.327431111243728 ], [ 32.896748224312148, 1.319288778798046 ], [ 32.887758841360913, 1.325621460558155 ], [ 32.890455298469377, 1.331954655822043 ], [ 32.882364855480844, 1.336477903208656 ], [ 32.892254217011761, 1.306622437173266 ], [ 32.905738302948428, 1.293052100768331 ], [ 32.909333842490845, 1.294861683751494 ], [ 32.911131297888105, 1.304813729403346 ], [ 32.917423516594141, 1.30843284796483 ], [ 32.91562585425342, 1.303909159461082 ], [ 32.922817204800246, 1.300290488256373 ], [ 32.929109783759387, 1.291243413693002 ], [ 32.941694396529762, 1.29124373549593 ], [ 32.937200002428952, 1.286719996636802 ], [ 32.943492417507379, 1.28129178651419 ], [ 32.952481393838873, 1.281291970166634 ], [ 32.956076907533628, 1.285815667457492 ], [ 32.964167064797707, 1.281292161464928 ], [ 32.971358237652154, 1.282196979236173 ], [ 32.972257213560773, 1.274959175281706 ], [ 32.967762802532519, 1.269530762116897 ], [ 32.95427922131001, 1.279482550001495 ], [ 32.953380470744605, 1.271339994618181 ], [ 32.961470706281887, 1.258673954559724 ], [ 32.958774078936401, 1.255959732785249 ], [ 32.963268536838264, 1.255055073418848 ], [ 32.967763080170556, 1.246912590995688 ], [ 32.965066422082764, 1.24691255637435 ], [ 32.9650665053544, 1.240579467934154 ], [ 32.961470956838689, 1.241484144606714 ], [ 32.956077756402237, 1.235150971968893 ], [ 32.953380792987431, 1.253245461434798 ], [ 32.937200767249919, 1.255054574275542 ], [ 32.912929940327267, 1.280386198909564 ], [ 32.903940974979044, 1.280385875833981 ], [ 32.887759690734065, 1.306622239148494 ], [ 32.871578894799228, 1.316573426800415 ], [ 32.867083825160798, 1.326525154711552 ], [ 32.863488377015287, 1.322906062016936 ], [ 32.868882453345805, 1.311144940305947 ], [ 32.883265415203503, 1.30119368438277 ], [ 32.884164647563814, 1.293955927283605 ], [ 32.873377572848923, 1.299383755512742 ], [ 32.872478851936656, 1.295764812191782 ], [ 32.858096241058263, 1.299382938220472 ], [ 32.859893594277146, 1.307525554709305 ], [ 32.849105927873509, 1.321095777066942 ], [ 32.850902605173722, 1.340095077404317 ], [ 32.845508427402542, 1.350951417658765 ], [ 32.844608641261537, 1.364522203765147 ], [ 32.838315502895, 1.374473734562485 ], [ 32.841011626722548, 1.384425865327264 ], [ 32.830223281384697, 1.400710108874657 ], [ 32.822132571508476, 1.404328391185647 ], [ 32.814941490322681, 1.398899502295982 ], [ 32.796963164768158, 1.394374404953629 ], [ 32.795164513336225, 1.403421449576296 ], [ 32.793366956989814, 1.399802410402746 ], [ 32.783478339010998, 1.403420390373667 ], [ 32.783477671680572, 1.410658145479101 ], [ 32.790668941900741, 1.413372966970361 ], [ 32.785274550542944, 1.421514946218095 ], [ 32.778083092982385, 1.420609543098759 ], [ 32.769094745232948, 1.409752035578929 ], [ 32.739429128675305, 1.416081900248406 ], [ 32.71965455918005, 1.398889993654058 ], [ 32.71785788373532, 1.388937912367065 ], [ 32.739430936778462, 1.399797003863498 ], [ 32.744826472502851, 1.381703260991787 ], [ 32.75741334826197, 1.362705509751023 ], [ 32.762806687269375, 1.364515487090121 ], [ 32.766402891150541, 1.359087529130826 ], [ 32.769998394022672, 1.360897314213348 ], [ 32.769099043823793, 1.365420821949314 ], [ 32.757412257787678, 1.373562126072011 ], [ 32.762804992926092, 1.381705135700573 ], [ 32.76909826459228, 1.373563291005817 ], [ 32.784380546654475, 1.367231689551817 ], [ 32.777189584270985, 1.362707432171798 ], [ 32.778088918044958, 1.35818391858715 ], [ 32.774493578179225, 1.354564706775932 ], [ 32.771796402738055, 1.35908804799467 ], [ 32.768200900516909, 1.357278265808524 ], [ 32.761908122435848, 1.360896524262181 ], [ 32.757413709828647, 1.359086637425174 ], [ 32.759212260527526, 1.351849072516886 ], [ 32.769101014124935, 1.344612287406642 ], [ 32.768203205414281, 1.332850855243439 ], [ 32.774496062108838, 1.327423126598663 ], [ 32.772699643754862, 1.312042731451492 ], [ 32.783486934252174, 1.306615373507831 ], [ 32.779891490223982, 1.304805619220531 ], [ 32.776295572141734, 1.308424178873943 ], [ 32.758317396917377, 1.310231937906139 ], [ 32.752024025370936, 1.321087935714442 ], [ 32.748428411393341, 1.32108757199146 ], [ 32.751124037086448, 1.331944460173689 ], [ 32.745729756250881, 1.340086363301001 ], [ 32.751122393380186, 1.348229380718127 ], [ 32.74662754622527, 1.350943066488142 ], [ 32.741234635923135, 1.345514192207932 ], [ 32.737637630004109, 1.358179840456689 ], [ 32.733143050203928, 1.358179345277199 ], [ 32.728649076294651, 1.352750545258219 ], [ 32.723255083384593, 1.357273510632214 ], [ 32.710670606371785, 1.354557884553909 ], [ 32.708872348572442, 1.358176525971067 ], [ 32.697186473691467, 1.358175081056604 ], [ 32.680105707844284, 1.36902941133125 ], [ 32.657632202204333, 1.373549837803462 ], [ 32.640551473361711, 1.382594396132877 ], [ 32.63336055697102, 1.379879167254534 ], [ 32.618977493835779, 1.382591010730316 ], [ 32.601000273887152, 1.376255110740669 ], [ 32.58931382741401, 1.379871925636693 ], [ 32.581220131648699, 1.399773943652334 ], [ 32.573128076463078, 1.409724182734943 ], [ 32.55874503088539, 1.411530882512195 ], [ 32.551552467475574, 1.417862383789095 ], [ 32.546154685974784, 1.43957405773883 ], [ 32.529970643207285, 1.4558552679072 ], [ 32.530863913264234, 1.482996302213319 ], [ 32.520974372496262, 1.488422331700154 ], [ 32.514676982930695, 1.510133566773804 ], [ 32.502989994470354, 1.512844982049397 ], [ 32.50388709195731, 1.520987406789566 ], [ 32.498493361486737, 1.520986152416928 ], [ 32.497595660004251, 1.515557802178271 ], [ 32.487706766417446, 1.517364848677353 ], [ 32.482312197132735, 1.520982307924926 ], [ 32.480511687090811, 1.531838123059289 ], [ 32.465228094086633, 1.537262451537239 ], [ 32.466125248888098, 1.544500159968398 ], [ 32.453540516158967, 1.541782891380761 ], [ 32.449043868367973, 1.54901918700716 ], [ 32.443650351297322, 1.548113087273038 ], [ 32.424769572513455, 1.558059485418608 ], [ 32.418476612810323, 1.558962424942468 ], [ 32.410387247228122, 1.554436778804971 ], [ 32.388807389117012, 1.571619389688031 ], [ 32.372626688211191, 1.569805222362833 ], [ 32.360939453249017, 1.572515665207921 ], [ 32.339360873307051, 1.584269538228316 ], [ 32.337559212138267, 1.596029586118273 ], [ 32.345646997368142, 1.605078840968243 ], [ 32.35642633269704, 1.631317618639246 ], [ 32.36361646613144, 1.636747926876652 ], [ 32.390589572398952, 1.624995612497866 ], [ 32.401377641861316, 1.624094183685042 ], [ 32.424754845342953, 1.611435517929694 ], [ 32.428350775702867, 1.61143653645791 ], [ 32.426551289504978, 1.616864099249232 ], [ 32.431944446782524, 1.619579663063207 ], [ 32.447230178084354, 1.608727733530218 ], [ 32.457117819699675, 1.613253821368272 ], [ 32.456216664321971, 1.621395727846121 ], [ 32.440033344543323, 1.626819373081459 ], [ 32.43732827874193, 1.655768378124272 ], [ 32.443620805242361, 1.65757952677676 ], [ 32.44182177948025, 1.6611977398259 ], [ 32.422044969274893, 1.656668632080855 ], [ 32.419353723980372, 1.636764942612785 ], [ 32.420248278770863, 1.65214471773772 ], [ 32.41305495662499, 1.656665973212264 ], [ 32.388782273019586, 1.655753917351028 ], [ 32.377997703512285, 1.644894499476844 ], [ 32.369008385247291, 1.643082322542777 ], [ 32.371702228224002, 1.653034537788687 ], [ 32.366304825868674, 1.663888829938256 ], [ 32.404949444206053, 1.704611290255412 ], [ 32.411242045908729, 1.70642258686567 ], [ 32.404951108055201, 1.699183244835851 ], [ 32.42203195033192, 1.700997816469237 ], [ 32.426528663399331, 1.695571099087138 ], [ 32.435519398761642, 1.69376439898477 ], [ 32.453499846809926, 1.693769584129159 ], [ 32.461589815990052, 1.69829527868207 ], [ 32.473278157871761, 1.694679778901728 ], [ 32.47687305198572, 1.699204186594659 ], [ 32.47776891199905, 1.710965342730296 ], [ 32.487657827913026, 1.712777399085166 ], [ 32.489456860089241, 1.709159133395234 ], [ 32.483164576766676, 1.705538694912548 ], [ 32.484065293945918, 1.699206132618619 ], [ 32.489457098968821, 1.70825444626205 ], [ 32.493053953685269, 1.705541341173023 ], [ 32.484965760315134, 1.693778254322792 ], [ 32.489463265380174, 1.684732577800366 ], [ 32.49395885790512, 1.682924381613937 ], [ 32.490365569430857, 1.672067188962801 ], [ 32.49306332335069, 1.669353827536105 ], [ 32.508346428434045, 1.670262422100263 ], [ 32.515536822789791, 1.677501747578794 ], [ 32.52812405234355, 1.67388607113835 ], [ 32.532616600439006, 1.684743473368592 ], [ 32.538909818042221, 1.684744981971524 ], [ 32.544305268344445, 1.679318090373753 ], [ 32.543407496442185, 1.6738897112665 ], [ 32.535317320691775, 1.669364330646546 ], [ 32.540713977996383, 1.658509272362544 ], [ 32.542511185827053, 1.662128470169801 ], [ 32.567681664714812, 1.672085850954689 ], [ 32.569477548663372, 1.682037925142713 ], [ 32.586559974676845, 1.678422841860423 ], [ 32.600943066683598, 1.685663459665883 ], [ 32.608132842136897, 1.698330759220092 ], [ 32.606333650360916, 1.703758602803013 ], [ 32.618020928510333, 1.7055703759258 ], [ 32.619816713047655, 1.717331875916753 ], [ 32.611724847927036, 1.719139644094791 ], [ 32.607227901389571, 1.727281034902789 ], [ 32.60003486233682, 1.729993628413207 ], [ 32.601832226786073, 1.733612813200577 ], [ 32.612620421750023, 1.736329171397935 ], [ 32.616217953993093, 1.729996990930529 ], [ 32.622511565710134, 1.729093557751316 ], [ 32.630602074176238, 1.734523383958775 ], [ 32.630603649539552, 1.726381046557349 ], [ 32.639594607759953, 1.724573372186661 ], [ 32.643188655943014, 1.736335224347104 ], [ 32.650381196833322, 1.736336576308123 ], [ 32.658471020603329, 1.746289839157913 ], [ 32.670158034661455, 1.751720185913167 ], [ 32.67105537120959, 1.761672130943754 ], [ 32.663862068926015, 1.765289667914905 ], [ 32.671952548316504, 1.772528784027855 ], [ 32.671050573902434, 1.788813360142971 ], [ 32.659359832634344, 1.802381810167201 ], [ 32.66115635742824, 1.811429211723378 ], [ 32.667449104865405, 1.816858626165894 ], [ 32.666547999632407, 1.827714940554742 ], [ 32.692625851895627, 1.806911310306083 ], [ 32.683636825999372, 1.795148546891646 ], [ 32.697125696418908, 1.780675487386204 ], [ 32.706116490635083, 1.781581662032473 ], [ 32.713308128239888, 1.788820491284321 ], [ 32.724097722298907, 1.78610801921296 ], [ 32.730390221654524, 1.7942513706665 ], [ 32.732186578299405, 1.806917610675955 ], [ 32.742977411988818, 1.796062619826291 ], [ 32.745672211171666, 1.814157267069855 ], [ 32.759159517994078, 1.809635552327604 ], [ 32.75016453146975, 1.837680447797644 ], [ 32.762753128630351, 1.831349174536966 ], [ 32.767248511675369, 1.833159196599211 ], [ 32.768145179202662, 1.852158318839422 ], [ 32.765447182038805, 1.856681532911971 ], [ 32.769942629026922, 1.858491556110469 ], [ 32.76994145531549, 1.867538700366015 ], [ 32.786125798865847, 1.869350187088957 ], [ 32.778034753724604, 1.859397312744999 ], [ 32.780733504530076, 1.848541069548425 ], [ 32.785229169787954, 1.848541622248775 ], [ 32.790623332982967, 1.853970565218692 ], [ 32.797816527142409, 1.853066690011446 ], [ 32.799613678059977, 1.863018774298405 ], [ 32.811301360739193, 1.873876673837829 ], [ 32.81579841753868, 1.861211116997851 ], [ 32.828386923647912, 1.85578408797916 ], [ 32.832882024333834, 1.862117546552956 ], [ 32.840076222853845, 1.850356880009389 ], [ 32.84636979263513, 1.854881032548823 ], [ 32.842772193473486, 1.866642053489249 ], [ 32.844570086385779, 1.871165806080722 ], [ 32.849065825194479, 1.871166200976245 ], [ 32.852662869247077, 1.865738196347016 ], [ 32.864351413473948, 1.870262737794481 ], [ 32.867948814975769, 1.859406381749348 ], [ 32.85805875322059, 1.853072576359069 ], [ 32.861656498205477, 1.837692634601478 ], [ 32.871546816992662, 1.839502817096758 ], [ 32.875142527926705, 1.851264431103482 ], [ 32.877839944365157, 1.851264620112029 ], [ 32.886831735347414, 1.844932179318661 ], [ 32.880538626361769, 1.832265684874435 ], [ 32.88413572421878, 1.823218719840809 ], [ 32.889530364615709, 1.825028501902575 ], [ 32.892227311315779, 1.832266430586119 ], [ 32.898521169572014, 1.833171520995758 ], [ 32.905714827095316, 1.821410544850065 ], [ 32.910210496009469, 1.82050605473327 ], [ 32.913806606333551, 1.828648721453621 ], [ 32.920999595963345, 1.829553775652625 ], [ 32.912007240841774, 1.85126665692703 ], [ 32.915603714799182, 1.853076274583528 ], [ 32.924595277191592, 1.849457798163405 ], [ 32.929989793031041, 1.857600511145622 ], [ 32.925493696128072, 1.86664753628613 ], [ 32.92908992465285, 1.87569489573405 ], [ 32.920098070469734, 1.882932271715544 ], [ 32.931786960896538, 1.88655165480678 ], [ 32.94167800291342, 1.87750480558879 ], [ 32.947971135416772, 1.909170243092232 ], [ 32.952467011293308, 1.908265653052969 ], [ 32.956063896653134, 1.900123259605294 ], [ 32.972248907725799, 1.898314154834006 ], [ 32.992030422385533, 1.922741834461655 ], [ 33.006417271111182, 1.924551283295181 ], [ 33.007316534951102, 1.944455141862506 ], [ 33.011812530564946, 1.951692883055786 ], [ 33.019905308854234, 1.955311689330875 ], [ 33.016308468747177, 1.948978682819081 ], [ 33.020804425755848, 1.948978632992912 ], [ 33.021703559289818, 1.944455017476159 ], [ 33.024401256466405, 1.953502188212823 ], [ 33.027098823253482, 1.952597425915741 ], [ 33.02619953207131, 1.9462643949234 ], [ 33.033393068974263, 1.947168987822559 ], [ 33.037889263673328, 1.958025539691201 ], [ 33.039687655777911, 1.958025497837333 ], [ 33.042385221137771, 1.957120710898568 ], [ 33.038788293645375, 1.950787754252912 ], [ 33.043284254531052, 1.950787643963628 ], [ 33.042384904126813, 1.944454622599439 ], [ 33.028896948126963, 1.937217142367269 ], [ 33.034291732587008, 1.920932064766875 ], [ 33.028896627771744, 1.918218001922524 ], [ 33.027098107131003, 1.907361377765145 ], [ 33.019904667859038, 1.900123706268204 ], [ 33.010913043732039, 1.905552114962711 ], [ 33.006417193741967, 1.903742695054808 ], [ 33.008215469426915, 1.891076587769601 ], [ 33.002820489191912, 1.882934111360741 ], [ 32.996526381166056, 1.887457717855507 ], [ 32.992030588658274, 1.886552981467189 ], [ 32.992929791222082, 1.8756963264969 ], [ 32.986635813957577, 1.863030186048503 ], [ 32.983938398024264, 1.860315998152568 ], [ 32.974946918201731, 1.862125336173632 ], [ 32.97404783797694, 1.857601714554425 ], [ 32.964157308838949, 1.854887375612013 ], [ 32.960560958423336, 1.844935360106339 ], [ 32.950670446365265, 1.844935111908537 ], [ 32.954267157509712, 1.838602156694589 ], [ 32.963258482234018, 1.839507087436506 ], [ 32.974947121814246, 1.847649787946511 ], [ 32.982140270184942, 1.844030987737448 ], [ 32.983039441647122, 1.840412108820208 ], [ 32.976745528925044, 1.837697871627663 ], [ 32.97404825713776, 1.828650614459337 ], [ 32.977645009049361, 1.809651498095975 ], [ 32.985737069080152, 1.812365747067046 ], [ 32.988434467970478, 1.806937432667808 ], [ 32.994728302458945, 1.806032739671582 ], [ 33.001022134327783, 1.811461080985289 ], [ 32.997425632077451, 1.824127190615277 ], [ 33.00461866468418, 1.829555519308636 ], [ 33.01990375569855, 1.818698748915606 ], [ 33.015408117310571, 1.816889348765714 ], [ 33.014508878543253, 1.802413799766539 ], [ 33.004618588945903, 1.799699684837119 ], [ 33.007315902449548, 1.791557173980327 ], [ 33.015407889045569, 1.789747678567845 ], [ 33.015407836278882, 1.783414621024007 ], [ 32.992930149070567, 1.784319394801205 ], [ 32.997425699336205, 1.776176903248853 ], [ 32.994728415909819, 1.766224947935586 ], [ 32.999223912306746, 1.763510787036691 ], [ 32.995627546562275, 1.752654108242046 ], [ 33.002820281612713, 1.749035219689618 ], [ 33.006416611226193, 1.739083258350686 ], [ 33.004618425837876, 1.733654925485938 ], [ 32.996526673935335, 1.733654927947567 ], [ 32.99472851684942, 1.730036031498172 ], [ 33.001022078173932, 1.708322681969047 ], [ 32.992031353922229, 1.710132112175676 ], [ 32.984838716967971, 1.717369854276353 ], [ 32.974049831292646, 1.715560291295871 ], [ 32.972251485077074, 1.729131111746996 ], [ 32.976746781307298, 1.738178402293003 ], [ 32.973150143229233, 1.758986978942754 ], [ 32.963259969250387, 1.76531986756709 ], [ 32.96685620242895, 1.774367161069078 ], [ 32.962360413022033, 1.787937910492502 ], [ 32.951571077707584, 1.788842378270704 ], [ 32.949772586986072, 1.798794272934751 ], [ 32.935386788439018, 1.797889095719882 ], [ 32.936286183961499, 1.789746630367492 ], [ 32.9317908683703, 1.783413414461682 ], [ 32.926395940233924, 1.790650979658579 ], [ 32.916505648026103, 1.792459996375794 ], [ 32.906616206436325, 1.77707925297864 ], [ 32.889532875255831, 1.783411351047779 ], [ 32.885936006233962, 1.790648896209914 ], [ 32.879642066172849, 1.793362652805209 ], [ 32.879642479191382, 1.78702960934802 ], [ 32.873348730112923, 1.787029183640278 ], [ 32.867954669502545, 1.778886320075949 ], [ 32.867056277134274, 1.768934332797311 ], [ 32.858065505697027, 1.766219503082991 ], [ 32.852669999256428, 1.777980436461798 ], [ 32.858064056330413, 1.785218619963592 ], [ 32.858063221147255, 1.796075256414374 ], [ 32.843677223017529, 1.798788232656388 ], [ 32.822095732320975, 1.827737216996149 ], [ 32.81400619970011, 1.802404303504829 ], [ 32.807711942725597, 1.806927232100375 ], [ 32.802317456638981, 1.805117215756883 ], [ 32.808613315653638, 1.785214110886672 ], [ 32.805017093849024, 1.783404296189952 ], [ 32.79872269096343, 1.789736633076468 ], [ 32.793328062788902, 1.789736029523976 ], [ 32.796027860033817, 1.767118412099174 ], [ 32.786137831898671, 1.767117293092335 ], [ 32.770854471988905, 1.757163589080467 ], [ 32.774451364276842, 1.752640450433846 ], [ 32.781643945530924, 1.753546024206239 ], [ 32.782544073464251, 1.744498966031039 ], [ 32.796928811799511, 1.749928886424049 ], [ 32.793334146069803, 1.734548301479965 ], [ 32.810416548500129, 1.735454818745479 ], [ 32.802327168657889, 1.712836042273854 ], [ 32.797831732447627, 1.713740288063363 ], [ 32.795133659657957, 1.721882456196665 ], [ 32.786143040800468, 1.720976746014286 ], [ 32.781646860123089, 1.728213965825951 ], [ 32.773555406870493, 1.726403580639494 ], [ 32.7744559672403, 1.71373766236697 ], [ 32.771758873002256, 1.71283262491191 ], [ 32.765463862456073, 1.725497878314812 ], [ 32.756473029075892, 1.72640145670673 ], [ 32.751976965444385, 1.731829159501514 ], [ 32.735794015546169, 1.729112819338123 ], [ 32.736694082653571, 1.721875236889254 ], [ 32.73130068455739, 1.714636774147157 ], [ 32.736696798149374, 1.701971536724552 ], [ 32.744788571122314, 1.700163202354805 ], [ 32.738497099874998, 1.68568693183371 ], [ 32.720513613465542, 1.702873958208633 ], [ 32.70972545875118, 1.699253507407394 ], [ 32.716020825684225, 1.685683764649234 ], [ 32.711526373670083, 1.680254827957641 ], [ 32.702535630717762, 1.682062894060812 ], [ 32.697140229462924, 1.689299745585294 ], [ 32.689048924145297, 1.688393749761589 ], [ 32.681858000424924, 1.679345484194765 ], [ 32.680061379120438, 1.670298094831003 ], [ 32.669272752496276, 1.671201006462463 ], [ 32.662980094020817, 1.667581098595281 ], [ 32.64949741071765, 1.651294008418754 ], [ 32.644105644153569, 1.637722449391967 ], [ 32.626128720970279, 1.618720358550697 ], [ 32.627031836879709, 1.596102902027347 ], [ 32.606352916204202, 1.606050755167998 ], [ 32.600060065022824, 1.605144823891884 ], [ 32.599162117229199, 1.599716434938544 ], [ 32.581181573525463, 1.602426921629185 ], [ 32.569496844020996, 1.591568100721198 ], [ 32.577590358723846, 1.578903988697692 ], [ 32.575794391545067, 1.568951925279018 ], [ 32.58568411860665, 1.564430415337561 ], [ 32.605461282488314, 1.567148359914903 ], [ 32.603665510703365, 1.555386881535097 ], [ 32.607262941395184, 1.547245228104364 ], [ 32.599171623803905, 1.549957812903386 ], [ 32.587485425720047, 1.547241451531737 ], [ 32.581195063953032, 1.53457440443998 ], [ 32.581196818530174, 1.525527398833623 ], [ 32.59378456508076, 1.513768699402212 ], [ 32.587494205704843, 1.501101683412955 ], [ 32.615364147828359, 1.488440929019964 ], [ 32.634242088239496, 1.489348867390389 ], [ 32.641432582321904, 1.49658771539892 ], [ 32.664804926471646, 1.501114982661363 ], [ 32.679188783686236, 1.498403020915487 ], [ 32.685482576845608, 1.491166247352528 ], [ 32.699865757773722, 1.492977693310989 ], [ 32.707954289350759, 1.509263629090016 ], [ 32.732224017521915, 1.530075218006824 ], [ 32.733121879406553, 1.539122480453597 ], [ 32.743909188979963, 1.543647389759586 ], [ 32.74210989689356, 1.55450375717969 ], [ 32.734018384528618, 1.559026321607876 ], [ 32.735815584740138, 1.565359553918031 ], [ 32.743007022343527, 1.569884030198802 ], [ 32.74930078256579, 1.563551787874252 ], [ 32.758290874827829, 1.562648132145699 ], [ 32.754693510469679, 1.574409023519582 ], [ 32.762784238044951, 1.577124115625164 ], [ 32.765479830577476, 1.589790458380557 ], [ 32.770873097329179, 1.597028804221162 ], [ 32.779863628711986, 1.593410922343457 ], [ 32.796045521854943, 1.597031472458213 ], [ 32.796944892562365, 1.593412687578798 ], [ 32.805036109024748, 1.592508754930831 ], [ 32.815824205278346, 1.593414472841134 ], [ 32.818521093192459, 1.595224153204611 ], [ 32.815823722308473, 1.598842790533581 ], [ 32.819419635445776, 1.600652551469392 ], [ 32.823015943171171, 1.597938707050704 ], [ 32.818521172441166, 1.594319433440407 ], [ 32.823016715370798, 1.58889150705386 ], [ 32.82031967420771, 1.588891272814997 ], [ 32.818521804810324, 1.587081675039754 ], [ 32.814028188740217, 1.570796319158276 ], [ 32.802340267841615, 1.579842430645527 ], [ 32.79424927946949, 1.578936921756306 ], [ 32.787057860445131, 1.572603165612696 ], [ 32.792454020586447, 1.550890464771679 ], [ 32.7852621459365, 1.549985024573608 ], [ 32.779868735674327, 1.544556159214398 ], [ 32.796950630140259, 1.533701241151209 ], [ 32.815828322127267, 1.546369040912418 ], [ 32.838303286569079, 1.545466162047542 ], [ 32.857181786801185, 1.551800577059765 ], [ 32.859878904304203, 1.549991314561578 ], [ 32.874261707621002, 1.569896116742484 ], [ 32.882352879807648, 1.568087145264921 ], [ 32.885050442919351, 1.558135345481879 ], [ 32.902131632166409, 1.555422043545411 ], [ 32.910221808739031, 1.575326321848396 ], [ 32.914717011765461, 1.57170761779106 ], [ 32.913817779139478, 1.57713592154669 ], [ 32.918312804204071, 1.578040827493025 ], [ 32.916515138928524, 1.568993520144579 ], [ 32.923707502565165, 1.560851282387612 ], [ 32.932697556346689, 1.560851591195249 ], [ 32.93988944617233, 1.566280155027499 ], [ 32.94977887696492, 1.551804828220099 ], [ 32.960566917482012, 1.55090033375106 ], [ 32.965960840742987, 1.556328775134299 ], [ 32.965960768108204, 1.5608523975737 ], [ 32.959667657784671, 1.56447118316726 ], [ 32.964162540962299, 1.573518509064635 ], [ 32.956970302093787, 1.580756166125103 ], [ 32.956970208834676, 1.585279787022554 ], [ 32.961465240189526, 1.587994048694845 ], [ 32.974950558210267, 1.58347063574458 ], [ 32.976748700128198, 1.573518688410461 ], [ 32.983940812366853, 1.570804583104511 ], [ 32.986637894859051, 1.56266208122612 ], [ 32.994728951962927, 1.564471566535847 ], [ 32.993829965434742, 1.557233767079206 ], [ 32.985738973109633, 1.549995930320741 ], [ 32.983042040486609, 1.540948663105941 ], [ 32.995628015287792, 1.537329827256232 ], [ 33.015406002527918, 1.547281748147751 ], [ 33.012709060974174, 1.557233737616414 ], [ 33.017204186713684, 1.569899849429818 ], [ 33.02529519967684, 1.5635666952695 ], [ 33.030689268783028, 1.565376071839883 ], [ 33.030689546702924, 1.584375283751288 ], [ 33.037881543470057, 1.577137369944789 ], [ 33.044174614066769, 1.576232520909299 ], [ 33.047771036561244, 1.592517474977893 ], [ 33.05496331105055, 1.59704091421468 ], [ 33.061256272108118, 1.59070766846125 ], [ 33.068448448413093, 1.591612164760093 ], [ 33.070246915964795, 1.604278234616761 ], [ 33.081934371963968, 1.60789669053465 ], [ 33.081035525150654, 1.612420343066441 ], [ 33.064853056698638, 1.613325650040827 ], [ 33.063954169982502, 1.617849296576374 ], [ 33.076540692581737, 1.620563028046617 ], [ 33.083733238884328, 1.627800526548523 ], [ 33.080137676115037, 1.642276242875565 ], [ 33.06934934264072, 1.646800264868578 ], [ 33.072945943388419, 1.658561535696508 ], [ 33.081037045585568, 1.650418713043541 ], [ 33.090027609856563, 1.653132492147371 ], [ 33.090927067896345, 1.66217967713605 ], [ 33.082835849161597, 1.667608371772729 ], [ 33.082836152427589, 1.674846153296469 ], [ 33.088230767794549, 1.681178973945428 ], [ 33.090927941967216, 1.681178849450615 ], [ 33.088230362712757, 1.672131748823635 ], [ 33.093624429294898, 1.666703162787822 ], [ 33.101715844173306, 1.66579803682258 ], [ 33.107110392731428, 1.670321359657176 ], [ 33.112504605173541, 1.668511612606613 ], [ 33.115201339826669, 1.661273680690627 ], [ 33.114301566358925, 1.648607625504492 ], [ 33.11879640435486, 1.642274307324057 ], [ 33.104411485450832, 1.636846780888853 ], [ 33.098117870251059, 1.629609319380517 ], [ 33.105309677694805, 1.620561728736739 ], [ 33.116997122600843, 1.621465805663382 ], [ 33.110703272126543, 1.609704769923246 ], [ 33.115197943311848, 1.601562017853414 ], [ 33.120592073442033, 1.601561705673823 ], [ 33.124188596281122, 1.608799266430025 ], [ 33.132280050117224, 1.612417641854222 ], [ 33.129583949421082, 1.627798086608809 ], [ 33.137675304827482, 1.628702268555893 ], [ 33.143070269948133, 1.639558544263858 ], [ 33.161950268378128, 1.642271258151003 ], [ 33.172737791810576, 1.631413711581492 ], [ 33.180829488104933, 1.635936593575953 ], [ 33.179931667892824, 1.649507466075862 ], [ 33.184427369706668, 1.654935366636082 ], [ 33.17813496129817, 1.664887858109522 ], [ 33.184428460063174, 1.666696713893163 ], [ 33.186226981263282, 1.671220137925141 ], [ 33.182631283810572, 1.676648791594664 ], [ 33.186228608831833, 1.688409794206482 ], [ 33.181734162244794, 1.697457410777983 ], [ 33.189826515250459, 1.705599093954933 ], [ 33.198816889001378, 1.702884027122847 ], [ 33.196118967602786, 1.695646560738078 ], [ 33.202410706380483, 1.679360988466014 ], [ 33.20151017740222, 1.664885593909993 ], [ 33.210499965871499, 1.658551625741763 ], [ 33.215894319643112, 1.659455758414956 ], [ 33.225785023064148, 1.670311247143692 ], [ 33.240172535457546, 1.692927420052867 ], [ 33.241970424326055, 1.691117764483453 ], [ 33.256357094774536, 1.704686620906868 ], [ 33.262650642374773, 1.705590481383345 ], [ 33.264446551513871, 1.689305387116663 ], [ 33.245565399256982, 1.681165443582341 ], [ 33.243766066698818, 1.671213801382515 ], [ 33.25635107449429, 1.658546185030161 ], [ 33.24915807608668, 1.653118818112816 ], [ 33.249157400484648, 1.647690526782434 ], [ 33.255449612307054, 1.639547291318621 ], [ 33.271632044372694, 1.638640434459501 ], [ 33.275228905145298, 1.644068221049647 ], [ 33.283320189739207, 1.644067082366058 ], [ 33.295008788966179, 1.65220778539127 ], [ 33.293211517996795, 1.657636324387909 ], [ 33.278828064809034, 1.665780831214738 ], [ 33.278828574096799, 1.669399682778026 ], [ 33.28871817572049, 1.670302958943988 ], [ 33.292315552210098, 1.678444829928749 ], [ 33.304902752028909, 1.682061739077467 ], [ 33.308498087245972, 1.676632908268849 ], [ 33.319285877331367, 1.672107620684071 ], [ 33.328276884932649, 1.675724963515389 ], [ 33.337270098196207, 1.692008166346156 ], [ 33.335472623515145, 1.695627311283566 ], [ 33.343562958145164, 1.689292934078338 ], [ 33.348958044460218, 1.69381549979918 ], [ 33.366936954691027, 1.682955700802303 ], [ 33.366938140617435, 1.689288634583149 ], [ 33.378626410343969, 1.692905193034687 ], [ 33.380425382663987, 1.697428355664153 ], [ 33.39391088911497, 1.696520937435957 ], [ 33.395711191586493, 1.707376987906204 ], [ 33.392116461902752, 1.714615344731446 ], [ 33.40200698852901, 1.719136785140885 ], [ 33.399314555115325, 1.741754878668153 ], [ 33.402014444980011, 1.754420108725501 ], [ 33.416403389519495, 1.771606219197223 ], [ 33.422697546830697, 1.774318879198701 ], [ 33.426296352390352, 1.785174417799591 ], [ 33.440684045543271, 1.795122657273795 ], [ 33.437985281739067, 1.788790438091013 ], [ 33.439781728683542, 1.781552439660244 ], [ 33.442478320464012, 1.778837703679592 ], [ 33.455964702371922, 1.779739094639022 ], [ 33.458661039386705, 1.776119648072271 ], [ 33.455063413251203, 1.770692378786567 ], [ 33.447870828399985, 1.770694140990365 ], [ 33.44697088876935, 1.767075579297643 ], [ 33.442476385087879, 1.770695444220683 ], [ 33.433485427340003, 1.769792884548084 ], [ 33.421795202805164, 1.759843916837339 ], [ 33.422692647983489, 1.752606127673916 ], [ 33.440671244668252, 1.740840910369581 ], [ 33.439771346758384, 1.737222336843157 ], [ 33.426285658921962, 1.738130143954485 ], [ 33.425385385366923, 1.732702160294314 ], [ 33.437071063967181, 1.723652517681602 ], [ 33.429877627315825, 1.719130677042646 ], [ 33.430775261608062, 1.712797590829236 ], [ 33.441562385028874, 1.706462246914921 ], [ 33.430772243025771, 1.699227127203922 ], [ 33.432568119059084, 1.689275050789 ], [ 33.422679095965755, 1.691086637721734 ], [ 33.417283894739931, 1.686564315330682 ], [ 33.415483714799478, 1.676613006763527 ], [ 33.421775978340605, 1.672088158251066 ], [ 33.435261623177361, 1.672989894010108 ], [ 33.456842714888779, 1.691983545256061 ], [ 33.461337890224243, 1.691982475050934 ], [ 33.468528431914621, 1.684743196683813 ], [ 33.455941152692276, 1.681127422099983 ], [ 33.445149311118819, 1.665750092378265 ], [ 33.451441453978113, 1.661225174786955 ], [ 33.456836207858522, 1.663938011791795 ], [ 33.475715006298138, 1.66121944524659 ], [ 33.478410975812828, 1.656695330090479 ], [ 33.473913961726083, 1.648554183041723 ], [ 33.48380027322591, 1.636790801588791 ], [ 33.483799190553292, 1.632267344049069 ], [ 33.473910553877012, 1.634079098881366 ], [ 33.460428539495148, 1.647652671893368 ], [ 33.448740731231538, 1.64494126714682 ], [ 33.434359226632516, 1.657610236547664 ], [ 33.427166656045415, 1.655802413667402 ], [ 33.424468435272672, 1.65037480363381 ], [ 33.418175290160633, 1.650376144858908 ], [ 33.413678133175111, 1.640425389079078 ], [ 33.412780416383178, 1.646758477682343 ], [ 33.408284579045578, 1.6431406060889 ], [ 33.405588801522583, 1.649474066195293 ], [ 33.399296185725646, 1.65218945175745 ], [ 33.384010685034561, 1.641336042072745 ], [ 33.37412145024895, 1.641337927950999 ], [ 33.370524198626306, 1.63500566722941 ], [ 33.363333835227301, 1.644958751510469 ], [ 33.35704114387422, 1.647674012922103 ], [ 33.336363058432731, 1.64496350886297 ], [ 33.323775796270326, 1.639537347261971 ], [ 33.318379787942959, 1.627776988601528 ], [ 33.319277389911356, 1.618729746210833 ], [ 33.328265383273269, 1.6051576635399 ], [ 33.32197273396433, 1.607872799713991 ], [ 33.315681320984126, 1.618730312659887 ], [ 33.302196722137694, 1.623255936857987 ], [ 33.277923141135958, 1.623259439937087 ], [ 33.268931958799485, 1.616022950351941 ], [ 33.255446651944141, 1.616024701673284 ], [ 33.232069334989305, 1.591600170816243 ], [ 33.221280707171111, 1.587077775856371 ], [ 33.212288764155552, 1.568984359373042 ], [ 33.208692750375484, 1.568984723394986 ], [ 33.203299691957007, 1.578937164367953 ], [ 33.195209039475593, 1.583461540441114 ], [ 33.186217406251629, 1.566272698356895 ], [ 33.186216768817303, 1.559034939932877 ], [ 33.17632843937686, 1.567178279237879 ], [ 33.165540382338584, 1.567179165058139 ], [ 33.161944223084831, 1.565370006020083 ], [ 33.165539532847127, 1.556322515220784 ], [ 33.161942911471783, 1.548180306525273 ], [ 33.142165146572466, 1.550895899411546 ], [ 33.134972296744124, 1.537325539485875 ], [ 33.13497184328746, 1.530087760811945 ], [ 33.142163232712484, 1.521944794307242 ], [ 33.13856653669928, 1.510183639272439 ], [ 33.120587485153003, 1.521041393703029 ], [ 33.108900059244242, 1.509280615081143 ], [ 33.103506633353561, 1.519232839032649 ], [ 33.098112750682738, 1.520137815897175 ], [ 33.097213279140796, 1.509281172280275 ], [ 33.090920021214586, 1.500234206558572 ], [ 33.090919352593211, 1.483949173425325 ], [ 33.099908718034754, 1.475806267925491 ], [ 33.111595455822886, 1.478519879646222 ], [ 33.11609068402899, 1.485757435109144 ], [ 33.129574751760757, 1.47670945105371 ], [ 33.146655156809075, 1.476708383198927 ], [ 33.150250303587207, 1.46585147457688 ], [ 33.156542610826783, 1.459517986484775 ], [ 33.161037415712492, 1.459517667164398 ], [ 33.166431646843378, 1.465850323301466 ], [ 33.165533149747588, 1.472183441530566 ], [ 33.178117950014098, 1.46313525555317 ], [ 33.184411346307343, 1.471277230229646 ], [ 33.18261371193605, 1.47489626199106 ], [ 33.187109375335403, 1.484847811315193 ], [ 33.197897009202023, 1.484846866116683 ], [ 33.203291154519434, 1.488465251740644 ], [ 33.204190959588892, 1.497512362356881 ], [ 33.220372212140674, 1.494796630240576 ], [ 33.21317947832371, 1.484845436416571 ], [ 33.214077752028864, 1.477607597474591 ], [ 33.218572224886316, 1.473988282198859 ], [ 33.235653382387888, 1.482128988078647 ], [ 33.240149482870294, 1.493889826418756 ], [ 33.246441669851464, 1.488460824578875 ], [ 33.257230223752067, 1.49660202929416 ], [ 33.27880469268537, 1.490266375606089 ], [ 33.276107007156376, 1.483933714702227 ], [ 33.27970263433189, 1.482123831278644 ], [ 33.27251059894072, 1.479410588414129 ], [ 33.272510157927854, 1.475791728306761 ], [ 33.265318470066354, 1.475792603191849 ], [ 33.263520973903624, 1.479411681038607 ], [ 33.253632070882084, 1.476698691394998 ], [ 33.255428249051285, 1.46131830633209 ], [ 33.250933467388847, 1.461318816095724 ], [ 33.246439574099547, 1.469461769837791 ], [ 33.237449779685242, 1.467653314385569 ], [ 33.234752240722806, 1.461320576312928 ], [ 33.234751584638701, 1.454987551420229 ], [ 33.240144645706536, 1.44865395743765 ], [ 33.237447224773227, 1.443225936838707 ], [ 33.216770840943134, 1.43779969959024 ], [ 33.215873343976412, 1.453180010401175 ], [ 33.208682030684294, 1.456799568330108 ], [ 33.199690713998663, 1.436896547022134 ], [ 33.188902938956197, 1.432373866604413 ], [ 33.184407688946912, 1.426041187979057 ], [ 33.174519069120272, 1.423327799153068 ], [ 33.173619785260165, 1.418804259424827 ], [ 33.156540017575693, 1.421519652894932 ], [ 33.154742487197161, 1.426948109443785 ], [ 33.145752660645712, 1.421520363385811 ], [ 33.147550209917704, 1.416091911813951 ], [ 33.152045049762556, 1.417901064752082 ], [ 33.154741285684644, 1.408853659741123 ], [ 33.164629321515257, 1.404329367115587 ], [ 33.169123433510961, 1.396186546430648 ], [ 33.175416656591175, 1.405233299195982 ], [ 33.20238519770426, 1.409754705752939 ], [ 33.201486882082698, 1.416992545886365 ], [ 33.205981432807114, 1.415182708249333 ], [ 33.208678014031648, 1.412468306293917 ], [ 33.208677772150388, 1.409754146836508 ], [ 33.205082174054368, 1.411563908370739 ], [ 33.205980716540921, 1.40704022848107 ], [ 33.2149694345241, 1.399801656323201 ], [ 33.202384186377273, 1.397993342706653 ], [ 33.199686847637771, 1.391660531864575 ], [ 33.216765653258406, 1.38170709979616 ], [ 33.22305823166554, 1.382611232851212 ], [ 33.227553647853533, 1.390753273433892 ], [ 33.236542322453367, 1.384419356155674 ], [ 33.243734019502291, 1.387132776697187 ], [ 33.248229416109275, 1.394370046326965 ], [ 33.239240563819017, 1.398894573023036 ], [ 33.237443244455804, 1.404323065456482 ], [ 33.24643268805611, 1.40522684667837 ] ], [ [ 32.358224292208398, 1.631318196419964 ], [ 32.35912355839482, 1.630413817670009 ], [ 32.359123272202972, 1.63131848470427 ], [ 32.358224292208398, 1.631318196419964 ] ], [ [ 33.026199629980503, 1.952597440253542 ], [ 33.02530040965565, 1.950788012620597 ], [ 33.026199601973929, 1.950787998779427 ], [ 33.026199629980503, 1.952597440253542 ] ], [ [ 32.56141046096176, 1.569853639006061 ], [ 32.559611356588043, 1.575281444512704 ], [ 32.564104588962365, 1.583424678448263 ], [ 32.558711418038214, 1.579804740502256 ], [ 32.554219744934159, 1.564423926699115 ], [ 32.548826058850238, 1.563518070333378 ], [ 32.546131638379919, 1.551756436399838 ], [ 32.552424077454766, 1.553567179319751 ], [ 32.560516352565848, 1.546331304763086 ], [ 32.568606568450669, 1.549047071424088 ], [ 32.565009002653255, 1.55718861780869 ], [ 32.571298916204519, 1.571665100577449 ], [ 32.565005459193365, 1.574377886215516 ], [ 32.56141046096176, 1.569853639006061 ] ] ], [ [ [ 32.822117933581794, 1.586177269346221 ], [ 32.819420817615899, 1.587081754209907 ], [ 32.821218765645021, 1.587986631333452 ], [ 32.822117933581794, 1.586177269346221 ] ] ], [ [ [ 32.248539499958596, 1.659324006279706 ], [ 32.198192648430521, 1.671064369832432 ], [ 32.164034380223363, 1.665622281212085 ], [ 32.163130829524945, 1.676477415221551 ], [ 32.183804347096874, 1.682818615005495 ], [ 32.218865332934847, 1.680119141490091 ], [ 32.250332656283682, 1.67198973287823 ], [ 32.268312578032955, 1.671091908320727 ], [ 32.269213895208416, 1.664759697914735 ], [ 32.274608427853785, 1.662952400428768 ], [ 32.248539499958596, 1.659324006279706 ] ] ], [ [ [ 31.76309953009568, 3.536821744361896 ], [ 31.760406234602463, 3.53139122392495 ], [ 31.767614682485327, 3.525973922390708 ], [ 31.770329396158989, 3.515123660062456 ], [ 31.760440897606085, 3.50516118727204 ], [ 31.742441868729131, 3.502423648469505 ], [ 31.729816900936154, 3.519591578606086 ], [ 31.722624417346317, 3.513250405532858 ], [ 31.718121300653127, 3.515053153842771 ], [ 31.721719361378067, 3.516867051488221 ], [ 31.719014021143824, 3.520481211624158 ], [ 31.73251120192225, 3.524117639351493 ], [ 31.734306598486835, 3.527737997022435 ], [ 31.737014365969607, 3.522314827386288 ], [ 31.738808563191018, 3.526839657887558 ], [ 31.736104451083374, 3.529549405283951 ], [ 31.749601905726688, 3.533185654706238 ], [ 31.754990792928872, 3.542237756555432 ], [ 31.757698533645975, 3.536814500091876 ], [ 31.76309953009568, 3.536821744361896 ] ], [ [ 31.723522088986137, 3.515060583433163 ], [ 31.722618263590874, 3.517772759928391 ], [ 31.722621956800005, 3.51505934734501 ], [ 31.723522088986137, 3.515060583433163 ] ] ], [ [ [ 31.842308656800377, 3.542351434434582 ], [ 31.853122180544506, 3.533319780443407 ], [ 31.853133272668661, 3.524274635400183 ], [ 31.838731478229409, 3.523352203867568 ], [ 31.833342784117011, 3.513395835485468 ], [ 31.826141451154836, 3.513386777026919 ], [ 31.818030859460237, 3.520612546854204 ], [ 31.823420515696114, 3.529664457095308 ], [ 31.821614452399, 3.534184689371005 ], [ 31.817116972271421, 3.53146543551413 ], [ 31.818001106952067, 3.544129627262231 ], [ 31.842308656800377, 3.542351434434582 ] ] ], [ [ [ 31.899909107273263, 3.55327626114098 ], [ 31.907119438583589, 3.546048597946197 ], [ 31.91792632952583, 3.542443204908455 ], [ 31.91613114447015, 3.537918422995222 ], [ 31.893630091445925, 3.534273639918733 ], [ 31.893636516735899, 3.528846477258478 ], [ 31.886435990123232, 3.527933322758522 ], [ 31.889139807879882, 3.525222987088723 ], [ 31.88644459513468, 3.52069712246871 ], [ 31.874741043189179, 3.521587534273579 ], [ 31.863930017459626, 3.528810519702084 ], [ 31.870217141932603, 3.540576983877013 ], [ 31.879224646772936, 3.536065343352166 ], [ 31.875618380730227, 3.540583577668024 ], [ 31.887322178984959, 3.539693230868238 ], [ 31.898119371230106, 3.544228824930769 ], [ 31.897213793933773, 3.548750388573012 ], [ 31.880111806761061, 3.546920707252552 ], [ 31.888204012851602, 3.555071242346815 ], [ 31.899909107273263, 3.55327626114098 ] ] ], [ [ [ 33.611218069679623, 0.293311074290403 ], [ 33.613015290173216, 0.292406296330243 ], [ 33.611217971828466, 0.291501715676873 ], [ 33.611218069679623, 0.293311074290403 ] ] ], [ [ [ 33.8583778767414, 0.637958212720568 ], [ 33.872752310438614, 0.616244787172894 ], [ 33.866461517641739, 0.61353194241703 ], [ 33.864663117307622, 0.606295222120604 ], [ 33.858372333678268, 0.603582345307111 ], [ 33.852979055778583, 0.593632275384615 ], [ 33.848486079101257, 0.594537601781029 ], [ 33.848487050922429, 0.60087001534569 ], [ 33.854778407603959, 0.607201431213199 ], [ 33.855678464622692, 0.616247575727883 ], [ 33.851186055132082, 0.620771449418458 ], [ 33.843996886614761, 0.619867977932965 ], [ 33.843099698775667, 0.628914438863764 ], [ 33.851189288426433, 0.640673304140073 ], [ 33.8583778767414, 0.637958212720568 ] ] ], [ [ [ 33.680537039838285, 1.138264681571013 ], [ 33.692219109294221, 1.129215269286526 ], [ 33.705701914532511, 1.133735300464992 ], [ 33.704800954605382, 1.124688931497617 ], [ 33.710192747927266, 1.121068984194862 ], [ 33.709292668657781, 1.115641254756885 ], [ 33.701204332879996, 1.118357185271142 ], [ 33.688621015711874, 1.116550859302464 ], [ 33.687723078982252, 1.120169720235495 ], [ 33.681431822513659, 1.121075862956977 ], [ 33.676038300882517, 1.117458463068429 ], [ 33.676036857207102, 1.111125811336662 ], [ 33.669746211863398, 1.114745916456162 ], [ 33.660757177476675, 1.10931995578477 ], [ 33.656263664797216, 1.111130298738235 ], [ 33.65626789307818, 1.130128329848338 ], [ 33.664356372164441, 1.127412479223775 ], [ 33.669750125487745, 1.131934563829381 ], [ 33.676940417451164, 1.131932883542491 ], [ 33.680537039838285, 1.138264681571013 ] ] ], [ [ [ 33.458531182960989, 1.13288061693543 ], [ 33.452240987843041, 1.142833305677093 ], [ 33.443252879339511, 1.143739416291363 ], [ 33.440557509306664, 1.150977440551405 ], [ 33.453141664627815, 1.154594253137342 ], [ 33.454041067312154, 1.158212905098116 ], [ 33.446851713444303, 1.166356354645533 ], [ 33.451347029787854, 1.173593227478827 ], [ 33.449550375482502, 1.179926415354752 ], [ 33.463032607190627, 1.178114794303607 ], [ 33.46752737960378, 1.181732827800311 ], [ 33.468427277812665, 1.188065554718065 ], [ 33.461237183526329, 1.191685563961086 ], [ 33.461237786391294, 1.195304355624289 ], [ 33.469327954520438, 1.198921763666312 ], [ 33.472025561043118, 1.205254172381921 ], [ 33.460341524164896, 1.210684372852113 ], [ 33.453152875502518, 1.223351374914265 ], [ 33.437872703574612, 1.225163329426958 ], [ 33.432478285662476, 1.217021899301993 ], [ 33.425286913146017, 1.213404241235215 ], [ 33.43158058909188, 1.224259655456748 ], [ 33.430682459277264, 1.228783308284993 ], [ 33.426188328808891, 1.229688735656489 ], [ 33.418997059926276, 1.22697577276118 ], [ 33.410006856455993, 1.216120727239134 ], [ 33.404614008078688, 1.217930955370503 ], [ 33.409109233770195, 1.224263200777246 ], [ 33.406414034105019, 1.233310656261758 ], [ 33.411807742304454, 1.236928636496356 ], [ 33.410011556771998, 1.24688065821517 ], [ 33.418101891425557, 1.250498188989291 ], [ 33.42259765877985, 1.259544487092364 ], [ 33.42259897463596, 1.267686806682547 ], [ 33.412711843121642, 1.270402521464616 ], [ 33.421700839043979, 1.272210465342482 ], [ 33.426196529806553, 1.280352037173379 ], [ 33.423500357252777, 1.283066592697307 ], [ 33.426198933805836, 1.294827262511492 ], [ 33.432490157172147, 1.289397985324202 ], [ 33.43968162035717, 1.292110845553166 ], [ 33.439680843980327, 1.287587345813419 ], [ 33.445073300236587, 1.283062907435885 ], [ 33.45496167858758, 1.287584647601769 ], [ 33.454960878050187, 1.283061157182726 ], [ 33.446870102750118, 1.277634397280315 ], [ 33.46394746425937, 1.271298471729393 ], [ 33.454058055331281, 1.260443860552158 ], [ 33.455854212362155, 1.251396562725955 ], [ 33.466641313819345, 1.255918138067761 ], [ 33.474729091823754, 1.245060322611081 ], [ 33.484616318957976, 1.244153817763982 ], [ 33.487311718035144, 1.237820458767755 ], [ 33.493603667733403, 1.23781928767738 ], [ 33.490005299130409, 1.221535468929227 ], [ 33.481915049354122, 1.217918161047359 ], [ 33.489105312417585, 1.215202775193239 ], [ 33.490901857047973, 1.208869589893612 ], [ 33.498991249373482, 1.207963413170601 ], [ 33.492698886023646, 1.205250487576954 ], [ 33.494495911719689, 1.201631385935295 ], [ 33.486405093822867, 1.194395290973449 ], [ 33.48550530719465, 1.1889672824794 ], [ 33.493593052742938, 1.179014208267632 ], [ 33.491792867681191, 1.164539424136567 ], [ 33.500779371066876, 1.154586210018276 ], [ 33.500778581114865, 1.150062745488438 ], [ 33.496284167047889, 1.148254148384308 ], [ 33.489094681617132, 1.154588257207458 ], [ 33.481005117207104, 1.153684950595249 ], [ 33.484597675936563, 1.137399823720448 ], [ 33.473811552831684, 1.135592232832232 ], [ 33.476505800855257, 1.122021341567307 ], [ 33.472909238587683, 1.113879656712675 ], [ 33.463921247834769, 1.114785792628084 ], [ 33.466614304880032, 1.093072616801384 ], [ 33.471107355475674, 1.086739029583532 ], [ 33.464815996142192, 1.08854940684685 ], [ 33.457626775680204, 1.096692804825028 ], [ 33.457628849510833, 1.110263289043472 ], [ 33.447741758016974, 1.109360112442157 ], [ 33.444147175104256, 1.113884160688262 ], [ 33.446845266680029, 1.124740152883862 ], [ 33.458531182960989, 1.13288061693543 ] ] ], [ [ [ 33.623932086792273, 1.22331688024704 ], [ 33.631120362912931, 1.213363795817827 ], [ 33.643704684959062, 1.216979491226074 ], [ 33.649994686909615, 1.209740623237382 ], [ 33.632914658682957, 1.198888624787949 ], [ 33.634710419702685, 1.190746162193987 ], [ 33.631114964620267, 1.189842320721658 ], [ 33.614038905488741, 1.196178925153599 ], [ 33.605052913070516, 1.206132376921301 ], [ 33.60505471736824, 1.214274465703799 ], [ 33.618537278109081, 1.215176069155591 ], [ 33.623932086792273, 1.22331688024704 ] ] ], [ [ [ 33.036077940578217, 1.210723460412514 ], [ 33.036976802229525, 1.209818721098402 ], [ 33.036077928623335, 1.209818733276482 ], [ 33.036077940578217, 1.210723460412514 ] ] ], [ [ [ 33.046864442313449, 1.211628021378389 ], [ 33.044167878707945, 1.21524697507011 ], [ 33.045066754014073, 1.215246960128141 ], [ 33.046864442313449, 1.211628021378389 ] ] ], [ [ [ 33.344400652408076, 1.294839773341469 ], [ 33.362377210546164, 1.28669487453575 ], [ 33.356084409670402, 1.282172220082853 ], [ 33.356083412459277, 1.274934546029419 ], [ 33.364171668780934, 1.263172196597942 ], [ 33.36956516369888, 1.264980846372807 ], [ 33.372260755392638, 1.257742796536585 ], [ 33.369563254053404, 1.251410225735086 ], [ 33.360573820973244, 1.245983230574476 ], [ 33.357877461072988, 1.247793019204253 ], [ 33.358777930801722, 1.259554115121296 ], [ 33.341703146890644, 1.288507166676964 ], [ 33.344400652408076, 1.294839773341469 ] ] ], [ [ [ 33.644622565680493, 1.294780840208577 ], [ 33.659002208714988, 1.287539787075652 ], [ 33.659001049207312, 1.283016454309472 ], [ 33.655403856254196, 1.275780045737601 ], [ 33.642818332863662, 1.26854588404606 ], [ 33.642819899595374, 1.274878571047353 ], [ 33.631137414257459, 1.284832867552256 ], [ 33.631138526311169, 1.28935622518783 ], [ 33.644622565680493, 1.294780840208577 ] ] ], [ [ [ 33.542155709879381, 1.306565893421459 ], [ 33.538560435973601, 1.307471358045466 ], [ 33.537660607967098, 1.302948119157593 ], [ 33.54754656506401, 1.295708495253135 ], [ 33.55023985092943, 1.280328266066239 ], [ 33.560126669556091, 1.277612061442411 ], [ 33.560124911784996, 1.269469911217905 ], [ 33.552035634242245, 1.27128103125952 ], [ 33.543948046758651, 1.281234303024424 ], [ 33.534960407957676, 1.285759643218637 ], [ 33.531366467090166, 1.292997899654482 ], [ 33.521479148766971, 1.293904651934037 ], [ 33.512489405855241, 1.288478353365938 ], [ 33.505299380121237, 1.293003255585971 ], [ 33.506198785147362, 1.295717148944733 ], [ 33.514288225106021, 1.293906129184698 ], [ 33.519681971515844, 1.296619090956254 ], [ 33.518784397647941, 1.302952101995686 ], [ 33.529570621768045, 1.302045155743293 ], [ 33.530470435534902, 1.306568403698959 ], [ 33.534964200953368, 1.303853383815294 ], [ 33.532270273994243, 1.316519581449181 ], [ 33.525976658366766, 1.309283419402301 ], [ 33.515190212178197, 1.309285673299425 ], [ 33.504402845073948, 1.304764423760461 ], [ 33.50530117523143, 1.302050168494771 ], [ 33.500808434974061, 1.310193297687635 ], [ 33.499009081415807, 1.302051429721528 ], [ 33.492717861323328, 1.306576140067077 ], [ 33.473841322930937, 1.305675098683243 ], [ 33.479235604710112, 1.31110223856027 ], [ 33.487325142004366, 1.309291279736643 ], [ 33.49182075332191, 1.315623247884839 ], [ 33.499011943562778, 1.316526503038871 ], [ 33.503507961186116, 1.324667816147162 ], [ 33.517892074000457, 1.334616415354941 ], [ 33.517892642313981, 1.337330483025409 ], [ 33.513398235722903, 1.337331433163906 ], [ 33.521489505072402, 1.343662537652637 ], [ 33.521490465947842, 1.348185980807317 ], [ 33.515199224133468, 1.352710776325279 ], [ 33.517900135550512, 1.37261335719267 ], [ 33.531384731616107, 1.378038502339674 ], [ 33.532282623108948, 1.373514866239401 ], [ 33.546662628969479, 1.363560067213978 ], [ 33.552056563928694, 1.36627288049419 ], [ 33.557452183300605, 1.376223140956759 ], [ 33.56913581051527, 1.368078232835614 ], [ 33.575428215104751, 1.368981402861916 ], [ 33.57902461915539, 1.372599250486936 ], [ 33.57992700936159, 1.387073902455341 ], [ 33.570041382195569, 1.396123129310419 ], [ 33.570042692164492, 1.401551214574913 ], [ 33.573638719990328, 1.403359691716775 ], [ 33.597007940572475, 1.395211717974281 ], [ 33.601503541247048, 1.399733944874543 ], [ 33.599707370787357, 1.40606714042444 ], [ 33.604199751746997, 1.397923896661452 ], [ 33.583520359513344, 1.378026224594715 ], [ 33.593407649937127, 1.37621441198939 ], [ 33.581720835822317, 1.370789233488459 ], [ 33.588911017423214, 1.367168752417994 ], [ 33.586211315469107, 1.354503916467388 ], [ 33.582615590755665, 1.353600109798379 ], [ 33.582614082821344, 1.347267355152613 ], [ 33.573623639308202, 1.340032055661875 ], [ 33.574521881104396, 1.337317801810781 ], [ 33.570926390099899, 1.337318646050402 ], [ 33.570029191257717, 1.344556306829143 ], [ 33.564633449548474, 1.333701381887577 ], [ 33.570025851775625, 1.330081405304958 ], [ 33.583509958303388, 1.334601630433783 ], [ 33.596992338808143, 1.331884343251777 ], [ 33.597889249336077, 1.323742031867492 ], [ 33.594292074617115, 1.316505481213904 ], [ 33.604177158628453, 1.306551654201688 ], [ 33.60867274881906, 1.311978613901964 ], [ 33.6077754229077, 1.318311561181132 ], [ 33.623959416782498, 1.336400983723635 ], [ 33.641039214169517, 1.341824574524717 ], [ 33.644632069297167, 1.331872267191752 ], [ 33.642831550040682, 1.321016709604883 ], [ 33.653617091352679, 1.318299876099752 ], [ 33.649122594072757, 1.31739639112995 ], [ 33.652716593870394, 1.311967441007093 ], [ 33.659908339000012, 1.315584207511381 ], [ 33.665300957677196, 1.313773435861102 ], [ 33.660805290082727, 1.3083466398635 ], [ 33.632038489710865, 1.293879357468017 ], [ 33.615858123182143, 1.289359991227519 ], [ 33.60327465483649, 1.291172375932145 ], [ 33.600579590096295, 1.297505755315738 ], [ 33.604176295307177, 1.302932950118305 ], [ 33.590693449063671, 1.302936167713614 ], [ 33.578106556276346, 1.290273580328899 ], [ 33.571814365253715, 1.289370329944 ], [ 33.566422832285404, 1.296609001110467 ], [ 33.56372987907438, 1.312893893152334 ], [ 33.553842949630919, 1.315610169065307 ], [ 33.542155709879381, 1.306565893421459 ] ] ], [ [ [ 33.495423312678625, 1.350905535737539 ], [ 33.497219075077865, 1.340953553544034 ], [ 33.491823603491461, 1.330098335429923 ], [ 33.476543287146626, 1.333720132229031 ], [ 33.460362995855753, 1.331913837196227 ], [ 33.466657422649654, 1.343673697038587 ], [ 33.471151180114539, 1.340054046555298 ], [ 33.477443571008557, 1.34095751530806 ], [ 33.482839210763736, 1.352717472889384 ], [ 33.495423312678625, 1.350905535737539 ] ] ], [ [ [ 33.685090418092756, 1.367143074268583 ], [ 33.715647969735286, 1.35446893052022 ], [ 33.720143573308476, 1.358990862449609 ], [ 33.728233255915171, 1.358988421661322 ], [ 33.735426267579136, 1.366223438816897 ], [ 33.74171740988178, 1.363507542728273 ], [ 33.739915036622058, 1.348129043724813 ], [ 33.744407895043182, 1.343604417757968 ], [ 33.754295999748251, 1.346315308173718 ], [ 33.755193730478339, 1.342696439162606 ], [ 33.748001621393946, 1.338175419969536 ], [ 33.747100324107578, 1.330033854496091 ], [ 33.731821914864852, 1.336371026911703 ], [ 33.708448817438153, 1.325522039861582 ], [ 33.689572544127408, 1.323718080601517 ], [ 33.683282843068646, 1.331861788839906 ], [ 33.693175290442184, 1.349952205158995 ], [ 33.692277972331276, 1.355380421794847 ], [ 33.68508760749733, 1.357191801882137 ], [ 33.683291157699252, 1.36171562108403 ], [ 33.685090418092756, 1.367143074268583 ] ] ], [ [ [ 33.388459203104148, 1.378970977299855 ], [ 33.389358262665063, 1.379875534589281 ], [ 33.389358115608665, 1.378970829515187 ], [ 33.388459203104148, 1.378970977299855 ] ] ], [ [ [ 33.399248266816706, 1.391635036602175 ], [ 33.403742231786708, 1.388015453112904 ], [ 33.419922672536607, 1.388012617724155 ], [ 33.420821105615104, 1.385298352488753 ], [ 33.412730274144813, 1.381680974625283 ], [ 33.41452778228755, 1.379871255137352 ], [ 33.42261812786748, 1.380774524012954 ], [ 33.426213442614291, 1.378964476259144 ], [ 33.425313892762055, 1.375345833936491 ], [ 33.430707820276858, 1.378058961815578 ], [ 33.422614638185905, 1.360871093362241 ], [ 33.419019029394384, 1.360871724606513 ], [ 33.416323878118966, 1.369919216168262 ], [ 33.402841943615556, 1.379873275349859 ], [ 33.395651098744565, 1.382588602972624 ], [ 33.389358262665063, 1.379875534589281 ], [ 33.389359886657118, 1.389827289946444 ], [ 33.382168405845043, 1.388923766128682 ], [ 33.372281164625441, 1.394353595008643 ], [ 33.36868647121635, 1.40068711418456 ], [ 33.370486028331975, 1.411543311171539 ], [ 33.376778805071936, 1.413351706154983 ], [ 33.379473975518209, 1.403399499392401 ], [ 33.387563830083856, 1.400684049251803 ], [ 33.39385778909466, 1.409730037473566 ], [ 33.394758241301751, 1.418776926472003 ], [ 33.398353484802371, 1.41606219492223 ], [ 33.39835487886706, 1.424204528904284 ], [ 33.401051664602882, 1.424204058301205 ], [ 33.409139950880501, 1.412441493880768 ], [ 33.400149481128167, 1.405205439517728 ], [ 33.399248266816706, 1.391635036602175 ] ] ], [ [ [ 33.663581112131865, 1.581554601945853 ], [ 33.669872050219112, 1.57612459467089 ], [ 33.681558690091919, 1.577025439644724 ], [ 33.674363321542707, 1.565267197656548 ], [ 33.676158898762573, 1.558029325561264 ], [ 33.662674751968893, 1.558033636502164 ], [ 33.659980458755783, 1.566176466019993 ], [ 33.654587327694287, 1.567987498262054 ], [ 33.650095093869965, 1.576130900673189 ], [ 33.663581112131865, 1.581554601945853 ] ] ], [ [ [ 33.410981635528515, 1.643140049674193 ], [ 33.411880839521572, 1.6440445637504 ], [ 33.411880654152561, 1.643139863388573 ], [ 33.410981635528515, 1.643140049674193 ] ] ], [ [ [ 34.21375138921136, 1.664520094685793 ], [ 34.21464581849974, 1.657283385209767 ], [ 34.211948183039375, 1.655476007285256 ], [ 34.215541359194731, 1.651855717358093 ], [ 34.220036118327357, 1.652757463337391 ], [ 34.229914485637956, 1.638279102416977 ], [ 34.225417032835161, 1.632854779336237 ], [ 34.211032464836762, 1.627436425448127 ], [ 34.20114421599196, 1.625633326813488 ], [ 34.182271772181494, 1.631071717347164 ], [ 34.160698916322445, 1.6301798161004 ], [ 34.144525712159009, 1.641043642272235 ], [ 34.141832212993968, 1.646472451215772 ], [ 34.142735724535434, 1.654612817177744 ], [ 34.158932234628196, 1.683548568216591 ], [ 34.193088728919925, 1.682623312297551 ], [ 34.204764537778296, 1.667239207809879 ], [ 34.21375138921136, 1.664520094685793 ] ] ], [ [ [ 34.046568265252134, 1.679089654723933 ], [ 34.043876837326692, 1.689041401452077 ], [ 34.039382271324385, 1.689043825315582 ], [ 34.042071333628634, 1.674569205777656 ], [ 34.038470956999483, 1.66552538522454 ], [ 34.052853858145369, 1.666422277153391 ], [ 34.055545752612026, 1.65737513330588 ], [ 34.063638211568957, 1.661893612375954 ], [ 34.066331503547758, 1.655560187182879 ], [ 34.060935273173804, 1.650135692387071 ], [ 34.065423961907349, 1.639278478319753 ], [ 34.05643416330485, 1.637474132187372 ], [ 34.055537172715262, 1.64109288615329 ], [ 34.036660478706743, 1.641102819927274 ], [ 34.022280920199421, 1.646537741789392 ], [ 34.0150888019649, 1.644732277264935 ], [ 34.010591115971629, 1.63840249666425 ], [ 34.007886767132234, 1.623025950945498 ], [ 33.996201580064096, 1.623936363045206 ], [ 33.988108430940969, 1.617608238042699 ], [ 33.981816587634334, 1.618515901595887 ], [ 33.984500730855935, 1.592281482501691 ], [ 33.98000416469764, 1.587760681579491 ], [ 33.973712809274616, 1.589572858948365 ], [ 33.96472982204719, 1.602241437156729 ], [ 33.962033134153906, 1.602242713131248 ], [ 33.960231559288992, 1.594102194241396 ], [ 33.94764579056968, 1.591394261175327 ], [ 33.930572844123184, 1.604971148067611 ], [ 33.92877912532569, 1.614018015730069 ], [ 33.924284163380094, 1.613115470390504 ], [ 33.922491657364084, 1.624876170136757 ], [ 33.911703021878637, 1.621262662375658 ], [ 33.9009167940373, 1.623076743920709 ], [ 33.896419005462306, 1.6158418523708 ], [ 33.891924012752384, 1.6149392291878 ], [ 33.875750426458794, 1.631229427023254 ], [ 33.87575908450264, 1.651131012580975 ], [ 33.872164902483767, 1.65475107621606 ], [ 33.854186787818868, 1.656568192846757 ], [ 33.849697076397881, 1.668330243627419 ], [ 33.843405551576261, 1.671046842691451 ], [ 33.835313407589801, 1.667431813576208 ], [ 33.82812326130837, 1.671053384777993 ], [ 33.826324207506154, 1.66834025976678 ], [ 33.824528930380268, 1.674673423982454 ], [ 33.827231529939056, 1.688241709965676 ], [ 33.845212023031515, 1.690947803117957 ], [ 33.865895012567954, 1.706317164130359 ], [ 33.879373768354085, 1.693646384493274 ], [ 33.883868557054285, 1.693644327347705 ], [ 33.900056878841994, 1.709015221536482 ], [ 33.904550831535829, 1.70720387744626 ], [ 33.906345787506183, 1.700870759917859 ], [ 33.898248103854193, 1.685496170129459 ], [ 33.900943291162704, 1.681876473031091 ], [ 33.909933594380199, 1.683681494313735 ], [ 33.921611843854073, 1.666488461403118 ], [ 33.927005452045428, 1.666485914800083 ], [ 33.927907355473977, 1.672817718437417 ], [ 33.935101415416618, 1.678241897365964 ], [ 33.943186657261847, 1.667382786137156 ], [ 33.942283008752298, 1.657432613184969 ], [ 33.946775061895131, 1.652002859693741 ], [ 33.965655881532491, 1.659230474535389 ], [ 33.980937052144533, 1.658318319600231 ], [ 33.986333685587027, 1.664647744286432 ], [ 33.983641878484363, 1.674599583488891 ], [ 33.989037681354581, 1.679119792249285 ], [ 34.010614097569167, 1.683631599560166 ], [ 34.0178139321904, 1.699910270970876 ], [ 34.039397296926495, 1.717085603224532 ], [ 34.045696191816013, 1.728841579573302 ], [ 34.04749157625055, 1.724317727897569 ], [ 34.043893893168011, 1.720701427216805 ], [ 34.049286463666078, 1.718889309060035 ], [ 34.05288364873735, 1.721601026013156 ], [ 34.054677529238091, 1.714363475067138 ], [ 34.04657502706619, 1.69175365667914 ], [ 34.049267401036815, 1.683611054362258 ], [ 34.046568265252134, 1.679089654723933 ] ] ] ] } }
]
}
